94232944744	下达指示
942329464264	渣打银行
94233	乍得|扎德
9423348	乍得湖
9423364	下风|狭缝
9423364942	夏风夏
94234	一倍|一杯|一辈|下地|以北|以备|椅背|自卑|自备|衣被|西北|贻贝
9423423	西北侧
942342482694664	下底传中
9423426	炸掉
94234266426	下垫面
9423428	西北部
942342823	以备不测
9423428744	以备不时
942343	下跌
942343264	西北方
9423432983	西北大学
942343364	西北风
942343478	西北地区
94234426	自卑感
94234426486	下地干活
9423443	易北河
9423446649332983	西北工业大学
942345426	西北角|西北郊
9423458	西北局|西北麓
94234586	西北军
9423464	下定
942346426	西北面
9423464583946	下定决心
942346494	下定义
9423468	西北欧
9423478	西北区
94234926226	自备晚餐
94234926454	易被忘记
9423494	一辈子
9423494654	自卑心理
942349494	一悲一喜
9423498636	下地无门
94236	一本|译本|资本
9423624894664	一本初衷
942363	资本额
942364	一层
9423642364	一层层
9423647268426	一蹦三跳
94236482	资本化
94236542	资本家
94236546	资本金
94236586	资本论
9423664549464	资本密集型
942368	夏都
942368946	夏斗寅
94236924826	资本外逃
9423692654	一本万利
94236943645464	一本正经
9423694894	资本主义
94237	遐迩
942379366464	遐尔闻名|遐迩闻名
942379484	遐迩一体
94238	下毒|下浮|下肚|下腹|乍读
9423826	下端
942382698	下断语
942384	扎堆
942386	下堕
942387468	下毒手
9424	一壁|一次|一比|一笔|亿次|以次|以此|依次|喜爱|席次|系辞|细瓷|自此|自爱
94242	一茬|细察|自查|西庇阿
94242226286	一差半错
9424224	择菜
9424228946	疑诧不信
9424232634	一查到底
9424237286	一差二错
942423798	一差二误
942424	一次次|下海
94242426	摘抄|摘编
942424664426	以次充好
9424248	摘除
94242542643	一差两讹
942426	一产|一朝|一边|一遍|下疳|以便|仪表|吸潮|姨表|徙边|溪边|炸糕|自产|自便|自嘲|自编|蚁巢|西边|资产|遗产
9424262	一刹那
942426226	仪表板
9424263	资产额
942426326	一边倒
9424263264	西朝房
942426334326	一表非凡|仪表非凡
94242633478	一表非俗
94242634	遗产地
94242634649426	以产定销
9424263664	西朝东
94242638942458	资产负债率
9424264	一场|下岗|子长|字长|宜昌|异常|细长|西昌|轧钢
942426422443	一倡百和|一唱百和
94242642263826	一长半短
942426424264	一场场|轧钢厂
942426424854	异常处理
942426424866364	一场春梦
942426426543	西长安街
9424264373826	一长二短
9424264538464	喜唱乐听
9424264542643826	一长两短
94242645664	一场空
9424264726826	一倡三叹
9424264744	宜昌市|西昌市
9424264934542	以厂为家
94242649426	子长县|宜昌县
9424264943826	一长一短
9424264944	一长制
94242649443	一倡一和|一唱一和
9424264946643826	异常中断
9424264985464	一场虚惊
94242654264	自变量
942426543	易潮解
94242654354	资产阶级
942426636	西便门
942426726	仪表盘
942426736224	一表人才
942426742654	一朝千里
94242682648264	一表堂堂|仪表堂堂
942426842694	一朝天子
9424269426948	一鞭先著
942426943	资产者
94242694326	侠肝义胆
942426944336	一朝之忿
9424269444826	一朝之患
9424269494	一朝一夕
942426949426	自产自销
942428468	一笔不苟
9424294548	自查自纠
94243	一车|下河|下颌|惜别
9424324	窄带
9424324486	一笔带过
9424326	斋饭
9424326424364	一次方程
942433	摘得
942433866426	一别多年
942434	宅第|宅邸
94243426	摘掉
9424346494	以词定字
9424348	下颌骨
942435438	下个季度
942436	依臣|吸尘|扎根|洗尘
94243628326	一尘不到
94243628726	一尘不染
9424363426	自沉淀
9424364	一成|一程|宜城|已成|席城|戏称|缢蛏|翼城|自成|自称|西城|议程|译成
9424364282426	一成不变
94243642894	一成不易
942436432	依成法
9424364324736	以诚待人
942436454644826	自成景观
9424364744	宜城市
9424364746898	一逞兽欲
942436478	西城区
94243648494	自成体系
9424364934	自称为
942436494264324	以诚相待
9424364942645426	以诚相见
94243649443	自成一格
942436494542	自成一家
94243649458	一成一旅
94243649484	自成一体
942436498	子程序
942436669426	一尘莫沾
94243674	吸尘器
942436946	下狠心
942436948664	吸尘系统
942437468	自此而后
942438	窄幅
9424386282468	债多不愁
942439267664	一彻万融
94244	一尺|义齿|自持
9424424867484	一池春水
942442494	以词害意|以辞害意
9424426748	一次函数
942443968948	债各有主
94244664	斋宫
94244683826	一笔勾断|一笔钩断
94244689426	一笔勾消|一笔勾销
942447487484	一池秋水
942448	债户
94244842673	义齿填塞
9424534884	以此类推|依此类推
94245374	自此刻起
942454	寨里
94245426	斋醮
9424543	斋戒
94245434	宅基地
94245492	伊比利亚
94245492736	伊比利亚人
94245664	一鼻孔
94245664248	一鼻孔出
9424566424874	一鼻孔出气
942458	摘录
94245826	债款
9424586	伊庇罗
94245894264	字词句章
94245898694264	摘句寻章
94246	宜宾
9424626	摘帽
9424636	宅门
942464	一并|乙丙|疑兵|疫病|癔病
942464236	异丙苯
94246424854	一并处理
9424642486	异丙醇
9424642874	一病不起
942464746	异丙嗪
9424649449464	以冰止蝇|以冰致蝇
9424649498	一兵一卒
9424664	一重|下工|吸虫|益虫
942466438	下功夫|下工夫
942466494926	一重一掩
942466742	一笔抹摋|一笔抹杀|一笔抹煞
942466926	一辞莫赞
94246744	宜宾市
942468	一筹|乙丑|夏侯|自筹
94246822	夏侯霸
94246824	夏侯蔼
942468669426	一筹莫展
94246874266426	遗臭千年
9424687426748	遗臭千秋
9424689226	夏侯雅伯
942468926324	遗臭万代
9424689266426	贻臭万年|遗臭万年
942468926744	遗臭万世
942468926924	遗臭万载
942468946626	子丑寅卯
9424689826	夏侯渊|夏侯玄
9424689874664	遗臭无穷
9424724	摘牌
9424736744	遗爱人世
942474	宜必思
94247426	蚁鼻钱
942474264	一爱上
9424742654	一碧千里
9424744	债市|西哀士
942474474	自此时起
942474524	摘起来
9424748224	翟秋白
942478	摘取
94247826	债券|债权
94247826486	债权国
94247826736	债权人
942478736	以辞取人
94247894	一碧如洗
94248	一出|一处|一触|下户|侠骨|吓唬|峡谷|役畜|析出|溢出|益处|移出|衣橱
942482	下滑|瞎话
9424824	吓坏
9424824426948	债台高筑
94248248	一处处
9424826	一串|一传|下关|下官|伊川|子串|宜川|淄川|淅川|西川|遗传|驿传
94248262464	遗传病
94248264	一床|斋堂|札幌|铣床|霞光
942482646268426	霞光满天
9424826466424364	遗传工程
94248264926326	霞光万道
942482654948	一串骊珠
9424826744	一传十|下关市
94248269464	遗传性
9424826983	遗传学
9424826983542	遗传学家
942482698944	遗传物质
9424829426	下划线
94248364	斋藤
9424836643264	西除东荡
942484	一锤|下喙|下回|下跪|炸毁|西陲
942484336543	下回分解
9424843464946	一槌定音|一锤定音
942484664	逸出功
94248494534	自吹自擂
94248494624624	一锤子买卖
942484947364	自吹自捧
9424854	已处理
9424854226	一触即爆
942485432	一触即发
9424854584	一触即溃
9424854948	自出机杼
942486	下过|下锅|乙醇|伊春|吓昏|夏国|宜春|烯醇
94248626	乙醇胺|瞎胡闹
94248664484	一辞同轨
942486744	伊春市|宜春市
94248694264	夏国相
942489264924	喜出望外|意出望外
9424894	一出戏
9424894542	自出一家
94248946224	自出心裁|自出新裁
9424926	摘要
94249267364	翟彦鹏
94249267464	一碧万倾|一碧万顷
942492694664748	摘要重述
942492698694264	摘艳熏香
9424934543	以此为戒
94249347664	以此为荣
94249349426	以此为限
942493494364	以此为证
94249349486	以此为准
9424934968	以此为由
942494	宅子|寨子|摘自
94249424	窄窄
9424942433	窄窄的
9424942524	摘下来
94249426	窄小
942494264	一壁厢
94249436482	翟振华
9424944326	以彼之道
942494454	一臂之力
942494468	自此以后
942494482	一笔一画
942494484	一鼻子灰
9424946	摘引
94249464	一次性
9424948	债主|寨主
94249494664	自爱自重
9424968948	债有主
942498	债务
94249824267436	债务缠身
94249826	宅院
9424982694	摘选自
9424983	斋月
942498486	债务国
942498546	自比于金
942498736	债务人
94252	下拉|扎拉
942524	下来
942526	乍看|栅栏
942526524	乍看来
942526636	栅栏门
942526944942	乍看之下
94253	下课|侠客
942534	炸雷|虾类
942535464	下课铃
9425358264482	侠客狂花
94253926	瞎了眼
94254	下机|下级|下集|夏利|夏历|夏季|札记|炸鸡|狎妓
942542	下嫁|下家
94254224	下礼拜
9425422736	下里巴人
942542364	下基层
9425426	下焦|下联|下脚|下贱|乍见
94254264	下江|下降|夏粮|峡江
942542646426	炸酱面
94254264744	下降时
94254265426	下脚料
942542658	夏建陆
94254274	黠戛斯
942543	下列|下届|下界|暇接|炸裂
94254326934	下级单位
942543586	下结论
94254544826	下级机关
9425464	下令|夏令
942546448	扎陵湖
9425464744	夏令时
9425464868744	下井投石
94254649464	夏令营
942548	下流|下酒
942548224	下酒菜
942548482	下流话
942548548	下九流
942548743484	下流社会
94254898244	下流无耻
942549449826	下级职员
9425498944	下级组织
9425664	扎龙
942568	下口|下楼|峡口|闸口
942568524	下楼来
94256878	下楼去
9425689436	闸口镇
9425826	下卷|下款
942583946	下决心
942584664	下苦功
94258466438	下苦功夫
94258482	下句话
942586	下落
942586286464	下落不明
94258634	夏洛蒂
94258653	夏洛克
94258683	夏洛特
9425868364	夏洛滕
9425868464	夏君亭
9425878	下陆区
94258942643364	狭路相逢
9426	一案|乙胺|希波|淄博|疑案|稀薄|系泊|自傲|衣钵|西伯|西奥|西安|西岸|西澳|议案|锡伯|锡箔
94262	下马
942622	战罢
9426224	咸菜|小菜|战败|显摆|线材|苋菜|贤才|鲜菜
9426224224	小白菜
9426224486	战败国
942622458	小白鹭
942622458694	贤才君子
9426224943	战败者
9426226	仙草|小包|小半|小宝|小报|小班|小草|展板|战报|招办|校办|照办|照搬|献宝|鲜草
9426226226	小宝宝
9426226248436	削草除根|斩草除根
94262264	肖邦
9426226424364	小邦成
94262264543	赵邦杰
942622648264	照曝光
94262264934	小邦威
9426226536458	闲曹冷局
94262267426	赵半山
9426226744	小薄氏
9426226926	小半碗
94262269426826	照搬照套
9426228682468	先拔头筹
9426229264	小霸王
942623	献策|舷侧
94262336438	下马冯妇
9426234	先辈|小杯|小贝|小辈|战备|罩杯|鲜卑
942623478436	衔悲茹恨
942623624264	赵本昌
9426236326	小笨蛋
942623644868426	鲜蹦活跳
942623654649464	小本经营
9426236624624	小本买卖
94262367426	赵本山
94262367436494	小本生意
9426236982653	照本宣科
94262394	小册子
942624	先妣|小臂|显妣|照壁|献词|献辞|腺癌
9426242	小差|找茬
94262422654	照此办理
94262422898	照插不误
94262426	小便|小炒|小辫|招标|沾边|照抄|现钞
9426242637	沾边儿
942624264	小肠|战场|晓畅|照常|现场|站场|纤长|西伯昌
942624264468624	先尝后买
942624264482	萧长华
942624264484	现场会
9426242649426	孝昌县
94262426494364	赵长征
94262426736	招标人
9426242684	小标题
9426242694	小辫子
9426243	小车|战车|校车|闲扯
94262436	小臣|消沉|贤臣
9426243628726	纤尘不染
942624364	县丞|县城|小乘|小城|战成|现成|西安城
9426243642264	小城邦
942624364267826	线程安全
94262436432543	小惩大诫
9426243649436	小城镇
94262436498	小程序
94262436862	鲜车怒马
9426244	咸池|小吃|展翅
9426244333426	先驰得点
94262443426	小吃店
942624437464	笑比河清
9426244826	小吃摊
942624534884	照此类推
9426245469464	照此进行
9426246246	小彬彬
94262464	宪兵|小兵|小病|招兵|笑柄|馅饼
94262464384	宪兵队
94262464586	赵秉钧
9426246462462	招兵买马
94262464936	赵秉文
942624664	小虫|线虫
942624664486	赵充国
94262468	小丑|献丑
94262468842654264	小丑跳梁
9426246892694664	闲愁万种
9426248	展出|找出|显出|消除|献出|现出|绽出
942624826	哮喘|小船|战船
9426248262464	哮喘病
9426248264	小窗|舷窗
94262486	小春
9426248626386	消除矛盾
9426248926534	笑出眼泪
942624894	小除夕
94262489464826	消除隐患
942624894867468	小处着手
942624934	战必危
94262526482	下马看花
942626	小檗|展播|招安|瞎闹|笑傲|酰胺|销案
942626242673	乍毛变色
9426263364983	笑傲风月
94262637	小博尔
9426264486	瞎忙活
94262646	小阿敏
94262658	小勃律
94262662	萧伯纳
942626646464	小聪明
94262674	斩波器
94262674364	赵博生
94262678	咸安区
942626868	下冒头
94262694	萧博宜
942628	占卜|小步|展布|找补
942628342637	小不点儿
9426285364	小粗坑
942628539264	笑不可仰
9426286	小村|小错|现存
942628694	小村子
94262873693	小不忍则
942628742642426	沾不上边
94262874364	战不胜
94262874524	站不起来
942628936	站不稳
9426289426	笑不笑
942628943234	找不着北
942628948	闲不住
9426289485426	站不住脚
942628982694664	战不旋踵
94262934	下马威
94263	小额|限额|险恶
942632	宪法|战法|招法|效法|消法|照发|着法|贤达
9426322484	赵大锤
942632329826	宪法法院
9426324	先代|小袋|招待|现代
9426324289468	招待不周
94263243	萧大哥|赵大哥
9426324326	招待饭
9426324334	招待费
9426324426	现代汉
9426324482	现代化
9426324484	招待会
9426324724	现代派
9426324736	现代人
9426324744	现代史
9426324786	招待所
942632494	现代戏
94263249464	现代性
942632494894	现代主义
942632498	现代舞
94263249894264	现代五项
9426325492	西澳大利亚
9426326	一按到|仙丹|先导|咸蛋|嫌犯|孝道|小刀|小岛|小旦|小贩|小道|战刀|战犯|找到|掀翻|栈道|籼稻|铣刀|霰弹
942632624364	萧道成
9426326326	仙凡道
94263264	小房|效仿|栈房|校方|毡房|消防|现房|站房|绽放
94263264243	消防车
94263264264	赵大娘
94263264267826	消防安全
94263264324	现当代
94263264384	消防队
9426326464	赵大明
94263264934	校党委
942632649349826	削方为圆
94263264944	萧方智
94263264948664	消防系统
94263265454264	照道理讲
9426326744	小道士
94263268426	笑翻天
942632694264	仙道彰
9426326942694	小道消息
94263269466498	小到中雨
942632694664983	小到中雪
942632736	赵大人
9426329264	萧大王
942632942	萧大侠
9426329426626	小打小闹
942632944736	先发制人
942632983	宪法学
942633	显得|晓得|西奥德|贤德
94263324894664	显得出众
9426334	小费|消费|笑非
94263343	消费额
9426334486	消费国
9426334534	消费类
942633454	消费力
942633454264	消费量
9426334746	消费品
94263347484	消费税
9426334786	消费群
9426334926	赵飞燕
94263349264226	小飞扬草
94263349426744	闲非闲是
9426334943	消费者
9426334945426	消费资料
94263349464	消费性
942633494894	消费主义
9426336	县份|小分|小粉
9426336384	小分队
94263364	先锋|咸丰|招风|校风|氙灯|险峰
94263364226983	晓风残月
9426336424264	赵凤昌
94263364265264	掀风播浪
9426336432648	仙风道骨
94263364384	先锋队
94263364485264	掀风鼓浪
94263364526486	招风揽火
94263364724	先锋派
9426336473226	招风惹草|沾风惹草
942633647398	招风惹雨
94263364746448	削峰平谷
94263364826	萧峰叹
94263364926474	占风望气
94263364934934	萧峰微微
942633649426	咸丰县|萧峰笑
94263364946	萧峰心
9426336498	赵登禹
94263373934	昭德塞违
94263394	小德子
9426339485426	站得住脚
94263396946	先得我心
942633985426	闲得无聊
942634	先帝|占地|小弟|战地|招弟|昭帝|献帝|现地|贤弟
9426342	笑嗲
94263426	小店|小点|小调|掀掉|站点
94263426948	小店主
9426343	小碟
94263464	限定
942634643264	小叮当
94263464543843	斩钉截铁
94263464743843	斩钉切铁
9426349466474364	战地钟声
9426358	萧遏鲁
942636	厦门|肖恩|闸门
94263632983	厦门大学
942636384	厦门队
9426364	蚱蜢
9426364264	厦门港
94263658	厦门路
94263664	仙洞|小董|掀动
9426366494	小东西
94263664986	小动作
942636744	厦门市
9426368	仙都|小豆|战抖|战斗
942636828	战斗部
9426368384	战斗队
942636842493	战斗概则
94263684664942	战斗轰炸
942636854	战斗力|战斗机
94263685426	战斗舰
942636874526	战斗疲劳
9426368943	战斗者
94263689464	战斗性
94263689826	战斗员
9426369426484	小恩小惠
942637	小儿|招儿|显而|馅儿
9426372832	笑而不答
94263743	赵二哥
942637434	小二黑
94263753	小儿科
9426375464	小而精
9426376224	小儿麻痹
942637622494364	小儿麻痹症
94263774364	战而胜
9426377826	小而全
94263794	小儿子|小尔依
942637945426	显而易见
942637986	赵尔巽
942638	先富|先父|县府|孝服|小幅|小肚|小腹|小负|战俘|战斧|招抚|校服|消毒|照度|照拂|限度
94263826	先端|斩断|线段|肇端
94263826468936	先断后闻
94263826746474	斩断情丝
9426384	小队|站队
942638484	消毒柜
942638494264	小队长
94263854	消毒剂
9426385424264	小肚鸡肠
9426385426	小富即安
942638546	小福临
9426386	西奥多
9426386748	占多数
942638736	小妇人
94263874	限幅器
942638744	占富室
94263874524	先富起来
94263893	消毒液
9426389345824	先睹为快
94263894	小肚子
9426389464	战俘营
942639664946	险恶用心
94264	虾米
94264224	湘财|香菜
942642243	张八哥
94264224484	张白圭
9426422526	乡巴佬
94264226	掌班|相伴|相残|章草|箱包|香包|香草
942642262424	向宝钗
942642264	张榜|相帮
94264226424264	张邦昌
9426422645664868	掌棒龙头
94264226634736	相草美人
94264226784	张宝瑞
942642268426	张保田
9426422698	向宝玉
9426422743626	丈八蛇矛
9426423	帐册|相册|账册
94264234	向背|张北|湘北|相悖|详备|长辈
942642349426	张北县
94264234942649264	项背相望
94264236	张本|账本
94264237	小嘎儿
9426424	咸海|响鼻|小丐|小孩|小海|想必|相比|相爱|陷害|障壁|障碍
94264242	相差|笑哈哈|详察
9426424228386	相差不多
94264242289826	相差不远
94264242546	相差近
942642426	响遍|涨潮|相变|镶边
9426424264	乡长|香肠
942642426426	向长安
942642426437	张昌尔
94264242647464	张昌平
9426424268264	张朝唐
9426424269264	张朝阳
9426424282432	相差太大
94264242824386	相差太多
942642429826748	相差悬殊
942642429854	相差无几
94264243	响彻
942642433866426	相别多年
942642436	相称
9426424364	相乘|相成|相承|章程|襄城|项城
9426424364736	张成仁
942642436478	襄城区
9426424364944	张承志
942642437	小孩儿
942642437926	相比而言
94264243866426	相爱多年
942642439862426	响彻云表
9426424398654	响彻云际
942642439869426	响彻云霄
94264244	相持|相斥
9426424428942	相持不下
9426424474264942	相持上下
94264244943	仗持着
942642454264	肖海亮
94264245464	张爱玲
94264246	香槟
942642464546	章炳麟
94264246548	香槟酒
94264246649436	向崇祯
942642468	乡愁
94264247464	张爱萍
94264248	相处|相除
9426424826	相传|赵海涛
94264248263866426	相传多年
942642482694548	相传已久
942642484364426	相处更好
942642484664	章楚红
942642486	香椿|香醇
942642486548	张春九
9426424867426	张春桥
942642494	小孩子
9426424943	障碍者
9426424944942	相比之下
942642494548	相爱已久
94264249464	障碍性
94264249466454264	陷害忠良
942642498	障碍物
942642498926	乡壁虚造
9426426	下年|下袅|下面|孝感|宵旰|小号|小寒|战壕|昭告|消耗|相搏|纤毫|腺苷|霄汉|香案|香波
9426426245426	纤毫毕见
94264263263	嫌好道恶
9426426326324	嫌好道歹
94264263426	消耗掉
94264264	小港|岘港|站岗
94264264286	小岗村
94264264687464	先号后庆
94264264689426	先号后笑
94264264726	小钢炮
942642654264	消耗量
94264265426526	宵旰焦劳
942642654368	斩竿揭木
94264265464	张伯苓
94264265664868	掌钵龙头
942642658	消耗率
9426426586	张伯伦
9426426736	孝感人
9426426744	孝感市
9426426744334	长傲饰非
942642688944	宵旰图治
94264269426	消耗战
9426426942647468	相安相受
942642694448	崤函之固
94264269464	消耗性
9426426968526	宵旰忧劳
9426426968746	宵旰忧勤
942642698744	相安无事
94264274364	张阿生
9426428	账簿|香醋
9426428326	想不到
94264284	香脆
942642847426	张翠山
9426428524	想不开
94264286	乡村
94264286736	张存仁
942642874524	想不起来
94264288664	想不通
942642894264	象不象
94264294	小嘎子
942643	仙鹤|兆赫|先河|小哥|小河|弦歌|战歌|昭和|显赫|校歌|湘鄂
9426432	张大|想法|掌法|涨大|章法|长大
942643224364736	长大成人
94264324	相待|香袋
9426432426	小河边
942643243	张大哥
942643246426	张岱年
9426432478246	相待如宾
942643248267426	湘鄂川黔
9426432498	向黛玉
94264325264	章大郎
94264325464	张大经
9426432584	张发奎
9426432586726	箱法扩散
94264326	向导|响导|想到|相反|襄樊|账单
9426432624	相反词
942643264	乡党|厢房|帐房|相仿|相当|账房
9426432642436438	相当程度
942643264248	想当初
9426432643264	响当当|响铛铛
94264326448466	相当规模
942643264534826	相当可观
9426432646426	想当年
942643264726	想当然
94264326474332	想方设法
94264326474354	想方设计
94264326492694664	相当严重
942643264934	乡党委
94264326498	相当于
942643265464	张道陵
94264326744	张道士|襄樊市
94264326748	相反数
942643269426424364	相反相成
94264327426	张大千
942643274264	张发强
942643274744	张大其事
942643274824	张大帅
942643282486	絃歌不辍
942643294	想法子
94264329464784	响答影随
942643298422	张大嘴巴
94264333	赵合德
9426433326	想得到
94264334	张飞|湘妃|香榧
9426433484	张德辉
9426433494664	张飞雄
94264334948	湘妃竹
9426433524	想得开
942643353	张德勒
94264336	襄汾|香粉
942643364	掌灯|相等|相逢
942643364436926	相逢恨晚
942643364543224	张灯结彩
94264336474498	祥风时雨
942643364944	相等值
94264336498	相等于
942643374364826	相得甚欢
942643374524	想得起来
94264339494264	相得益彰
9426434	小黑|献给|相抵|箱底
9426434226	小黑板
942643426	湘鄂赣
94264342678	张店区
94264343	小格格|涨跌|笑呵呵
9426434338	涨跌幅
94264343489426	涨跌互现
9426434377482494364	相地而衰征
94264345426	章帝建
942643464	想定
9426434642426	张定边
9426434643264	响叮当
942643464486	张定国
94264346498693	想定作业
942643468424	先河后海
942643568	小河口
9426435689436	小河口镇
9426436484	赵恒惕
942643664	向东|响动|湘东
94264366426	张东波
942643664548	向东流
942643664786	张东荪
94264368	相斗
942643682894264	想都不想
942643685426	张都监
9426436878	香豆素
9426437	香饵
9426437468	赵鹤寿
9426438	丈夫|享福|向度|响度|涨幅|相副|相府|相符|祥符|降伏
9426438379464	相扶而行|相辅而行
94264384	相对
9426438437926	相对而言
9426438437986	相对而坐
9426438442638	相对高度
9426438448638	相对活度
942643845247486	相对来说
9426438454944	相对极值
94264384585464	相对路径
94264384586	相对论
942643845869464	相对论性
942643847426242	相对偏差
94264384744	相对式
9426438474438	相对湿度
94264384748	相对数
942643847486524	相对说来
942643847838	相对速度
94264384943654	相对真理
94264384944	相对值
942643849464	相对性
942643849464948264	相对性状
9426438494894	相对主义
9426438498242	相对误差
942643849863664	相对运动
9426438498926	相对无言
9426438542694	相夫教子
94264386	掌舵
94264386645824	笑个痛快
9426438736	张夫人
94264389426424364	相辅相成
94264394	小个子|湘鄂西
9426439464986	响遏行云
94264394744	显赫一时
9426439869464	响遏云行
94264424	向海
94264424326	项海帆
942644243364	张海峰
9426442434	张海迪
9426442454	张海丽
94264424826	张海涛
94264426	帐号|湘赣|相好|相干|账号
942644262426438	相干长度
942644262436	张汉臣
942644264	香港
9426442642436474432983	香港城市大学
942644264326	香港岛
94264426432983	香港大学
9426442643478	香港地区
9426442644244826	香港海关
942644264535432983	香港科技大学
94264426454265426786	香港联交所
9426442645426943644664748	香港廉政公署
94264426454466432983	香港理工大学
94264426454648432983	香港浸会大学
9426442648378	香港特区
94264426483789436438	香港特区政府
9426442649436438	香港政府
9426442649466493632983	香港中文大学
942644265432	相干激发
94264426743663	想干什么
942644267464	张汉卿
9426442684265426	相干条件
9426442692674364	相干噪声
94264426944	章含之
942644269489426	账号注销
9426443	漳河|相合|相隔|祥和|香河|香阁
942644322632	想个办法
942644328548	相隔不久
9426443326432	想个方法
942644337	张格尔
94264433866426	相隔多年
94264435452	香格里拉
94264436	箱根
942644364	张衡|相衡
942644392654	相隔万里
94264439426	香河县
942644664	相公
94264466424264	张宏昌
9426446643664	张公洞
94264466494	张公子
94264468543	相勾结
9426448	帐户|掌故|掌骨|相互|象笏|账户|香菇
94264482	彰化|象话|香瓜|香花
94264482424	张华海
942644826	乡官|乡宦|掌管|相关|长官
942644826243654	相关沉积
94264482638	相关度
94264482642245464	张广才岭
942644826432	张广达
9426448264468	张皇后
942644826474	张广泗|镶黄旗
9426448264744286	张惶失措|张慌失措|张皇失措
942644826474744	张皇其事
9426448264926	张煌言
94264482649464	向光性
9426448265426	相关联
94264482654324	张冠李戴
942644826589436	相关矩阵
94264482674	相关器|长官司
942644826744	相关式
942644826783664	相关驱动
942644826943	相关者
9426448269464	相关性
9426448269469826	相关信源
94264482694748	相关系数
94264482698	张关羽
9426448269894264	相关虚象
9426448274	张挂起
9426448274524	张挂起来
942644828546	相互促进
94264482924	张挂在
942644829426	彰化县
9426448326	张虎道
94264484	掌柜|湘桂|相会|箱柜|香灰
9426448433	掌柜的
942644843986	相互合作
94264484482	张桂华
94264484526	张桂兰
94264484634	向慧梅|张惠妹
94264484746	张慧琴
9426448482694	相互关系
9426448484358	湘桂铁路
94264484849464	相互辉映
94264484926	张惠言|张辉瓒
9426448494267486	章回小说
942644849464	向慧英
9426448494843	香闺绣阁
942644852	帐户卡|账户卡
94264485426	相互间
942644854264826	相互交换
94264485426543	相互了解|相互连接
94264485426944	相互交织
942644854543	相互理解
9426448546494364	相互竞争
94264486	相国|香火
94264486283826	香火不断
9426448628583	香火不绝
942644863664	张国栋
9426448648264	张国光
9426448654	张国纪
9426448674	相国寺
942644867437	向火乞儿
94264486744	向国师
942644867464	张国庆
942644867664	张国荣
94264486826	张国焘
94264486934	张国伟|张国维
94264486943	想过着
942644873443	相互配合
942644874473	相顾失色
9426448826586	相互讨论
942644894286	相互依存
9426448943986	相互协作
9426448944244	相互支持
94264489445426	相互之间
942644894493	相互指责
942644894524	相互依赖
9426448946494264	相互影响
9426448946736	相互信任
942644898694664	相互尊重
94264489869664	相互作用
9426452	香辣
94264524	向来|张开|想开|想来
942645249426478	想来想去
94264526	张澜|相看|长老|香兰
942645264	蟑螂
9426452646426	张康年
94264526484	长老会
942645265426484	长老教会
94264526724	长老派
94264526726	章老三
9426452693	张老爷
9426453	享乐|相克|飨客|香客
94264534	响雷
9426453586	张克军
94264539264	张可旺
9426453942	张克侠
94264539464	张乐行
942645394894	享乐主义
942645396894264	想了又想
9426454	乡里|湘籍|瘴疠|相机|相继
94264542	张家|涨价|相加
9426454226	相机包
942645424264	张家港
942645424264744	张家港市
9426454248	章嘉呼
94264542543	张家界
94264542543744	张家界市
94264542568	张家口
94264542568744	张家口市
942645426	乡间|响箭|想见|橡胶|湘莲|相交|相恋|相联|相见|相连|相间|详见|项链|香料|香蕉
942645426248	相交处
9426454263866426	相交多年
9426454264	丈量|向量|响亮|张量|湘江|项梁|香江
942645426433694	张量分析
9426454264354	相煎何急
942645426436926	相见恨晚
9426454264524	想将来
942645426486	张建国
9426454265426286	相间交错
94264542674264	相建强
942645426748	橡胶树
942645426934	张建伟
94264542694664	张坚钟
9426454269826	橡胶园
94264542926	张家湾
942645429424	张家寨
94264542946	张佳胤
94264543	相接|章节|详解
942645432	张纪法
94264543248	相接处
9426454326	掌力道
94264543664	张立东
9426454373664	相机而动
94264543936	张洁雯
94264544264	项立刚
942645448262426	相机观变
942645453	象极了
942645454	掌力击
94264546	乡邻|想尽|相近|相邻|祥林|详尽|长进
9426454622632	想尽办法
94264546326432	想尽方法
942645464	响铃|相竞|章京|香精|香菱
942645464484	张令徽
942645464543	张陵捷
9426454646	张利民
94264546478246	相敬如宾
942645464948	张敬修
9426454649826	张敬轩
9426454658	掌禁旅
94264546736	张近仁
94264546926	张缙彦
942645474364	张利胜
94264548	相救
942645484	相基体
942645485264	张九郎
942645485464	张九龄
94264548786	张留孙
9426454936744	相继问世
942645494	掌力一
94264549436	掌力震
94264549464744	相机行事
942645494664	张纪中
942645498	张继禹
942645664	掌控|箱笼
9426456643848	降龙伏虎
942645664586	张龙俊
9426456649436	相控阵
94264568	巷口|张口
94264568543743	张口结舌
9426458	湘剧|相捋|相聚|相距|章句|香庐|香炉
942645826	账款
9426458264	像框|张狂|相框
94264586	张罗|涨落|湘军
94264586226	张君宝
942645864364	相均衡
94264586748	张君秋
94264587426	张居谦
9426458742654	相距千里
942645874369826	相距甚远
9426458942642664	杖履相从
942645894364	张居正
94264589453	相聚一刻
9426458948264	相聚一堂
942645896644364	杖履纵横
9426462	响马|相马
94264624262426	仗马寒蝉
9426462443	张鼐哥
9426462474	章乃器
94264626	帐幔|樟脑|湘南|相貌|胀满|香茅
942646264	香囊
9426462682648264	相貌堂堂
94264626926	樟脑丸
942646269436	向曼桢
9426462698	张曼玉
94264634	箱内
9426463424364934	张袂成帷
9426463424364946	张袂成阴
94264634526	张美兰
9426463494264926	张眉张眼
94264636	掌门
9426463624894264	相门出相
94264636736	掌门人
9426463696894264	相门有相
94264636983	掌门岳
9426464	详密
942646426	享年|帐面|想念|相面|账面
942646426586	张念军
942646426726526	长年三老
94264646	乡民
942646462426	张民表
942646464	张宁|详明
94264646424	张明弼
942646464524	张明楷
942646464586	张明俊
9426464649264	张宁网
9426464853	张牛科
94264664	仙宫|小工|战功|招供|招工|校工|萧红|鲜红
94264664248524	招供出来
9426466426	赵宏博
9426466438	闲工夫
942646644687468	先攻后守
94264664546	肖鸿林
9426466462	小红马
94264664626	小红帽|招工难
94264664634	赵红梅
9426466473	鲜红色
9426466474364	赵宏声
9426466493	小公爷
942646649486948	战功卓著
942646664	乡农|香农
9426466744	相模式
9426468	丈母|先后|小狗|帐幕|帐目|战后|樟木|橡木|账目|赵构|项目
942646828	项目部
942646833694	项目分析
942646838726	项目复盘
94264684826	掌牧官
9426468482654	项目管理
942646854482	项目计划
942646854638	项目进度
942646864264	丈母娘
9426468742649426	项目上线
9426468748698	先后顺序
942646878	项目区
94264689267468	项目验收
9426468942649264	像模像样
942646894526	张目一看
942646898	项目组
9426468986	仙后座
942647263364	张三丰
942647264	相让
942647265474	张三李四
9426472693	张三爷
9426472694	张嫂子
942647269426	张三笑
94264734	相配
942647344264	张培刚
9426473498	张培瑜
94264736	丈人|乡人|相认
942647364	帐篷|相碰
942647364926	张僧繇
94264736736	香喷喷
94264736934486	相忍为国
942647378	相色谱
9426474	一盎司|响器|响起|想起|橡皮|瘴气|相似|相思|象棋|香气
942647422	橡皮擦
94264742464	相思病
942647426	像片|向前|向善|张骞|相片|象山|镶嵌|香山|香片
9426474262464	张少兵
94264742637	相片儿
9426474264	向上|掌上|相商|长上
942647426482	镶嵌画
94264742648468	想前顾后
942647426526	向钱看
9426474268664	张骞通
9426474269426	象山县
9426474269464	张千英
942647434	相匹敌
942647436	乡绅
9426474364	响声|掌声|相声
942647436424	象声词
942647436428583	掌声不绝
94264743645343664	掌声雷动
9426474364543	相声界
942647436458	相生律
9426474364646	张生民
942647436478534	掌声如雷
94264743649426424364	相生相成
94264743649426453	相生相克
94264743649426746	相声小品
942647436926	张慎言
9426474394264286	相切相磋
94264744	乡试|仗恃|像是|涨势|相士|相视|相识|箱式|翔实|详实|象是|长势|长史
9426474424364	张士诚
9426474424826	张石川
9426474426	橡皮膏
942647443724364	相诗而成
94264744373664	相时而动
94264744379426	相视而笑
94264744542624	相失交臂
94264744543	张世杰
942647445464736	仗势凌人
9426474474736	仗势欺人
942647449426	章士钊
9426474494548	相识已久
9426474494736	长势喜人
9426474546	橡皮筋
942647458	相思苦
9426474584	向日葵
9426474589436	相似矩阵
94264746	乡亲|相亲
942647462436	章钦臣
942647464	乡情|详情
94264746426	相思鸟
94264746433	张平的
94264746438	享清福
9426474646448	张旗鸣鼓
94264746484	相亲会
942647464936	张庆文
942647468	享受
9426474682436	张寿臣
94264746838	张首辅
94264746839464	相频特性
9426474685464	张守敬
942647468924468	享受在后
94264746893	张守业
942647468944	张守直
9426474689464	享受性
942647469426424	相亲相爱
942647469426458	相亲相聚
9426474744	掌齐施
9426474744548	仗气使酒
94264747464	张思卿
9426474748	相思树
94264747824	香气扑鼻
94264748	樟树|橡树|相殊|相熟|章丘|详述
9426474824	相率
942647484	涨水|香水
94264748464	橡皮艇
9426474848264	张曙光
9426474858	相属律
942647486	降顺
94264748624	想说爱
94264748624364	张顺成
94264748744	樟树市|章丘市
9426474893	张叔夜
9426474896874	相鼠有皮
942647489826	张舒媛
9426474926	张启藻
94264749436	张思珍
9426474944	张思之
9426474944248	相似之处
94264749464	相似形|相似性
9426474983	章启月
942647664	相容
9426476643426	张荣典
9426476647664	张蓉蓉
94264766494	张松溪
9426476649464	相容性
9426478	像素|漳浦|相去|相扑|香蒲|香薷
942647826	掌权|相劝|项圈|香泉
94264782694	张全义
942647826943	掌权者
9426478289826	相去不远
9426478334334	想入非非
94264784	相随|祥瑞
94264784646	张瑞敏
942647854	张溥辑
94264785443	相去几何
94264786	相若|长孙
94264786246	张润斌
942647869436	张孙振
942647874369826	相去甚远
94264788264	张宿堂
94264789426	漳浦县
94264789466	相濡以沫
94264789826748	相去悬殊
94264789854	相去无几
942648	仙姑|小姑|小户|小湖|小鼓|战鼓|招呼|招股|照护|照顾
9426482	仙花|占卦|小花|小褂|校花|消化|献花|硝化|笑话|闲话|鲜花
94264822854264	消化不良
9426482326	消化道
9426482426968	硝化甘油
94264824534	张太雷
94264824926	章太炎
942648253	消化科
942648254224264	闲话家常
942648258	消化率
94264826	乡谈|县官|召唤|展馆|显官|校官|湘潭|照管|详谈|险关
942648262898	照关不误
9426482634	消化酶
942648264	沾光|消光|闲逛
942648264468	萧皇后
94264826494748	消光系数
94264826498	小黄鱼
9426482674364826	相谈甚欢
94264826744	召唤师|湘潭市
942648267468	召唤兽
942648269426	湘潭县
94264826946	以博欢心
942648273226	招花惹草
942648274267486	闲话少说
94264829264	小花样
94264829426	消化腺
942648294498	显花植物
942648294586	硝化细菌
94264829464	消化性
9426482947468	消化吸收
9426482948664	消化系统
94264829869664	硝化作用
9426484	召回|小鬼|展会|找回|显贵|校徽|校规|照会|现汇|箱体|贤惠|贤慧|销毁
94264842464586	相提并论
942648426	香甜
94264842624	张天爱
94264842658	张天禄
94264842694	张天翼|张天锡
94264843	张贴
9426484326	先回到
94264843264542	小鬼当家
94264843626	张铁男
9426484374364	张铁生
94264844854	销毁骨立
9426484524	招回来|销回来
94264846262426	小鬼难缠
942648464	涨停
942648464226	涨停板
94264846498	张廷玉
942648466	小规模
942648478	先回去|找回去|招回去|销回去
9426484868	小鬼头
9426484936	赵惠文
942648494	小桂子
94264853736	招呼客人
9426486	小伙|小国|小火|战国|战果|战火|战祸|招魂|效果|斩获|消魂|现货|着火|线或|赵国|销魂|鲜果|鲜活|鲜货
9426486226	小伙伴
942648623	战国策
942648624364236	销货成本
9426486336334	战火纷飞
942648637	小伙儿
942648638676	销魂夺魄
94264864264	小姑娘|赵姑娘
942648648264	赵国光
9426486482646	小国寡民
942648648448264	战果辉煌
942648654	小伙计
9426486546	赵国霖
94264865464	招魂铃
942648664	相同|相通
9426486643426	相同点
942648664748	相统属
942648664944248	相同之处
942648664948	张同铸
94264868	像头|想头|相投
9426486874868	獐头鼠目
942648694	小伙子
942648736542	小户人家
9426488	乡土|相图
9426488265426	张团练
94264883364934	乡土风味
94264885426948	乡土建筑
94264887494	乡土气息
9426488936983	乡土文学
94264894	小姑子|小胡子
9426492	象牙
9426492224	象牙白
9426492246	张亚斌
94264924	张载|账外
94264926	向晚|想要|香烟|香皂|香艳
94264926284634	香药脆梅
9426492632	障眼法
942649264	像样|向往|向阳|张扬|张望|想望|相望|襄王|襄阳|项王
942649264248524	张扬出来
94264926424878	张扬出去
9426492643364224	想望丰采|想望风采
94264926437	像样儿|象样儿
9426492649426	襄阳县
9426492649464424	相忘形骸
94264926585464	张眼露睛
94264926586	张耀坤
942649266426	张万年
9426492678	张湾区
942649269264	张尧扬
9426492694267486	香艳小说
9426492694526	张眼一看
9426492694864824	降妖捉怪
942649269826	张彦远
9426492786	章亚若
942649282	象牙塔
942649294365426	象牙针尖
9426492989426	张牙舞爪
9426493	乡野|张掖|章则|香叶|香泽
942649324394264	想也别想
94264932486	香叶醇
94264932894264	想也不想
94264933826	张择端
94264934	相位|香味
94264934242	相位差
94264934242654	相为表里
94264934244	张维赤
942649343683664	相位抖动
9426493437	香味儿
94264934486	张维国
94264934543983	相位阶跃
9426493473624	香味喷鼻
94264934743	响尾蛇
94264934744	相唯识
942649347464	张维庆
942649347824	香味扑鼻
94264934944468	相位滞后
942649349464	张维迎
942649349832426	相位跃变
942649364	相赠
94264936584	张文奎
942649366464	张文明
942649368426	张闻天
94264936948	张文秀
9426493698	张文裕
942649369826	张文远
9426493744	张掖市
9426493784	张业遂
9426494	乡谊|仗义|巷子|帐子|张仪|橡子|湘西|獐子|相依|相宜|相异|相移|箱子|详细|长子
94264942	乡下|向下
94264942426	张义潮|张议潮
942649424264	张锡昌
942649424264748	相移常数
94264942526	乡下佬
9426494252637	乡下老儿
942649426	巷战|彰显|象限
94264942624	章孝慈
9426494262486	张孝纯
9426494264	像章|想像|想想|想象|湘乡|相像|相向|长相|香樟|香香
942649426424364	想像成
9426494264248	想像出
9426494264248524	想像出来
9426494264326	想像到
942649426433326	想像得到
942649426438	享享福
94264942644664	张相公
94264942644664948	香香公主
9426494264526	想想看
942649426454	想像力|想象力
9426494264583548	香象绝流
9426494264736	湘乡人
9426494264744	湘乡市
94264942647874364	相相如生
942649426493744	想想也是
942649426494664	想像中
94264942649494	详详细细
9426494264986968	长相左右
942649426546	张啸林
9426494265664	向小龙
942649426926	章孝严
942649426934	张晓伟
94264942694264	向潇湘
94264942694664	向献忠|张召重|张献忠
942649426982436	香销玉沉
942649426985426	香消玉减
94264942698784	香消玉碎
94264942698986	香消玉殒
94264942736	乡下人
94264943	向斜|向着|想着|长者|香榭
942649433	张翼德
9426494354743	香榭丽舍
942649436	乡镇
9426494364	象征
942649436438	乡政府
94264943646464	张正明
9426494364724	象征派
94264943649464	象征性
942649436736	张真人
942649436744	张振仕
9426494367493	乡镇企业
94264944	响指|相知|香脂
942649443664	张之洞
94264944436926	相知恨晚
94264944482	张智华
9426494448264	张志光
9426494454	掌之力
942649445426	张志坚
94264944586	张志军
942649447426546	享之千金
942649447464	张之平
94264944824	张治泰
942649448264	张一光
942649449426494	相知相惜
94264944946	张志新
9426494494664	张治中
9426494496878	相知有素
9426494526	张义兰
942649454	向西疾
9426494543	张自烈
9426494568	巷子口
94264946	乡音|向心|掌印|掌心|湘阴|相信|饷银
94264946226	张新宝
9426494624364	张鑫成
942649462436494	像心称意
942649463774364	相因而生
942649464	向性|响应|杖刑|相应|相映|祥兴|象形|项英|香型
942649464224	张英才
9426494642436478	相映成趣
94264946424826	张赢川
942649464248264568	响应窗口
94264946426	掌子面
9426494642854	相应不理
94264946433694	响应分析
9426494643866464	像形夺名
9426494645426248	相形见绌
9426494646	张义民
94264946464	张子明|张怡宁
94264946474473	相形失色
942649464826	张荫桓
94264946493694	象形文字
94264946494	象形字
94264946494264784	相影相随
942649464943	响应者
942649464944942	相形之下
9426494654	向心力
9426494664	掌中|湘中|相中|象雄|长兄
942649466432	向忠发
9426494664482	张重华
94264946645464	张仲景
9426494664934	张中伟
9426494668	张艺谋
9426494678	张欣茹
9426494678694664	相信群众
942649467894	像心如意
942649468	漳州|襄州
942649468744	漳州市
942649469426474364	相因相生
942649469426494	像心像意
94264946946	张辛昕
94264946949264	象银一样
9426494698944	相信组织
94264947426	张子善
9426494748224	仗义疏财
94264947664	樟子松
94264948	湘绣|相助|襄助|香主|香烛
94264948224	张秀才
94264948264	相撞
9426494826478246	相庄如宾
94264948264985426	项庄舞剑
94264948634	张秀眉
94264948637	香桌儿
94264949264586	相移网络
94264949346464	相依为命
9426494936	向紫文
942649494	章子怡
942649494264	想一想|掌一掌
9426494944	张易之
9426494944926	仗义执言
942649494664	张自忠
9426496	掌握
942649664	享用
94264966424264	张宗昌
942649664424	张永海
9426496644664	张永红
94264966474	张宗琪|张永琪|张永祺
94264966494264	章宗祥
94264966498	张宗禹
94264968	享有|香油
94264968224	张佑才
94264968326	想走到
94264968486	想走过
94264968524	想走来
94264968743646464	享有盛名
942649687436498	享有声誉|享有盛誉
9426496878	想走去
94264968944	张有智
9426496896898	长幼有序
9426498	享誉|张旭|彰武|相与|相遇|章鱼|账务|项羽|香芋
94264982454	向无此例
942649826	襄垣
9426498264664	张元红
94264982654	张元济
942649826926	相炫耀
9426498269426	襄垣县
94264983	相悦|相约
9426498324364	章学诚
942649833664	张学东
9426498354264	张学良
94264983634	张雪梅
94264983726	张悦然
94264983774	向隅而泣
94264983926	张学颜
94264983936	张学文
9426498394664	张学忠
9426498398	张学武
94264984	张嘴|掌嘴
942649847486482	张嘴说话
942649854	张无忌
94264986	湘云|相左|祥云|香熏|香蕈|香薰
9426498624826	张云川
9426498626	张毓茂
94264986464	张玉宁
94264986546	张作霖
9426498694	张云逸
9426498746	张玉勤
942649884358	襄渝铁路
942649893494	相与为一
9426498942	张五侠
94264989426	襄渝线
9426498948	向虚竹
942652	显卡
9426524	召开|小楷|展开|希伯来|希伯莱|招徕|招来|掀开|绽开
942652432	赵开发
94265244364486	招来横祸
9426524468326	先来后到
942652446874264	先来后上
9426524468942	先来后下
9426524736	希伯来人
9426524744	展开式
9426524936	希伯来文
9426524942674264	先来先上
9426524942678	找来找去|照来照去|笑来笑去|销来销去
94265249426942	先来先下
942652498	希伯来语
942652498744	闲来无事
9426526	小看|小考|展览|招揽|招考|效劳|校刊|湛蓝|照看
9426526226	招考办
942652637	小老儿
94265264	咸康|小康
9426526434	小浪底
94265264826	展览馆
9426526484	展览会
942652649426	小康县
94265264944542	小康之家
9426526583	赵老爵
942652673674364	笑看人生
94265267436494	招揽生意
9426526744	展览室
942652676	小老婆
94265268464	展览厅
942653	仙乐|小可|找乐|消渴
9426532264326	笑可藏刀
94265345833426	掀雷决电
942653466744	限累模式
942653524	仙客来|肖克莱
942653524524	掀了开来
94265354	肖克利
94265364	小坑|陷坑
9426536464	赵可铭
94265374524	笑了起来
94265392	闲磕牙
9426539426	笑了笑
9426539428	先了一步
942654	先例|先机|县吏|县级|县里|召集|小利|小吏|小笠|小记|小鸡|战例|战力|战技|战机|战栗|战绩|招集|效力|暹粒|校级|校际|毡笠|消极|照例|照理|献技|献礼|献祭|献计|着急|硝基|站立|笊篱|酰基|颤栗|鲜丽
9426542	小家|招架|效价|现价|赵家|限价
94265422498	小家碧玉
9426542264326	笑里藏刀
942654228948	招架不住
94265423426	小家电
9426542344826	消极悲观
942654236	硝基苯
942654238	赵家富
942654243	赵家和
9426542486	小家伙
94265425464	肖家岭
94265426	先见|召见|孝廉|小件|小建|小脚|小角|战舰|显见|消减|照料|照见|笑料|笑脸|闲聊|鲜见
942654262364248	闲见层出
94265426243	小轿车
9426542632	西安交大
942654264	小将|小量|战将|湛江|照亮|着凉|萧梁|贤良|销量|限量|骁将|鲜亮
942654264326494364	贤良方正
9426542643664	赵良栋
9426542644264	湛江港
94265426446649464	限量供应
942654264568	小两口
94265426468742	先奸后杀
94265426474	赵良嗣
9426542647426	小凉山
942654264744	湛江市
94265426482244	鲜廉寡耻
94265426484	笑脸鬼
942654264944744	贤良之士
94265426634	肖建妹
94265426726	仙剑三
9426542674	仙剑奇
94265426866432983	西安交通大学
9426542694	掀帘子
94265426942649464	笑脸相迎
94265426942674	涎脸涎皮
942654269446464	先见之明
942654269464736	笑脸迎人
9426542744	斩假石
94265427468624	照价收买
9426542784	萧嘉穗
94265428426	赵家条
94265428464	小家庭
9426542926	赵家湾
942654294454	招架之力
94265429474	小家子气
9426543	仙界|先烈|小姐|小结|小节|小街|消解|衔接
9426543244664	消极怠工
94265433744	小己得失
94265433826	现阶段
94265435426	战列舰
94265436426494	赵杰娘子
942654368	站街女
942654394454	纤芥之疾
9426543944744	纤介之失
942654439436	消极隔振
9426544682464	先礼后兵
94265453	赵寄客
942654583	斩立决
9426546	先进|宵禁|小林|小金|沾襟|现今|现金|西柏林
942654626	小津安
94265463	现金额
94265463234	照临大地
94265463364	赵金凤
94265464	仙境|先令|占领|县令|县境|娴静|孝敬|孝经|小井|小令|小径|小景|昭陵|显灵|诏令|限令|险境|陷阱
94265464248	招领处
9426546426	消极面
94265464326	校领导
9426546448	小镜湖
94265464486	占领国
942654645464	小精灵|战兢兢
94265464586	占领军
9426546468248	先进后出
9426546474498	招领失物
9426546478	占领区
942654648264	肖劲光
942654648664	小灵通
9426546494	小玲子|照镜子
94265464943	占领者
942654649858	小静语录
9426546524	招进来|站进来
942654658	小金库
9426546742583	斩尽杀绝
94265467445426	宵禁时间
942654678	站进去
942654694	小林子
94265469426	先进县
94265469426248	先进先出
94265469464	先进性
942654736	召集人
9426547426	献礼片
942654744	县级市
94265474524	站立起来
942654746	战利品
942654748	战技术
9426548	照旧|腺瘤
942654823583	限流策略
942654838	现就读
94265484	线粒体
942654854264	斩六将
94265486264	小流氓
9426548826	小集团
942654894	小舅子
94265492	西伯利亚
942654923478	西伯利亚地区
942654942623	献计献策
94265664	小孔|小龙
94265664486	鲜龙活
9426566488	赵龙图
9426568	小楼
942656824264524	笑口常开
942656828	先寇布
9426568324	小口袋
94265685464	小口径
942658	先露|占居|占据|小路|小鹿|展露|战具|战局|招录|效率|显露|笑剧|线路|酰氯|销路|闲居|鲜绿
942658226	线路板
94265824264	小剧场
942658248	显露出
942658248524	显露出来
94265826	占款|展宽|战乱|现款
942658264	战况|找矿|现况
94265826493454	战况危急
942658264946	赵匡胤
9426583	先决|先觉|战略
94265834664942	战略轰炸
9426583542	战略家
942658378	战略区
942658384265426	先决条件
94265839464	战略性
9426583983	战略学
94265839894	战略物资
9426584688426	先苦后甜
9426585426	赵率教
94265854294664	闲居家中
9426586	小军|小轮|小锣|斩落|昭君|暹罗|赵军|险峻|陷落
9426586349436	陷落地震
94265865494664	陷落计中
9426586586	小军军
942658674634	枭俊禽敌
9426586943	肇俊哲
9426587426546	啸聚山林
9426588685426	崭露头脚|崭露头角|显露头角
94266	夏末
942662	小马|战马|招纳|献纳|笑纳|笑骂
942662326	找麻烦
9426624	先买|小麦|鲜奶
942662428	小卖部
9426624336	小麦粉
9426624624	小买卖
942662494	小鼐子
9426626	小帽|小毛|小猫|小脑|毡帽|沾满|纤毛|腺毛
942662624664	纤毛虫
9426626326246	挦毛捣鬓
94266264	小囊
9426626468486	先难后获
942662648248	照猫画虎
942662678	孝南区
94266269464	赵南星
94266294	小蚂蚁
9426634	县内|小妹|校内|献媚|衔枚|陷没|鲜美
942663454264926	鲜眉亮眼
9426634634	小妹妹
9426634768786	站内搜索
942663494	小妹子
9426634948	贤内助
9426636	小门|校门|鲜嫩
94266364	效能|贤能
942663646364	小蒙蒙
9426636568	校门口
942664	依从|小米|小鲵|消弭|着迷|自从|译丛
94266426	小苗|小鸟|照面|现年|线描
9426642648	笑面虎
94266426494	小娘子|赵娘子
9426642664	一丛丛
942664269245426	笑面外交
9426642693242	笑面夜叉
9426642694736	小鸟依人
9426643	消灭
9426643247484	沾泥带水
94266443524	喜从何来
942664482694	依从关系
9426646	先民|县民|小民|消泯
94266464	咸宁|小名|小命|效命|昭宁|昭明|显明|校名|照明|现名|站名|笑咪咪|笑眯眯|贤明|鲜明
9426646424364	赵明诚
94266464326	照明弹
942664643364	照明灯
9426646434	孝明帝
9426646437	小名儿|小命儿
9426646474354	照明设计
94266464744	咸宁市
942664649264	小明王
9426646494	肖明子
942664649664	照明用
9426646826	赵敏叹
94266468426	占民田
9426646934934	赵敏微微
94266469426	赵敏笑
9426646944	赵敏之
9426648	小妞|小牛
942664837	小妞儿
9426648384	小牛队
942664842654264	喜从天降
9426648624	鲜牛奶
94266494	小妮子
9426649468	小米粥
942666	小磨|消磨|着魔
94266664	小农
94266664546454	小农经济
94266664826	先农坛
94266666	赵嬷嬷
94266748	夏末秋
942668	仙女|召募|小女|战幕|招募|羡慕
94266837	小女儿
942668424	小女孩
942668543426	斩木揭竿
94266874	詹姆斯
942668744	詹姆士
94266894	小女子
942668942326	仙女下凡
942668944	小拇指
942672	子伯萨|潇洒
94267224664	小爬虫
9426722854	潇洒不羁
9426723364548	潇洒风流
9426724	招牌|照排|站牌
9426726	小盘|小跑|战袍|显然|沾染|消散|罩袍|萧然|闲散
9426726326	沾染到
942672643	赵三哥
94267264944243	霄壤之别
94267264944748	霄壤之殊
942672654	消泡剂
9426726543	战三捷
942672674264	沾染上
9426726786543	昭然若揭
94267269264	小三阳
942672693	赵三爷
9426726942	小三峡
9426726943	一波三折
942672698924	萧然物外
9426729478	潇洒自如
942672968	潇洒走
942673	招惹|显色|沾惹|萧瑟
9426732874	招惹不起
9426736	仙人|先人|小人|招认|现任|詹森|贤人|闲人
942673633944	小人得志
94267363664	仙人洞
942673637	小人儿
94267364	小棚
9426736424	赵人孩
9426736426326	照人肝胆
942673646854	先人后己
942673646894	先人后已
9426736494264	线膨胀
942673649426458	线膨胀率
94267364968	小朋友
94267366426546	闲人免进
94267368426	仙人跳
942673694264	仙人掌
94267369432426	先人着鞭
94267369445426	小人之交
942673694458	仙人指路
942673698	小人物
942673744334	招惹是非
942673944748	显色指数
942674	仙器|仙气|先期|嫌弃|小厮|小器|小憩|小旗|小气|展期|战旗|战死|找死|掀起|效死|朝气|校企|沼气|消气|贤妻|闲气|限期|骁骑
942674243	小汽车
942674244	沼气池
94267426	仙山|先前|先遣|小山|小巧|小桥|小瞧|小钱|战前|找钱|显山|栈桥|消遣|照片|现钱|纤巧|线桥|萧乾|萧山|闲钱
94267426226	小山包
942674262454	削铅笔机
94267426384	先遣队
942674264	县上|小商|小强|战伤|招商|献上|站上|萧墙
9426742642486	肖上唇
942674264326	小商贩
9426742643364	占上风
94267426448494	线上会议
94267426448674	萧墙祸起
942674264524	站上来
94267426458	招商局
942674264636	找上门
942674264746	小商品
9426742648468	瞻前顾后
942674264944486	萧墙之祸
9426742649464264	招商银行
94267426494694	招商引资
94267426498693	线上作业
942674265464	腺嘌呤
9426742654645664	小巧玲珑
942674265487484	小桥流水
94267426587484	显山露水
94267426636	小窍门
9426742668	小乔木
94267426786	赵钱孙
9426742693	小少爷
9426742694	占便宜|小便宜|小偏宜
94267426942632	小敲小打
942674269426468	战前战后
942674269436	线偏振
94267428584	孝思不匮
9426743	校射|校舍|照射
942674326	削皮刀
94267432632	先期到达
94267434844824	枭蛇鬼怪
94267435426	弦切角
94267436	战神|消沈|献身|现身
942674364	先圣|先声|先生|啸声|小声|小生|战胜|招生|显圣|消声|笑声|箫声|线绳|险胜
942674364226	招生办
9426743642426943	小生产者
942674364249464	销声避影
942674364386736	先声夺人
942674364468744	先声后实
94267436446874824	先盛后衰
942674364486	战胜国
942674364542694264	招生简章
9426743646454	销声匿迹
942674364649464	销声匿影
9426743646843	朝升暮合
942674364736748	招生人数
94267436474	消声器
942674364748	招生数
9426743648484	贤身贵体
9426743649468	显生宙
9426743674482	献身四化
942674367468	显身手
94267436748632	现身说法
9426743692646464	显身扬名
9426743693484	闲神野鬼
9426744	仙逝|先世|先师|先是|县市|小事|小史|小室|小时|小石|小视|小试|小释|小食|展室|展示|战事|战史|战士|战时|找事|招式|昭示|显示|校释|沾湿|消失|消逝|消释|消食|淄博市|照实|现世|现实|现时|硝石|肇事|肇始|西安市|贤士|闲事|闲时|闲适|限时|鲜食
9426744226334	招是搬非
94267442426	西安事变
942674424269426	现实表现
9426744286924	现实存在
942674432	以案释法
942674434	小师弟
942674437	小事儿
942674438	詹事府
9426744426	现实感
94267444664	小时工
9426744468	小时候
942674448253	小事化了
942674448298	小事化无
9426744484	展示会
94267444888	小事糊涂
9426744526334	招是揽非
9426744526448	枭视狼顾
9426744646	小市民
942674466	消失模
942674468	小气候
942674473334	招事惹非|招是惹非
942674474	显示器
94267447426	小石桥
942674474364334	招是生非
94267447464	显示屏
9426744748	小师叔|小时数
942674478	县市区|展示区
9426744824	展示台
94267448264	赵歧黄
942674484	詹石梯
9426744926	赵世炎
942674494	显示仪
94267449426334	闲是闲非
942674494278	消失下去
9426744943	肇事者
94267449436	小市镇
94267449464	现实性
942674494664	赵师兄
9426744946643826	显示终端
942674494694	显示信息
942674494894	现实主义
942674494894943	现实主义者
942674494948264	小事一桩
9426745426468	贤妻良母
942674543	战七捷
942674546	赵启霖
9426746	先秦|小品|展品|招亲|招聘|效颦|鲜品
94267462438	嫌贫爱富
942674628942624264	笑贫不笑娼
942674632448	沾亲带故
9426746324968	沾亲带友
94267464	咸平|战平|战情|校庆|肇庆|险情
94267464243944	闲情别致
9426746443	小清河
94267464482	赵庆华
94267464486	削苹果
942674644894	瞻情顾意
942674646426	小青年
94267464744	肇庆市
942674647464	赵萍萍
942674648	小贫户
9426746484	招聘会
942674649478	闲情逸趣
9426746494944	闲情逸志|闲情逸致
94267468	小兽|小手|招手|招收|斩首|枭首|消受|消瘦|销售
9426746828	销售部
942674683	销售额
9426746832968	小受大走
942674683426	销售点
942674684684664	先守后攻
9426746854264	销售量
9426746874264	销售商
9426746874494664	斩首示众|枭首示众
94267468943	销售者
94267468944	小手指|战守之
94267468945664	销售一空
942674689826	销售员
9426746936	小品文
9426746943	招聘者
942674736426	朝气蓬勃
94267474364	战四胜
942674746	肖其亲
94267478	招奇速
9426748	削球|县属|娴熟|小丘|小叔|小数|小暑|小树|小球|小鼠|战书|战术|招数|招术|消暑|着数|诏书|贤淑|闲书
942674825393474	肖斯塔科维奇
94267483426	小数点
94267484	咸水|小睡|找水|涎水
942674843426	小水电
9426748448	咸水湖
94267484664942	战术轰炸
942674854	赵树理
9426748546	小树林
94267486	孝顺|小说|照说
9426748654	小说集
94267486542	小说家
9426748664	小说迷
94267486744	小说史
94267486746326	小说频道
94267486782654	小说全集
9426748693474	孝顺为齐
9426748694	小顺子
94267487426	赵舒翘
9426748926	小球藻
9426748936	萧树文
942674894	小叔子
94267489464	战术性
9426748983	战术学
94267492624364	限期完成
94267493	小企业
942674934	肖启伟
94267494	小奇子|小日子
9426749426	赵齐贤
94267494265426	涎皮涎脸
94267494364	赵启正
942674949464	小器易盈
94267664	消融|笑容
942676645358	笑容可掬
942676646266426	笑容满面
942676647468	赵松寿
9426766494	小容子
9426768	咸肉|鲜肉
942678	先驱|占去|县区|小区|小曲|小苏|小觑|展区|战区|昭苏|校区|沾濡|限速|陷入
94267822678	见素抱朴
94267824664934	陷入重围
942678248	赵朴初
94267826	小泉|小犬|硝酸|线圈
942678262264	占全邦
9426782626	硝酸铵
94267826426968	硝酸甘油
94267826586948	掀拳裸袖
9426782662	硝酸钠
9426782662484	招权纳贿
942678266258	招权纳赂
94267826726	小算盘
9426782674364	战全胜
94267826926	硝酸盐
9426782694	小圈子
94267826946	硝酸银
942678269468	占全洲
942678327436	小屈大伸|小屈大申
94267837	小曲儿
94267838	线速度
9426785426458	陷入僵局
942678546	现如今
9426785835464	陷入绝境
9426785865464	陷入困境
9426786	小群|纤弱|线索|萧索
942678694	小孙子
94267874364	赵普胜
942678749464	昭如日星
942678934948	先入为主
942678943	先驱者
9426789445426	先入之见
94267894498	献曲之誉
94267898	赵汝愚
94268	侠女
9426824	仙台|展台|站台
9426824468	萧太后
94268245426	小太监
942682493	县太爷
9426826	乍暖|仙桃|小摊|消痰|笑谈|闲谈|险滩
9426826326	小摊贩
94268264	鲜汤
9426826424426	乍暖还寒
942682644826	赵堂官
942682653	战坦克
9426826744	仙桃市
94268354	肖特基
942684	腺体|舷梯
94268426	先天|线条|萧条
942684262898	先天不足
942684263	小天鹅
94268426366434	掀天动地
942684264364	赵天衡
9426842654	现调机
9426842654334	掀天揭地
94268426868744	线条透视
94268426944	占田制
942684269445464	先天之精
942684269464	先天性
942684269464642694	先天性免疫
94268426968	詹天佑
9426843	招贴
94268432986	小题大作|小题大做
9426843482	招贴画
94268435433464	斩铁截钉
9426844849426	鸮啼鬼啸
94268464	小艇|展厅|消停
942684644826434	占廷皇帝
9426846494628	闲庭信步
942684746	小提琴
942684746542	小提琴家
9426847467468	小提琴手
9426848898	沾体涂足
94268664	仙童|啸桐|小童|昭通
9426868	兆头|先头|小偷|线头
9426868226	小偷版
94268682426	招投标
942686837	小偷儿
942686854983	斩头沥血
942686878934	斩头去尾
942686894265426	小头小脸
9426868942666	小偷小摸
94268748744	夏目漱石
942688	线图
94268826	展团|战团|线团
9426882684	小团体
9426884	小腿|消退
9426884243	小推车
9426884689264	先土后洋
9426886286	小屯村
942692	兆瓦|县衙|娴雅|小娃|小雅|小鸭|爪哇|爪牙|闲杂|闲雅
94269226	酰亚胺
942692326	爪哇岛
9426924	一按在|校外|现在
942692424	爪哇海
9426924526486	招灾揽祸
942692473486	招灾惹祸
942692494	小崽子
942692494494	弦外之意
942692494494264	弦外之响
9426924944946	弦外之音
9426924968946	弦外有音
9426926	先验|小枣|小灶|小眼|展演|招摇|效验|斩妖|显眼|显耀|显要|消炎|照耀|硝烟|笑颜|逍遥|险要|险遭|鲜艳
94269262426498	闲言长语
942692626	一波万波
94269262674	小眼薄皮
942692632698	闲言淡语
942692632924	逍遥法外
942692637	小幺儿
942692638668	鲜艳夺目
94269264	先王|咸阳|展望|昭王|消亡|照样|现洋|瞻仰|瞻望|谵妄|贤王|销往
942692642458	先验概率
94269264264	赵延刚
9426926432524	小往大来
9426926432944	小枉大直
942692644664	咸阳宫
94269264586	赵王伦
9426926462726	招亡纳叛
942692647426	赵王迁
94269264744	咸阳市
94269264784	赵王遂
942692648	逍遥谷
94269264824	小妖怪
942692648464	瞻仰厅
9426926486486	硝烟滚滚
9426926486744	招摇过市
9426926493	小王爷|赵王爷
9426926494	小王子
94269264947664	瞻仰遗容
94269264984	销赃罪
942692653	逍遥客
9426926546	逍遥津
94269265464	小妖精|照妖镜
9426926586	先验论
942692664626	硝烟弥漫
9426926724	逍遥派
9426926726	笑嫣然|逍遥散
942692673698	显要人物
9426926744924	逍遥事外
94269267698	闲言泼语
942692678498	闲言碎语
9426926826	逍遥叹
9426926926	消炎药
94269269264	逍遥网
9426926934	硝烟味
942692694	小燕子|逍遥子
9426926942698	涎言涎语|闲言闲语
94269269433	逍遥自得
94269269482647426	招摇撞骗
942692694924	消遥自在|逍遥自在
9426926968	逍遥游
942692698924	逍遥物外
942692736	爪哇人
9426927363364	闲杂人等
9426927369826	闲杂人员
942692868	小丫头
942693	宵夜|小叶|小野|沼泽|消业|消夜|笑靥
94269334	沼泽地
9426934	占位|县委|县尉|咸味|展位|招委|显威|显微|校尉|站位|纤维|鲜味
9426934226	纤维板
9426934326224	纤维蛋白
9426934482	纤维化
942693448264983	纤维光学
94269345464	显微镜
9426934548	纤维瘤
942693454968	占为己有
9426934736944	鲜为人知
94269347439464	显微摄影
94269347464	一波未平
942693478	纤维素
942693478634	纤维素酶
942693494498	纤维植物
942693498944	纤维组织
94269354934	小野鸡尾
9426936	小温|站稳
9426936324	招文袋
942693634	孝文帝
9426936482	赵文华
94269367468	萧文寿
94269378	小夜曲
942693948	小业主
942694	仙子|咸熙|嫌疑|嫌隙|孝义|孝子|孝衣|小姨|小子|小字|小戏|小溪|小翼|小艺|小西|弦子|战役|战意|招子|效益|朝夕|校医|毡子|消息|献艺|现已|现役|笑意|纤细|罩子|罩衣|闲逸
9426942	一按下|仙霞|小虾|朝霞|消夏|线下|闲暇|险诈
94269422486	肖下唇
942694226	消息报|腺细胞
94269423454	闲暇地理
94269424	小寨
94269424369468	小隙沉舟
9426942482634	消息传递
942694248264	赵峡黄
9426942524	闲下来
94269425464	仙霞岭
94269426	先兆|先贤|占先|县县|宵小|小小|小站|展现|展销|战线|招展|招招|招贤|昭昭|显效|显现|消闲|潇潇|献县|笑笑|纤小|萧县|萧萧
9426942624	展弦比
9426942624364	赵贤成
94269426248524	显现出来
9426942626	肖战波
9426942628926	小小不言
9426942633	小小的
942694264	仙乡|县乡|县长|宪章|小巷|小张|小项|招降|昭彰|显像|校长|毡帐|消长|潇湘|照像|照相|现象|站长|线香|肖像
94269426424826	衣钵相传
942694264482	肖像画
9426942644826	显像管|照相馆
942694264482674364	险象环生
94269426454	照相机
94269426468426	先笑后号
94269426468936	先斩后闻
94269426468968	先斩后奏
942694264724	宪章派
94269426474267426	照相乾片
942694264748	照相术
942694264826448264	战战惶惶
94269426484	展销会
94269426494	小巷子|赵襄子
94269426494748	线胀系数
942694264983	现象学
94269426526	找找看
9426942654264	赵晓亮
942694265454	战战栗栗
9426942654645464	战战兢兢
9426942662744	招贤纳士
942694266868	朝朝暮暮
94269426736468	先小人后
9426942674364	笑笑生|萧先生|赵先生
942694267468	招招手
94269426748264	赵小双
942694267486	小小说
9426942692468	昭昭在目
9426942694426	沾沾自好
9426942694626	沾沾自满
942694269473	贤贤易色
942694269494	沾沾自喜
94269426949826	沾沾自衒
94269426987468	纤纤玉手
9426942746893474264	先下手为强
942694278	斩下去
9426943	先哲|小写|小鞋|消协|照着|贤哲|贤者|闲着|险些
942694326	嫌疑犯
9426943283664	站着不动
942694328624364	闲邪存诚
942694328664	小异大同
942694334	小西飞
94269433654	腺鲻鼢鲫
94269434	赵一荻
94269435426	涎着脸
94269436	小镇|战阵|陷阵
9426943634744	闲着没事
9426943637486	照这么说
942694364	宪政|战争
94269436438	县政府|现政府
942694364744	战争史
9426943647826	现政权
942694364943	县政协
94269436494364	赵争争
9426943654	赵贞吉
94269436736	赵真人
94269438	小媳妇
942694384543	消息队列
9426944	先知|县志|小指|招致|校址|照直|现值|现址|现职|闲置|闲职|限制
942694426744	宵衣旰食
942694428524	招之不来
9426944289664	闲置不用
9426944426	赵志皋
9426944468583	先知后觉
942694454524	召之即来|招之即来
94269445464	赵志敬
94269445664	赵之龙
942694468626	先易后难
94269447426	赵之谦
9426944744	县知事
94269449267426	笑止万千
9426944936	赵志文
942694494	鲜之意
94269449426583	先知先觉
94269449454	晓之以理
94269449464	限制性
942694498	显植物
94269454648664	消息灵通
9426945664	赵子龙
9426946	孝心|小心|崭新|招引|消隐|消音|闲心|馅心
94269462464	先心病
94269464	先行|占星|咸兴|小型|小影|小鹰|战鹰|招行|效应|显形|显影|显性|沾腥|照应|照映|现形|现行|笑星|线型|线形|线性
9426946424264826	线性变换
94269464242944	线性插值
94269464243	小型车
94269464264	赵姨娘
94269464265464	小兴安岭
94269464324748	线性代数
94269464326424364	线性方程
9426946432642436498	线性方程组
94269464342658	线性电路
942694643626	枭心鹤貌
94269464366498	线形动物
9426946437	小性儿
94269464424	冼星海
94269464482	小型化|线性化
94269464482694	线性关系
94269464484482	线性规划
9426946454	小型机|显影剂
9426946474	效应器
942694647449436	线性失真
94269464748	占星术
94269464826242	线性探查
942694648426944	线性调制
9426946492646464	显姓扬名
942694649378	晓行夜宿
9426946493948	晓行夜住
9426946494	小英子
9426946494264	小型张
94269464942644826	线性相关
942694649428	先行一步
94269464943	先行者
942694649464	小行星|笑盈盈
94269464948664	线性系统
942694649843	线性组合
9426946498944	线性组织
94269464989826	线性无缘
94269465467436	小心谨慎
9426946634	赵辛楣
942694664	小熊|小种|效忠|枭雄|消肿|险种
94269466426626	崭新面貌
9426946642832	现钟不打
94269466434	小兄弟
9426946643832	现钟弗打
9426946644664	萧仲恭
942694664484	萧中慧
942694664626	小熊猫
9426946647826	赵钟泉
942694664926	消肿药
94269466494264	赵忠祥
9426946649448664	消肿止痛
942694664986	小熊座
9426946746	献殷勤
94269468	小舟|线轴
94269468426942	昭信天下
94269468464	赵欣婷
9426946862	鲜衣怒马
942694687426	赵州桥
9426946926	小心眼
942694692637	小心眼儿
9426946946	笑吟吟|赵鑫鑫
94269469494	小心翼翼
9426946983	小欣月
942694736	嫌疑人
94269474	小意思
9426947426	萧一山
94269474364	小牺牲
9426948	先主|小修|显著|站住
942694826	小传|小篆|展转
9426948264	现状|线状|线装
9426948264236	线装本
9426948264748	线装书
94269483	赵秀娥
94269484	招赘
94269485426	站住脚
94269486	小桌|小酌|照准
9426948746524	笑逐频开
9426948926524	笑逐颜开
9426949264	赵紫阳
94269492786	消息压缩
942694934	萧子蔚
94269494	小姨子|笑嘻嘻
9426949426	笑一笑
94269494264248	朝夕相处
9426949426786	孝子贤孙
9426949464	小西行|效益型
9426949466454265426	消息中间件
942694983	战役学
94269498626	仙姿玉貌
9426949873	仙姿玉色
94269498944	仙姿玉质
94269664	占用|孝宗|宪宗|小宗|招用|效用|昭宗|骁勇
942696642464	赵总兵
942696643664	赵永东
9426966474269426	骁勇善战
942696649426	赵用贤
9426968	仙游|占优|占有|战友|效尤|校友|现有|鲜有
942696824364548	小有成就
942696846853	先忧后乐
942696854264	占有量
942696858	占有率
9426968646474	小有名气
942696874	一波又起
9426968744	占优势
94269687826	占有权
942696878624364	小有所成
94269689426	仙游县
94269689428	先走一步
9426968943	占有者
9426968968744	占有优势
942696898	占有欲
94269694862426	先我着鞭
942698	先于|先祖|县域|咸鱼|嫌恶|小于|小卒|小屋|小组|小许|小雨|小鱼|晓谕|校务|笑语|诏谕|谵语|贤愚|跣足|锡伯族|限于|险阻|陷于|鲜于|鲜鱼
94269824264484	战无常规
9426982484482	宵鱼垂化|霄鱼垂化
94269826	小原|小院|招远|校园|消旋
94269826484	小渊惠
9426982668	赵元奴
94269826736	赵元任
942698267426	萧远山
94269826924	赵员外
942698269264	校园网
9426982694	小玄子
942698269464	小袁营
9426982853	战无不克
9426982874364	战无不胜
9426983	小学|小雪|弦乐|弦月|战靴|昭雪|献血|鲜血
9426983494	小组第一
942698354654	鲜血淋漓
942698374	弦乐器
942698374364	小学生
94269839426	小学校
9426983943	献血者
942698484	小组会
9426984863664	小组活动
94269853868	跣足科头
942698542632	小巫见大
94269854263298	小巫见大巫
9426985464	赵武灵
94269854858	削足就履
9426985835464	陷于绝境
9426986	战云|找寻|校训|赵云|闲坐
9426986248	找寻出
9426986326	找寻到
94269863264	小作坊
942698632698	硝云弹雨
94269864843	闲云孤鹤
942698654874	瞻云就日
94269868426	义薄云天
94269869343	闲云野鹤
9426986946	赵云引
94269869869664	消晕作用
942698724	小组赛
94269874	赵旭日
9426987464	赵玉屏
9426988247426	小五台山
9426988664	鲜于通
94269892646464	显祖扬名
94269894454	先务之急
9426989449464	先予执行
9426989832	弦无虚发
942724742645664	下塞上聋
94272537369468	下萨克森州
942726	乍然|吓跑
942726526	下三滥|下三烂
94272658	下三路
942734	霞帔
942736	下人|下任|吓人|虾仁
94274	下寺|下期|下棋|下驷|侠气|夏日|暇日|炸死|虾皮|诈欺|诈死|遐思
9427426	下山|下潜|下篇|诈骗
94274264	炸伤
942742649468	夏商周
94274267445426	下片时间
942743	下切|下设
9427436	下身
94274365862874	扎什伦布寺
942744	下世|下士|侠士|扎实|暇时|诈尸|霞石
94274454	下世纪
942746	下品
9427464	下情
9427468	下手|下首|夏收|扎手
942746824264744	下手尝试
942748	下属|下述|夏秋|柞树
9427484	下水
9427484326	下水道
94274854	夏秋季
9427486	瞎说
942748622326	瞎说八道
942748626	下丘脑
9427488426	炸薯条
94276	下坡
9427658	下坡路
9427664	伊阿宋
94278	下去|下铺|乍浦|扎曲|榨取|诈取|辖区
94278466474	夏普公司
9428	一步|一部|亿部|子部|异步|徙步|滋补|移步|细布|细部|膝部|西部
94282	下榻
942824	下台
942824269464	以不变应
9428242694649262426	以不变应万变
942824626	义不辞难
9428247486	自不必说
94282484	衣不蔽体
942826	下探
9428264	下堂
942828	一步步|一簇簇
942832	一步法
9428324926	自不待言
942832648	义不反顾|议不反顾
9428326934	一步到位
9428336	一部分
942833648426	一步登天
9428336543	细部分解
942833694	一部分一
942834263664	异步电动
9428349424	资不抵债
94283724364	一蹴而成
94283733	一蹴而得
94283754	一蹴而及
942837548	一蹴而就
94283794	一蹴而易
94284	下体
942842484	衣不盖体
9428426	下田|下调|夏天
942842643543	下调和解
942843	下帖
9428464	乍听
9428464944942	乍听之下
942849344664	依翠偎红|倚翠偎红
942852	伊布拉
94285264	西布朗
942852946	易卜拉欣
94285324364	一蹴可成
94285354	一蹴可几|一蹴可及
94285426454	自不量力
94285453	以不济可
94285487436	一不留神
94286	一寸|一村|依存|自忖|西村|遗存
94286244946	一寸赤心
94286249426	意存笔先
94286326946	一寸丹心
9428638	依存度
94286482694	依存关系
942864894664	一不扭众
9428664	下同
942868	下头
94286924286	一错再错
94287258	一不怕苦
942873698	异步任务
942874	一步棋
94287426	西部片
942874364	易卜生
942874364224	义不生财
9428744746	滋补食品
9428746	滋补品
94287464	洗不清
9428766424	义不容辞
9428766432	细不容发
9428787664	义不取容
94288	下图
942884	下推
942884384543	下推队列
9428926224	衣不完采
94289294664	一不压众
94289426826	席不暇暖
94289426946	一不小心
942894435426946	一步一个脚印
9428944826	喜不喜欢
942894484	一步一鬼
9428944926	一步之遥
942894546	喜不自禁
942894664224	衣不重彩
94289466426	衣不重帛
94289474364	喜不自胜
94289478	一步一趋|亦步亦趋
942894894	一不注意
94289494	一粗一细
942898	一步舞
9428984824	子不语怪
9428986	一不做
94292	下压|夏娃
942924	下载
94292426948264	下载安装
942924286364	下载不能
9429243264744	下载方式
942924466458	下载工具
94292458264	下载狂
9429249426	下载站
942926	下咽|下腰|下药|夏衍|峡湾|扎眼|炸药|眨眼|瞎眼
942926226	炸药包
9429264	下网|下葬
9429265464	眨眼睛
94292674	下眼皮
94292694664	夏赞忠
94293	下叶|下野|夏夜
9429333	扎耶德
942934	下位
94293474	下围棋
94293494	夏威夷
942934949468	夏威夷州
942936	下文
9429364936	夏增文
94294	下子|下移|侠义|匣子|扎西|渣子|渣滓|狭义|瞎子|虾子
942942	下辖|喳喳|辖下
94294234	下一辈
9429424	狭窄
9429424264	下一场
9429426	下线|下限|下陷|乍现|夏县|狭小
94294264	下乡|诈降|遐想
942942694364	夏小正
9429426983	下弦月
94294274	下下棋
942942744744	扎扎实实
942942854482	下一步计划
94294294423	下下之策
942943	下泄|下泻
94294324	下一代
94294347486	狭义地说
9429436	扎针
94294364	扎挣
9429436474	夏正思
942943664	渣滓洞
9429437	扎伊尔
94294398	下着雨
942943983	下着雪
942944	下肢|夏至|扎制|榨汁|辖制
94294432	侠之大
94294526	乍一看
9429454647436	侠义精神
9429464	下营|下行|扎营
942946474	下星期
94294664	下种
942946646664	下中农
942946649464	夏中星
9429468	下周|夏州
9429468747264	遐州僻壤
942946894	下周一
94294694364	狭心症
9429474264	匣子枪
94294744	下意识
942948	下注
942948264	下装|夏装
9429484	下坠
942948464	乍一听
942949826	下议院
94296642464	夏总兵
942968	下游|榨油|渣油
94296838423	下有对策
9429689426	下有小
94298	下余|下午|下狱|下雨|夏族|夏禹|炸鱼|瑕瑜
9429826	下院
942982654	夏原吉
942982693	夏煊泽
942982894	下愚不移
942983	下学|下月|下雪
9429837426432	下学上达
94298426	下午好
942985426	夏玉莲
942986	下作|下旬
9429867826	夏佐全
942988426	下雨天|夏雨田
9432	一发|一大|一打|亿发|以法|伊达|依法|医大|戏法|易发|益发|自发|自大|自打|西达|译法
9432226	一大半
9432226426	依法罢免
943222654	依法办理
9432226744	依法办事
9432242248	依法查处
94322426	易大彪
943224364944	依法惩治
9432247426	一大笔钱
943224854	依法处理
943226	协办|这般
9432263	以恶报恶
9432264	这帮|鞋帮
943226474	哲蚌寺
943226482645464	这般光景
94322698	卸包狱
943228336	一大部分
94322853	一发不可
943228537468	一发不可收
9432285826	细大不捐
943232	一发发
94323249464	以罚代刑
94323254	依法打击
943232743	自发发射
943234	浙北
94323454	谢贝利
94323468	浙贝母
94323494	这辈子
943236	写本|这本
94323728537468	一发而不可收
94323743	伊达尔戈
9432374664	一大二公
9432379664	一搭二用
94324	一代|一带|一袋|以待|子代|自带|衣袋|这次|这笔|遮敝|遮蔽
9432426	折变|斜边|这边
943242637	这边儿
94324264	这场
94324264283826	折长补短
94324264744	斜长石
943242648464	谢长廷
943243	卸车
94324324	一代代
943243364548	一代风流
9432434642436	一代鼎臣
94324364	写成|携程
9432437486	一带而过
943244	挟持|谢持
94324426543	一代豪杰
9432448264	谢爱光
9432464748936	挟冰求温
94324664	折冲
9432466438	折冲府
94324664742654	折冲千里
94324664926626	折冲厌难
9432466498698	折冲尊俎|折冲樽俎
9432468	遮丑
94324736	一代人
943248	写出
943248263	以讹传讹
9432485474	协处理器
943248624364	自发过程
943249426	衣带诏
94324943	遮蔽着
943249464426	一代英豪
94324948	遮蔽住
9432496642436	一代宗臣
943249664744	一代宗师
9432498	遮蔽物
94325264	亿法郎
9432526726	易发牢骚
943254	意大利
943254234	意大利杯
9432542649664	一搭两用
943254294	一大家子
9432543	西大街
943254384	意大利队
943254466443486	意大利共和国
943254736	意大利人
943254744	意大利式
9432549264486	意大利王国
943254936	意大利文
9432549436438	意大利政府
94325498	意大利语
943258264	自大狂
94326	一刀|一担|一旦|一番|一道|伊凡|医道|子弹|戏单|稀饭|胰岛|自反|西单|西岛|谐波|驿道
94326224634	胰蛋白酶
9432624264824	一反常态
9432624784	意到笔随
94326248	一翻出
94326267468	易发难收
94326326	一翻到|一道道
94326329264	自蹈法网
9432633647486	一帆风顺
943264	一方|一档|乙方|以方|以防|伊方|医方|子房|洗荡|移防|西方|资方
9432642823	以防不测
94326432	易方达
9432643832	一党独大
943264482	西方化
943264584826	以党举官
9432646426	一方面
943264736	西方人
9432647436926	意荡神摇
943264744	西方式
94326482	一番话
943264826	胰胆管
94326492694	以防万一
94326494	一档子
943264944	一党制
943264944736	一方之任
943264944986	义方之训
943264948464	一房一厅
943264968626	一方有难
94326498543	遗芳余烈
94326534	伊凡雷
943265426	西番莲
94326542643826	一刀两断|一刀两段
94326549264	一反既往
9432658946	一番苦心
9432664	胁从
9432664326	胁从犯
94326686	伊凡诺
943267426546	一饭千金
94326743	一刀切
9432674326	一反其道
9432674426	衣单食薄
9432674863364	一帆顺风
9432678	胰岛素
9432694433	一饭之德
9432694664426	义胆忠肝
94326949264	自繁自养
943269494	一旦一夕
94326949486	一饭一啄
9432726944	依法炮制
943274	一大批
94327426586	一发千钧
943274454	自发势力
94327484	洗发水
94327633	一发破的
94327834	依法取缔
94328	这部
9432832694364	邪不犯正
943283294364	邪不伐正
94328336	这部分
943283494364	邪不敌正
94328426	一大跳
9432842694364	邪不干正
943285426	遮不了
94328685426	遗大投艰
943287436494364	邪不胜正
94328842634	这步田地
94328942694	胁不沾席
9432926	一大早
9432926226	依法严办
94329345426	以法为教
943294264	依达乡
9432943264	一搭一档
943294454	依法治理
94329447484	以法治税
94329464	自发性
943294664944	自发终止
94329484548	依法追究
943298236	枝大于本
94329894	以大恶细
9433	以德|伊德|医德|希德|易得|熙德|自得|艺德|西德|邪恶
94332	写法|浙大
94332269826	以德报怨
943324	懈怠|挟带|携带|鞋带
94332432642426	携带方便
943324943	携带者
943326	写道|折返|邪道
9433264	协防|这方|遮挡
943326454	谢方立
94332646426	这方面
943326494	这档戏
9433264948	遮挡住
943326726	折返跑
9433269264	谢丹阳
943329264	谢法王
94332942	谢大侠
9433343733	谢菲尔德
9433345426	谢菲联
943336	泄忿|泄愤|蟹粉|这份
94333626	谢德曼
94333637	这份儿
94333642498	遮风避雨
9433364326498	遮风挡雨
943338736	以德服人
94334	着地|矽肺|自肥|自费|西非|资费|鞋底
9433422474364	一吠百声
94334246648426	一飞冲天
9433426	卸掉|这点|鞋垫|鞋店
943342637	这点儿
943343	折叠
943343744	折叠式
943344248426	遮地盖天
94334486542	西非国家
94334548983	自费留学
9433464	协定|谢顶
9433474264983	自费上学
9433474364744	习非胜是
9433492	伊菲亚
94335474	伊德里斯
94336	一份|一分|义愤|亿份|亿分|细分|细粉|自焚|谢恩
943364	一封|一峰|一灯|一等|伊登|医风|熄灯|熄风|自封|西丰|西峰|西风|遗风|隙缝
943364246645426	移风崇教
9433642484	一风吹
94336426942	一分高下
943364287426	以丰补歉
943364324	西风带
94336432744	一灯大师
94336442478	移风改俗
9433644664	一等功
94336454264	一等奖
943364568	喜峰口
94336458265426	西风卷帘
94336474365426	自奉甚俭
943364746	一等品
943364746478	移风平俗
943364942436	遗风逸尘
9433649426	息烽县
943364943678	移风振俗
943364946	一封信
94336494658	吸风饮露
9433649478	移风易俗
94336498224	遗风余采
94336498543	遗风余烈
9433649874	遗风余思
94336543	自分解
9433664	浙东|这栋
943366498643	浙东运河
94336742694	一分钱一
943367468486	一分收获
943368	械斗
9433684269464	义愤填膺
94336842694664	义愤填胸
9433693437	一分为二
94336944242	一分之差
9433694426	一分一毫
9433694664	一分钟
94337	这儿
94337424	谢尔盖
943374454	邪恶势力
94337453	自得其乐
94337626	谢尔曼
943378736	以德取人
9433794	谢尔兹
94338	亵渎|折服|斜度|蛰伏|蝎毒
943382468	谢福畴
9433826	折断
9433826482	这段话
9433846426	斜对面
94338638	谢多夫
943389426	谢伏瞻
94338944	谢富治
94339444664	一得之功
94339445426	一得之见
9433944626	意得志满
943394498	一得之愚
94339468946	邪恶轴心
94339484486	以德追祸
943398543	遗德余烈
9434	一滴|子弟|席地|异地|易地|洗涤|溪底|隙地
943424	遮盖
94342454	遮盖力
94342464	子弟兵
94342474	遮盖起
94342474524	遮盖起来
943424943	遮盖着
943424948	遮盖住
943426	一点|仪典|写稿|医典|字典|椅垫|浙赣|疑点|紫癜|紫貂|细点|西点
9434262466424664	疑点重重
9434263246426	以点带面
9434263426	一点点
943426342637	一点点儿
94342637	一点儿
943426386	一点多
9434264664	一点红
9434265869426	西点军校
943426744	自调式
94342674826488	一雕双兔
94342684358	浙赣铁路
943426868	一掉头
9434269426	浙赣线
9434269434	一点一滴
943426943426	一点一点
9434269436586	折槁振落
9434269826	伊甸园
94343	一叠|协和|折合|谐和|谢赫|这个|这歌
94343289436	一跌不振
943434	写给
94343542674364	一迭连声
943436	这根|鞋跟
943437248	异地而处|易地而处
94343744	协和式
943437986	席地而坐
94343924343	一跌再跌
94343949826	协和医院
943442	伊蒂哈
943448268426	喜地欢天
943454	洗涤剂
94345485426	移的就箭
943458468	席地履厚
943464	一丁|一定|一锭|一顶|议定
94346428744	一丁不识
9434642894	一定不易|一定不移
943464342637	一丁点儿
94346454264	一定量
943464748	议定书
943464926	异丁烷
94346494	异丁烯|自定义
94346494264	紫丁香
94346494264942	自顶向下
943464944484	一定之规
9434664	泄洪
9434664326	泄洪道
943466473	赭红色
943468	邂逅
9434682868	邂逅不偶
943468942643364	邂逅相逢
9434689426498	邂逅相遇
94346898	歇后语
9434748	子弟书
94348	泻湖|蝎虎|遮护|邪乎|鹧鸪
943482	这话
9434823	以讹化讹
94348264	折光|赭黄
9434826436	谢皇恩
943484	协会|折回|折桂|这回
94348437	这会儿
94348478	折回去
943486	卸货|泻火|这伙
9434865426	卸货间
94348656826	卸货口岸
9434942643364	异地相逢
94349864826	易地做官
94352	斜拉
943526	偕老|斜靠|遮拦
94352638786	携老扶弱
943527426	斜拉桥
94353	蟹壳|谢客
9435336	谢了恩
943534	蟹类|鞋类
94354	协力|协理|哲理|谢礼|这里|鞋里
943542	折价|谢家|这家
943542436742	折戟沉沙
9435424848426	卸甲归田
94354248654	谢家活计
94354254	谢家骥
9435426	卸料|斜交|斜角|歇脚|这件|邪教
943542634634	胁肩低眉
9435426347468	胁肩低首
94354264	歇凉|浙江|这辆|鞋匠
9435426432983	浙江大学
943542643426	这两点
94354264384	浙江队
94354264736	浙江人
9435426474364	浙江省
943542647468	这两首
94354264824	这两台
943542653498	胁肩累足
94354269346364	折箭为盟
943542698944	邪教组织
943542942694	谢家小子
9435438	谢里夫
943546	柘林
9435464	写景|写经|斜井|斜颈
943546426524	这几年来
943546484	协进会
9435464946	谢景新
9435464986	谢灵运
9435468	谢里姆
94354686364	哲里木盟
9435474946	协力齐心
943548	折旧
943548334	折旧费
943548426524	这几天来
94354858	折旧率
943548664946	协力同心
9435487447486	这就是说
943549464	哲理性
94356642474	遮空蔽日
943568	折扣|泄漏|泄露
9435685464	泄露机密
943568842654	泄漏天机|泄露天机
94358	斜率|蛰居|谪居|邪路
9435824	这块
943583	谢绝
9435832264826	谢绝参观
9435835243264	谢绝来访
94358638	谢罗夫
94358744	谢居士
94362	折纳|歇马
943622473	真彩色
94362247445426	真材实料
9436224744983	真才实学
9436226	珍宝|砧板|贞操
9436226326	珍宝岛
94362264	珍藏
94362264645426	珍藏密敛
943622698	甄宝玉
943623	侦测
9436236	珍本
943624	振臂|珍爱|针刺
9436242	侦察|侦查|斟茶|诊察
94362422464	侦察兵
9436242384	侦察队
943624254	侦察机
94362425426	侦察连
94362426	枕边|针砭|震颤
9436242674424	针砭时弊
9436242684263664	震颤跳动
943624269498	枕边细语
94362427826	侦查权
943624294664543	侦查终结
94362429826	侦察员
9436243	甄别
943624364	真诚
943624364324736	真诚待人
94362436434	真诚地
94362436453	真成了
94362436494264324	真诚相待
943624364942645426	真诚相见
94362442648	振臂高呼
94362462984	针刺麻醉
94362464	诊病
943624826	真传
9436248744	一佛出世
9436249426	针刺毡
943624944748	振笔直书
9436249448	振臂一呼
943626	浙南|镇安|鞋帽
94362674368	携男挈女
943628286	真不错
94362858378	贞不绝俗
943628584744	真不愧是
943628766494	真不容易
94362893694	贞卜文字
943628944326	真不知道
94363	这么
943632	针法|阵法
9436326	镇反|震旦
94363264	振荡|震荡
9436326426	震荡波
943632642826	震荡不安
9436326472674364	振荡盘升
9436326474	振荡器
9436326474674364	枕方寝绳
943632649436454	振荡整理
943632654	震旦纪
943632674	振捣器
943632694	震旦系
9436326943674264	真刀真枪
9436329464	阵发性
94363294654	针打印机
943633	真的|贞德
94363328286	真的不错
9436334	诊费
94363342637	这么点儿
943633542	真的假
9436336	振奋
94363364	阵风
9436336494264384	针锋相对
943633654647436	振奋精神
9436336736946	振奋人心
943633674	振奋起
943633674524	振奋起来
943634	真谛|阵地
94363464	镇定
9436346438	真定府
9436346494786	镇定自若
94363484744	这么回事
9436349426	阵地战
94363664	振动|震动
9436366466	振动磨
9436366466744	振动模式
9436366474	振动器
9436366474682464	震动手柄
9436366494269464	振动效应
94363664944583	真动知觉
943636924326	邪门歪道
943637	震耳
94363732584	振耳发聩
943637985664	振耳欲聋|震耳欲聋
943638	振幅|震幅|鸩毒
94363826	诊断
9436382658	诊断率
94363826983	诊断学
94363833643	振幅分割
9436384	针对
94363842874	真对不起
943638474454	针对实际
94363849464	针对性
94363853	真服了
9436385426484	真独简贵
943639264	这么样
943639426	这么着
94363943	这么些
9436394524	这么一来
94364	斜睨|泄密
9436422	争霸
94364226	整版|正版|正餐
9436422632	政办发
943642267426	郑板桥
94364229426	争霸战
9436423	政策
943642332484	政策法规
94364234	整备|正北
94364236	正本
9436423674649826	正本清源
94364239464	政策性
9436424	征辟|正比|证词|镇海|震骇
943642426	争吵|争辩|政变|整编|正编
94364242628948	争吵不休
9436424264	整场|正常
9436424264482	正常化
943642426454643826	争长竞短
94364242645863826	争长论短
9436424264736	正常人
9436424264744	正长石
9436424264926	正长岩
9436424264944	正常值
94364242674364	争吵声
943642426868	郑镖头
9436424269664	郑超宗
94364243	整车
943642432	正词法
943642436	征尘
9436424364	征程
94364243644664	郑成功
9436424364586	郑承军
94364244	争持|整饬
9436424428942	争持不下
943642464	征兵|政柄|蒸饼
943642464944	征兵制
9436424664	争宠|怔忡
94364246645426	郑崇俭
94364248	整出|整除|正处
94364248264	争创
9436424854	正处级
9436424926	镇咳药
9436426	斜面|邪念|震感|震憾|震撼|鞋面
943642654	震撼力
9436426542	震撼价
943642654273	真寒假热
943642658378	贞高绝俗
943642668638	谢苗诺夫
9436426736946	震撼人心
9436426868	这年头
94364269869664	震撼作用
9436428	整部|正步
9436428343324	整步迭代
943642869436478	整存整取
9436428968	正步走
943643	真个|真格
9436432	征伐|政大|政法|正大|正法|蒸发
943643232	政法大
943643232983	政法大学
94364323426	蒸发掉
94364324264326	枕戈尝胆
9436432482646464	正大光明
943643254264	蒸发量
94364326	正反|正旦|正道
943643264	争当|政党|整党|正当|正房|正方
9436432642436498	正当程序
9436432643264934	正当防卫
943643264368926	争芳斗艳
943643264482694	正当关系
943643264546494364	正当竞争
94364326454968	正当理由
9436432646	蒸发皿
943643264782694	正当权益
943643264926748	正当要求
9436432649426	郑方贤
9436432649464	正当性|正方形
94364326494664	正当中
943643265426	正反交
94364326542643264	正反两方
94364326542646426	正反两面
943643266426	正反面
943643274	蒸发器
9436432826448264	正大堂煌|正大堂皇
94364329262264	正法眼藏
9436432934	政法委
943643294438	正法直度
9436432948664	政法系统
9436433	争得|征得|挣得|正德
943643324326	枕戈待旦
94364332434	枕戈待敌
9436433246464	枕戈待命
94364333	真格的
943643363866426	争分夺妙|争分夺秒
943643364	争锋|政风|整风|正逢
94364336424428	争锋吃醋|争风吃醋
943643364324	正等待
9436433649863664	整风运动
943643368438	整纷剔蠹
9436434	征地|政敌|整地
943643426	征调|整点|正殿|正点|正电
94364342643	正电荷
94364342662	枕戈汗马
94364342694	正电子
943643464	征丁|征订|正定
9436434649426	正定县
943643664	正东
94364368	争斗
9436436828948	争斗不休
9436437225464	正儿八经|正而八经
94364374542	枕戈披甲
943643746542	枕戈寝甲
94364374983	枕戈泣血
9436438	征夫|征服|政府|整复|整幅|正副|正负
943643826	争端|挣断|整段
94364382658624264	争短论长
943643828636	政府部门
94364383338	正负得负
9436438342694	正负电子
94364384	整队
94364384943	正对着
9436438586	政府军
94364386	争夺|整顿
9436438624269464	正多边形
94364386246	郑多彬
94364386426586	整顿干坤
943643865867426	争多论少
943643869426	争夺战
9436438943	征服者
94364394324	枕戈以待
943643946326	枕戈饮胆
943643946983	枕戈饮血
943643986542	枕戈坐甲
94364424	政改|整改
94364424945426	整改意见
94364426	征稿|正好|正酣
943644264	政纲
9436442674264	正赶上
9436443	政和|整个|整合|郑和
943644337	整个儿
94364435247486	整个来说
943644374364	郑鹤声
9436443948664	整合系统
94364439694	正合我意
943644664	政工|正宫
94364466424364	郑功成
943644664526	争功劳
94364466494	郑公子
94364468	争购|征候|征购|症候
9436448	正骨
94364482	正话
943644826	争冠|征管
943644826226	证管办
9436448264	争光|正光
9436448264468	郑皇后
943644826474	正黄旗
94364482647664	争光荣
943644826484	证管会
943644826498	郑光祖
94364482654942	正冠李下
9436448266258	整冠纳履
94364484	争辉|正规|正轨
9436448424264826	正规变换
94364484334	郑贵妃
94364484482	正规化
9436448448294	正规化子
94364484586	正规军
9436448478326	正规渠道
94364486	征婚|正果|正火|蒸锅
94364486736	证婚人
9436448678	郑国渠
94364486824	郑国泰
94364524	挣开|正楷
94364524943	正开着
9436452674	正蓝旗
9436453	政客|郑克
943645354	正科级
9436453748	整棵树
94364539264	郑科扬
9436453934	郑科伟
9436454	征集|政纪|政绩|整机|整理|正极|正理
94364542	郑家
9436454248524	整理出来
943645426	征缴|政教|政见|整件|整建|整角|正交|正教|证件|证监|证见
94364542624264826	正交变换
943645426326224	整联蛋白
9436454264	征粮
9436454264394	政教合一
943645426466424364	整建工程
943645426484	证交会|证监会
94364542658	证监局
9436454267484	证交税
943645426786	证交所
9436454268689464	正交投影
94364542694647464	政简刑清
94364543	政界|整洁|症结
9436454393474264	整洁为强
9436454484	郑李辉
943645454	正畸力
943645464	争竞|政令|政经|整经|正经
94364546422224	正经八百
943645464242648664	政令畅通
9436454642894	政令不一
943645464482	正经话
943645464736	正经人
943645464744	正经事
94364546474524	正经起来
9436454658654264	争斤论两
94364546934986	整襟危坐|正襟危坐
94364547449264	争鸡失羊
94364548	拯救|整流|蒸馏
9436454874	整流器|蒸馏器
943645487484	蒸馏水
9436454878946	整旧如新
943645489426	整流罩
943645494	正离子
943645664	正隆|蒸笼
9436458	政局|正剧|正路|证据
943645824	整块
94364583	正觉
943645832	证据法
9436458482	整句话
94364586	争论|政论|整军
9436458628948	争论不休
94364586542	政论家
94364586546498	整军经武
9436458783926	证据确凿
94364626	争闹|正南
943646264943	正忙着
9436462654264586	征南将军
94364636	正门
9436464	写明
943646426	整年|正面
943646426326868	整年到头
943646426466454	正面攻击
943646426534983	整年累月
943646426542698	正面教育
94364642673698	正面人物
943646464	争鸣|挣命|正名|狰狞|证明
9436464643464336	正名定分
94364646438654	争名夺利
94364646454	争名利
943646464546454	争名竞利
943646464642668	狰狞面目
943646464748	证明书
9436466	蒸馍
9436466586	郑魔君
9436468	征募|震后
94364724	正派|正牌
94364724736	正派人
9436472654269464	正三角形
9436472664264	郑三娘
9436472696898	整然有序
9436473	正色
9436473426926	正色敢言
94364735474364	正色厉声
94364736	整人|证人
9436473658694	正人君子
9436473694826542	整人专家
9436473934926	正色危言
9436473944926	正色直言
9436474	争气|政企|整批|整日|整齐|正日|正气|蒸气|蒸汽
94364742484	蒸汽锤
943647426	挣钱|整千|整片|整篇|正巧|正桥
9436474263264	正前方
9436474264	争抢
9436474264368436	争强斗狠
943647426436874364	争强斗胜
943647426442674364	争强好胜
94364742644664	郑尚宫
9436474264942674364	争强显胜
9436474265664468	争前恐后
943647426744	正巧是
943647426924	正巧在
943647426968	正巧有
943647428336	政企不分
94364742934326	蒸沙为饭
94364743	正切
943647436	政审|正身
9436474364	争胜
943647436442674264	争胜好强
9436474364582692	郑声乱雅
94364743649464934	争胜行为
943647436646432	正身明法
9436474367464946	正身清心
94364743674824942	正身率下
9436474368926	争奇斗艳
94364744	争食|政事|整式|正事|正史|正始|正室|正式|正是|正视|证实
943647443	正气歌
9436474437	正事儿
9436474454264	郑士良
943647447824	正是如此
943647448294	整齐划一
943647449426484	正式照会
94364744944946	正始之音
943647454	蒸气计|蒸汽机
9436474542	整日价
9436474546726	正气凛然
943647458654	蒸汽轮机
94364746	征聘|正品
943647464	政情|正平
9436474642684	正四面体
943647468	征收|正手
943647469264	郑亲王
943647474265464	整齐乾净
94364748	征求|整数|整束|正数|证书
943647484	征税
9436474848674	证书过期
943647486	正说
943647494267468	整批销售
943647496898	整齐有序
9436474986	郑起云
943647664	峥嵘|整容
943647664526473	正容亢色
9436476647468748	整容手术
943647664784983	峥嵘岁月
9436478	争取|政区|整肃|正如
943647826	争权|政权|证券
943647826226	证券报
94364782628	证券部
94364782632	证券法
94364782638654	争权夺利
943647826482	证券化
94364782654264826	证券监管
9436478265426743	政权建设
943647826726454	争权攘利
94364782674264	证券商
94364782693	证券业
943647826934	证券委
94364783	正确
9436478358	正确率
94364783736744	正确认识
943647839464	正确性
9436478437464	争取和平
943647874364	正取生
94364787445426	争取时间
943648	枕骨
9436482	振华|真话
94364824	正太|真怪
9436482433628	正态分布
94364826	征讨|政坛|整套|贞观|针管
943648262468936	政坛丑闻
943648264	正堂
94364826944944	贞观之治
943648364	蒸腾
94364836494748	蒸腾系数
9436483649869664	蒸腾作用
9436484	政体|整体|正体|正题|珍贵
943648426	整天|整条
943648426526478	争天抗俗
9436484267468	郑天寿
9436484268464	郑天挺
943648437926	整体而言
9436484426	整体感
9436484482	整体化
943648454265264	整体健康
943648464	正厅
94364846433	正听得
94364846454	正厅级
94364846474	郑廷奇
9436484744	整体式
943648474454	整体实力
94364847449426	整体失效
94364847468786	整体收缩
943648493698	珍贵文物
94364849464	整体性
9436484948926	整体铸造
9436486	真货
943648664	正统
943648664724	正统派
943648689464	正投影
9436487486546	震古烁今|震古铄今
9436488	征途|正途
943648826	整团
94364886	挣脱
9436492	正压
94364924	正在
943649245426543	正在连接
943649245489464	正在流行
94364926	争妍|政要|正要|证言
9436492628484	正言不讳
9436492638	郑炎甫
943649264	正旺|正阳
943649264636	正阳门
94364926484	政研会
94364926493	郑王爷
943649264944	郑望之
943649265473	正言厉色|正颜厉色
9436492654926	正言厉颜
94364926942	睁眼瞎
943649269445426	正言直谏
9436493	整夜|正则
9436493242632744	正则表达式
943649324264826	正则变换
9436493242654264	正则变量
9436493326424364	正则方程
94364934	政委|正位|证伪
94364934249464	正则概形
94364934484	政委会
94364934486	郑卫国
943649354748	正则基数
94364936	征文|正文
943649364664	郑文公
9436493934484	整夜未归
943649398	正则序
9436494	争议|正义|正字|正西
94364942	挣扎
943649423264	正下方
943649426	争先|争战|征兆|征召|征战|正弦|正着|正线|证照
94364942632926	争先发言
943649426368926	争鲜斗艳
9436494264	争相|征象|整张|正像|正向|证章
9436494264326	正相反
94364942643269464	正向反应
9436494264526	郑长老
9436494264586944	争相罗致
943649426468	争先后
943649426543	郑小姐
9436494265464	郑晓京
9436494265664468	争先恐后
943649426948264	郑肖庄
94364942698	郑孝胥
94364943	政协|政者|正邪|证者
9436494324264934484	政协常委会
9436494326	正一道
94364943264	正义党
943649436386	郑振铎
9436494364	峥峥|整整|铮铮
943649436454645464	正正经经
9436494364744926	铮铮誓言
94364943647474	整整齐齐|正正气气
94364943647474264	蒸蒸日上
9436494364748	郑正秋
9436494364843426	铮铮铁汉
943649436484348	铮铮铁骨
943649436496874364	铮铮有声
94364944	争执|政制|政治|整只|整支|整治|正值|正直|正职
9436494424626	政治避难
94364944248	政治处
9436494426	正义感
9436494428	政治部
9436494428942	争执不下
94364944326	政治犯
94364944482	政治化
9436494453	政治课
94364944542	政治家
94364944546454	政治经济
94364944546454983	政治经济学
9436494458	政治局
943649445833826	政治决断
94364944642668	政治面目
94364944744	政治史
94364944782654	政治权利
9436494493454	政治危机
943649449349826	政治委员
9436494494	政治系
943649449437426448494	政治协商会议
943649449464	政治性
94364944982624826	政治宣传
94364944983	政治学
94364944983542	政治学家
943649449874	正直无私
9436494498943	正直无邪
9436494546726	正义凛然
94364946	征信|征引|正音
943649462436494	正心诚意
943649464	整形
94364946453	整形科
94364946492453	整形外科
94364946494664944	整形种植
943649464949826	整形医院
9436494664	争雄|正中|正凶|正雄|郑重
94364946643264	正中挡
9436494664482694	正中关系
94364946645426	正中间
9436494664544824	正中己怀
94364946647424	郑重其辞
943649466474744	郑重其事
94364946649424824	正中下怀
943649467824	正因如此
943649468	郑州
94364946832983	郑州大学
9436494684862439426	郑州火车站
943649468744	郑州市
94364948	怔住|整修|整株|蒸煮
9436494826	正传
94364948264	征状|整装|症状
9436494826432432	整装待发
943649482643246464	整装待命
943649482644664	郑庄公
9436494943	正义者
943649494364	整一整
94364949464	正义性
943649664	征用|正宗
94364968	诤友
943649682494	正有此意
9436498	政务|正午|正误|证物
943649824269464	正五边形
943649826	正元|郑玄
943649826986	郑元勋
94364983	正月
94364983248	正月初
9436498324837	正月初二
9436498324894	正月初一
9436498394	政学系
94364986	争做|征询|整座|整训|正坐
943649874	政务司
94364988664	郑裕彤
94364989826	政务院
943652	真腊
9436535426	真可怜
9436539426	真可笑
943654	侦缉|榛鸡|真理|真迹|赈济|针剂|镇里|震级
9436542	真假
9436542226226	真假参半
943654226	真理报
9436542474364	真理必胜
94365426	诊疗|针尖|针脚|阵脚
94365426262426	真假难辨
9436542626336	真假难分
94365426334	诊疗费
943654264	镇江
943654264744	镇江市
9436542662426	真假莫辨
9436543	枕藉|贞洁|贞节|阵列
94365432485426	真接触角
943654394264868	针芥相投
943654394443	针芥之合
9436543944868	针芥之投
9436546	枕巾|真金
94365462872	真金不怕
943654628724865426	真金不怕火炼
94365464	真经|镇静|震惊
9436546454	镇静剂
943654647826486	震惊全国
94365464926	镇静药
9436546494664482	震惊中华
9436546494664924	震惊中外
9436546494786	镇静自若
9436548	斟酒|针灸
94365482436	甄六臣
9436548983	针灸学
9436549464	真理性
94365664	真空|针孔
943656642364	真空泵
9436566432	振聋发
9436566432584	振聋发嘳|振聋发聩|震聋发聩
943656643364944	真空封脂
9436566438	真空度
943656644826	真空管
943656644869426	真龙活现
943656645244826	真空开关
94365664842694	真龙天子
943656649436432	真空蒸发
9436586	真菌
94365869464	真菌性
94366	折磨|着墨|邪魔
943662	真纳
9436624	诊脉
9436626	镇南
94366269264	镇南王
9436634	镇内|阵内
943663494264326	真没想到
943664	一动|一栋|以东|伊东|异动|易懂|珍妮|移动|缜密|自动|西东
94366422	移动靶
943664242662	自动编码
943664243	自动车
943664263264	自动播放
9436642668	真面目
943664283664	一动不动
9436642874264	自动步枪
94366428748	自动部署
9436643264	自动挡
9436643426482	自动电话
943664343464	自动滴定
9436643664	一栋栋
9436643826	移动端
9436644324364	自动合成
9436644364946	自动更新
943664482	自动化
94366448223744	自动化测试
943664482654	自动关机
94366448294	自动化系
94366448488	自动绘图
9436645244826	自动开关
94366452454	自动开机
94366454	自动机
94366454243	自动机车
9436645469264	自动进样
94366464	真名|真命|镇宁
943664647449464	真名实姓
94366464842694	真命天子
9436646494369464	真名真姓
94366474264	自动枪
943664743642426	自动生产
943664744	移动式|自动式
943664824326	邪魔怪道
9436648426243	自动调车
9436648426943	自动调谐
943664936494	自动增益
9436649426	自动线
943664942694264	自动现象
9436649432	自动自发
9436649462264	自动隐藏
9436649464	移动性
943664946432	自动应答
9436649466426	自动重拨
9436649474	自动仪器
94366494826482654	自动装弹机
94366496894	移动游戏
9436649874	自动武器
9436674258	卸磨杀驴
943668	枕木|砧木|贞女|震怒
94366924326	邪魔外道|邪魔歪道
94366924784	邪魔外祟
9436736	真人
94367362858	真人不露
9436736285894264	真人不露相
94367369436744	真人真事
943674	珍奇|真丝|真奇|真皮
94367426	阵前
943674263758	枕善而居
9436742638424	枕山负海
943674264	枕上|镇上
943674264744326	真枪实弹
94367426546424	枕山襟海
94367426634	真善美
9436743	真切|震慑
94367436	真身
9436744	珍视|真实|真是|诊室|阵势
9436744426	真实感
9436744426889464	真实感图形
943674453946	真实可信
9436744542	真是假
9436744744543	真实世界
9436744746458264	真实情况
943674474674364	枕石寝绳
94367447484	真实气体
94367449449464	真实之影
9436744946	甄士隐
94367449464	真实性
94367449496	真实自我
94367449689426	真实有效
9436746	珍品|珍禽|真品
94367464	真情|镇平|震情
9436746454858	真情流露
9436746462664	真情难觅
94367464744426	真情实感
9436746474458	真凭实据
9436746474494	真情实意
94367465432	振贫济乏
9436746747468	珍禽奇兽
94367468	镇守
94367468285426	真受不了
94367468744	镇守使
9436746947468	珍禽异兽
9436748	真书|贞淑
94367482445464	振裘持领
9436748247424	振衰起蔽
94367494	真七子
94367498944	真皮组织
943676	侦破
94367664	真容|阵容
9436766493	真溶液
94367694267486	侦破小说
943678	镇区|震区
9436783824	针入度比
9436786	诊所
94368	一兜|一斗|伊豆|宜都|疑窦|益都|衣兜|谢幕
9436826	侦探|枕套
94368267426	侦探片
9436826743	侦探社
943682694267486	侦探小说
94368426	震天
94368426366434	震天动地
9436842642434	震天骇地
9436842642634	震天撼地
94368426534	震天雷
9436842654294264	震天价响
9436842694264	震天响
94368464	侦听
94368664	镇痛|阵痛
9436866454	镇痛剂
9436868	枕头|针头
94368683364	枕头风
94368689426626	针头线脑
9436898	遮目鱼
943692	镇压
9436924	赈灾|震灾
9436926	珍玩|真言|箴言|针眼|针鼹
94369264	阵亡
94369264744326	真赃实犯
943692649436934	真赃真贼
94369266464	真要命
9436926943698	真言真语
943692948	镇压住
943693	针叶
9436934	真伪|真味|镇委|阵位
9436934662426	真伪莫辨
943693474	真维斯
943693546	针叶林
943693748	针叶树
943694	振子|枕席|榛子|珍异|珍惜|珍稀|疹子|真意|砧子|镇子|镇西|阵子
94369426	朕兆|针线|阵线
94369426226	针线包
943694264	真相|真象|镇长|震响
9436942642458	真相毕露
94369426432224	真相大白
94369426486	针线活
94369436	真真|阵阵
943694364	真正
94369436438	镇政府
94369436542542	真真假假
943694366498	珍稀动物
94369436743743	真真切切
94369436744	真真是
94369436744744	真真实实
9436943696824	振振有词|振振有辞
9436944	真值|真挚|真知|诊治|针织|针黹|镇纸
94369442426	真值表
94369442464	甄志丙
943694424744	枕席还师
943694426	真遗憾
94369445264	枕支抗
943694454	针织机
9436944746	针织品
943694494865426	真知卓见|真知灼见
943694498	针织物
9436946	枕芯|真心
94369462436494	真心诚意
94369462626	枕席难安
94369463	真心恶
94369464	振兴|振型|真性|阵型|阵形|阵营
94369464542	甄应嘉
94369464542426	枕形畸变
943694647446464	真姓实名
9436946474493	振兴实业
9436946482	真心话
9436946494664482	振兴中华
943694664	珍重|真凶|震中
943694664744326	真凶实犯
9436946649245426	珍重再见
943694674494	真信实意|真心实意
9436946943694	真心真意
9436948	珍珠|珍馐|真主|真珠|镇住
9436948234	珍珠贝
9436948264	针状
943694826498	针状物
94369482744426	真抓实干
94369483264	真主党
9436948336	珍珠粉
94369484264	珍珠港
943694842647445426	珍珠港事件
943694854	珍珠鸡
94369486	斟酌
94369487826	珍珠泉
9436948926	珍珠岩
943696824744	真有此事
943698	畛域|真武|阵雨
9436982436	甄五臣
94369824744	真无此事
94369826	甄选|贞元|镇原|镇远|震源
9436983234	真武大帝
94369843	真武阁
943698543	遗恩余烈
9436986	振作
943698654647436	振作精神
943698674	振作起
943698674524	振作起来
943698983743	振武学社
9437	一二|伊尔|喜儿|子儿|字儿|希尔
943722	一二八
9437224	一二百
94372246426	一二百年
943724	一二次
94372486	乙二醇
943726	乙二胺|希尔伯
94372643	谢三哥
943726534	这三类
943726542	这三家
94372662674	遮三瞒四
9437266464	这三名
94372683	希尔伯特
943728744	系而不食
94373	赭色
943732468	以耳代目
943733694664	一二分钟
94373426	一二点
943736	卸任|哲人
9437363768	遮人耳目
94373647483264	挟朋树党
94373692668	遮人眼目
943736948654264	挟人捉将
9437386	希尔顿
94374	泄气|邪气
943742	折杀
943742484	浙洽会
9437426	伊儿汗|折扇
94374264	协商
9437426494364	谢尚政
9437426926468	遮前掩后
943743	一二个|折射|斜射|西洱河|锡尔河
94374336	泄私愤
943743454	歇斯底里
9437435426	折射角
94374358	折射率
9437436	伊尔根
94374364	写生
943744	写实|写诗|斜视|谢世|赭石|这时
943744468	这时候
943744543	谢世杰
94374466647826	挟势弄权
94374482	泄气话|谢企华
9437449264	谢狮王
94374494894	写实主义
94374524	遮起来
943746464	这四名
94374649424	谢清斋
943746648464	洗耳恭听|洗耳拱听
9437468	写手|携手|歇手
943746824645426	携手并肩
943746828484	折首不悔
94374687426546	携手前进
94374688664946	携手同心
943747468524	携起手来
943748	解数|谪戍|邪术
94374858	挟书律
9437486	邪说
9437486943826	邪说异端
943748736	谢树仁
94374874	谢秋思
94374926474264	协私罔上
943754	一二例|一二里
943754648464	洗耳静听
9437548	一二九
9437582453	伊尔库茨克
94376	斜坡|胁迫
94376426	一二年
9437726	一二三
943774	一二日|希尔斯
94377426	一二千
9437744	一二十
94377446426	一二十年
94378	写入|卸去|折辱|撷取|歇宿
9437826	折算
943782694744	挟权倚势
943784	邪祟
943786736	这群人
9437867464	谢若萍
9437878	谢普苏
943792	席尔瓦
9437924	一而再
9437924924	一而再再
9437926	一二万
943793468	以耳为目
9438	一副|一堵|一夫|一幅|一度|一服|一睹|义父|亿度|依附|吸毒|吸附|姊夫|姨夫|姨父|媳妇|字符|异读|细读|自负|衣服|西府|西服|西渡|逸夫
94382	斜塔|泄沓
9438242662	字符编码
943824468	谢太后
943824826	字符串
943826	一段|一端|异端|紫椴|臆断|西段|西端
94382636583	义断恩绝|意断恩绝
9438264	斜躺|蔗糖
943826482	一段话
94382658	一段路
943826586	一段落
9438267445426	一段时间
9438269437486	异端邪说
943828326	自负不凡
943832638	吸毒贩毒
943832644826	一夫当关
943832647664	一睹芳容
9438364	折腾
943837	媳妇儿
943838	一幅幅
943838674	一夫多妻
943838674944	一夫多妻制
94384	一堆|一对|一队
9438426	协调|谐调|这天
94384262474	遮天蔽日
943842642434	遮天盖地
943842642474	遮天盖日
9438426484	协调会
94384266434	遮天迷地
943842694334	谢天谢地
94384269464	协调性
9438426946474	遮天映日
94384269494	挟天子以
943842694944	协调一致
94384269826	协调员
94384358	西服革履
94384384	一对对
9438466438	以毒攻毒
9438494	一对一
9438526	易腐烂
943854	吸附剂|吸附力|字符集
9438542649826	一府两院
94386	一吨|一多|一朵|一顿|亿吨|亿多|伊顿|喜多|西多
94386226	一多半
94386326	一顿饭
9438638	西多夫
94386386	一朵朵|亿多吨
943864664	伊顿公
9438654264	亿多两
943865426424	亿多辆次
9438654326464	亿多立方米
943866349826	亿多美元
9438664	偕同|协同
943866426	亿多年
94386644664986	协同工作
9438664983	协同学
94386743647426	以多胜少
94386748	一多数
9438684246426	遮头盖面
943868924626	斜头歪脑
9438693474364	倚多为胜
943869826	亿多元
943874264946	吸毒上瘾
9438744	宜都市
943878744	亦复如是
943892438	一读再读
94389345824	一睹为快
943894	一肚子|遗腹子
9438943	吸毒者
94389446464	以父之名
943894486	一肚子火
9438944942	一睹之下
94389449664	一夫之勇
94389464	依附性|吸附性
94389464584	自负盈亏
94389474	一夫一妻|一肚子气
94389474944	一夫一妻制
94392	斜压|鞋袜
9439237336293	谢瓦尔德纳泽
943924	卸载
9439243426	卸载掉
943925664	谢亚龙
943926	折腰|斜眼|泻药|遮掩
94392632	遮眼法
9439263768	遮掩耳目
9439264	斜阳|这样|遮阳
943926433482	这样的话
943926437	这样儿
94392647426	抑恶扬善
94392647445426	遮阳时间
943926494524	这样一来
943926526736	斜眼看人
94392653	谢烟客
9439265464	遮眼睛
94393	歇业|鞋业
943934	些微|这位
943936	斜纹
94393628	斜纹布
94393736	卸责任
94394	写字|写意|协议|折子|斜倚|楔子|歇息|浙西|蝎子|褶子|谢意|鞋子
943942	写下|卸下|泻下
94394226	写字板
9439426	些小|写照|折线|挟嫌|斜照|斜线
94394264	这项
943942649424	谢香斋
943942674364	谢先生
94394294	这下子
943943	写写|歇歇|泄泻|谢谢|这些
9439433	谢希德
943943424424	遮遮盖盖
94394343986	谢谢合作
9439434826946	谢谢关心
9439435426	歇歇脚
9439436	写真|谐振
943943637	这阵儿
943943694	谐振子|这阵子
9439438282	泄泄沓沓
943943926926	遮遮掩掩
943944	卸职|折枝|挟制|獬豸
943944664	协议工
94394474264	泄殖腔
943944826	这一关
94394524	这一来
94394568	写字楼
943946	写信|谐音|遮荫
943946228	挟细拿粗
9439464	楔形|邪性
94394643264	谢杏芳
9439464486	谢兴国
943946493694	楔形文字
9439465854	协心戮力
94394664	折中|折衷|浙中|这种
9439466426	谢中博
9439466494894	折衷主义
9439468	褶皱
94394748	协议书
943948	协助|楔住|遮住|遮羞
9439482	蟹爪
94394824	写字台
943948264	卸妆|着装
9439482645834	楔状绿地
9439482647484	卸妆水
943948264783786	楔状缺损
94394826494264	楔状相
94394828	遮羞布
943948334	遮羞费
9439494	折子戏
94394942	这一下
94394943694	这一阵子
9439664	哲宗
9439687464	谢佑卿
94396878	协奏曲
94398	些许
943983	协约|哲学|谐谑
943983486	协约国
943983542	哲学家
943983744	哲学史
94398394	哲学系
943984	谢罪
9439854	谢无忌
943986	写作|协作
94398678	协作区
943986826	谢逊叹
9439869426	谢逊笑
943986943	写作者
94398698	协作组
9439894664	这五种
944223426482	直拔电话
944224	制材|制裁|执白|直白
9442247468434	知白守黑
944226	值班|制版|植保|治保|纸包|纸板|置办|至宝|致残|质保
94422624826	值班船
94422628948	纸包不住
94422628948486	纸包不住火
94422646264	只帮忙
944226546334	止暴禁非
9442267369826	值班人员
944226744	值班室
9442269826	值班员
944234	制备|植被|纸杯|置备
9442349436	指北针
944236	治本|直奔
94424	一概|医改|志哀|执笔|挚爱|栉比|直刺|纸币|膝盖|至此|至爱|致哀|致癌|致词|致辞|西海|贻害|遗骸
944242	枝杈
9442426	制表|执鞭|指标|治标|西海岸|质变
944242628944236	治标不治本
94424264	直肠|纸厂
9442426424	直肠癌
9442426494	直肠子
9442426494438	直肠直肚
9442426744	智禅师
94424267843364	执鞭随镫
944242854	一概不理
9442428944	一概不知
9442436	直陈
94424364	制成|指称|支承|支撑|枝城|织成|职称|至诚
944243643426	支撑点
9442436442443	职称改革
94424364426543	至诚高节
9442436454	支撑力
94424364746	制成品
94424364787436	至诚如神
9442437586	一概而论
944243842694	枝别条异
944244	咫尺|指斥|支持|智齿|直尺|至迟
94424428948	支持不住
944244374689664	知耻而后勇
94424454648	知耻近乎
94424458	支持率
94424468	直翅目
944244842692	咫尺天涯
9442448426926	咫尺天颜
9442448943	一改故辙
94424492654	咫尺万里
944244934926	咫尺威颜
9442449349664	知耻为勇
944244943	支持者
9442449442464	知耻知病
9442449444664	咫尺之功
9442449445426	咫尺之间
944244944748	咫尺之书
944244944926	咫尺之遥
944244948664	支持系统
9442454624	栉比鳞次
94424546242	栉比鳞差
944245469436	栉比鳞臻
9442464	治病|致病
9442464546	纸笔迷津
9442464548736	治病救人
9442464586	致病菌
9442464744926	炙冰使燥
94424649464	致病性
944246644364948264	直冲横撞
94424744234	艺海拾贝
944248	制出|指出|支出|支绌
94424826	直传
944248264	痔疮
944248944546	直出直进
9442494454	知彼知己
9442494494	知彼知已
9442494542	只此一家
944249464	致癌性
9442498	致癌物
944249874664	贻害无穷
94426	一号|一杆|乙肝|喜好|字号|希罕|治安|直拨|直播|稀罕|紫绀|细高|自感|自豪|西汉|译稿|遗憾|遗稿
94426224426	一好百好
9442622674	自甘暴弃
94426248	一喊出
9442628242	一毫不差
9442628468	一毫不苟
9442628726	一毫不染
94426326	一喊到
9442632632	艺高胆大
944263369664	自告奋勇
944263664	西高东
944263734	一高二低
94426375464	一干二净
94426386586	自甘堕落
944264	一行|西航
94426426	自豪感
94426474826493	一岗双责
9442649464	一行行
9442649826	亿港元
94426498654	一行作吏
944265426	直播间
9442658548	治安拘留
94426736326	一干人犯
9442673632632	艺高人胆大
944267824	一寒如此
94426853	西哈努克
9442686	西哈诺
944268664	一号通
94426926	智伯瑶
94426936	西汉文
9442694	一竿子
944269432	一竿子打|自高自大
944269434	一高一低
944269464	易感性|自感应
9442694748	自感系数
944269826	治安员
94428	支部|止步|织布|织补
94428287426	止步不前
944283464	指不定
94428486	只不过
9442853626	志不可满
9442854	织布机
944285464926	执粗井灶
94428586886	直布罗陀
94428586886424942	直布罗陀海峡
944286	知错
944286426	织布鸟
944286548424	知错就改
9442892424	志不在此
94428944	值不值
94428944326	知不知道
9442894433	值不值得
94428948	止不住
9443	一个|一盒|亿个|子核|怡和|沂河|溪河|自个|西和|西格|西河|议和|资格|颐和
94432	制法|执法|指法|治法|直达|知法|职大|陟罚
94432224748	志大才疏
94432243	直达车
9443224926	执法必严
9443226	一个包|一个半|一个班
9443226983	一个半月
94432282	执法不阿
94432284664	执法不公
9443228926	执法不严
9443232632	执法犯法|知法犯法
944324	指代|纸带|纸袋
944324484	职代会
9443245664	一个鼻孔
94432544826	执法机关
944325824243	直达快车
944326	制导|志丹|执导|指导|直到|直捣|直道|知道
944326224	脂蛋白
9443264	只当|纸坊|置放|脂肪
94432642894	至当不易
9443264426	脂肪肝
94432647826	脂肪酸
944326482645664	直捣黄龙
944326542	指导价
9443268664	掷弹筒
94432693626	枝繁叶茂
9443269426	志丹县
9443269426924	直到现在
944326943	指导者
9443269464	指导性
944326948664	制导系统
9443269826	指导员
9443274364	直达声
944327494264	执法思想
944327826	执法权
94432787426	执法如山
9443293432	执法违法
94432934646	执法为民
94432943	执法者
944329444264	至大至刚
9443298924	至大无外
94433	值得|只得|至德
944332	一个打
94433243647664	值得称颂
9443324364926	值得称赞
9443324664224	值得崇拜
9443324854	值得出力
9443326	一喝到
9443332674	值得反思
94433426	一个点
94433464	一个顶
9443347426474364	直飞上升
944334936744	质非文是
9443349424	一个第一次
94433494946	止沸益薪
944336	制粉|职分|脂粉
9443364	指缝
94433643364	直瞪瞪
94433646898	栉风沐雨
944336543543	支纷节解
94433674	脂粉气
94433693726	枝分叶散
944337	伊戈尔|自个儿|自各儿|西格尔
94433749464	志得气盈
944337548	一呵而就
944337736	伊格尔森
944337744	一个二十
944337744386784	一个二十多岁
9443386	一个多
9443386983	一个多月
94433942668	值得羡慕
9443394526	值得一看
9443394626	志得意满
944339469664	值得引用
944339484	值得一提
94433948433744	值得一提的是
94433948744	值得注视
9443394894	值得主义|值得注意
944339865464	值得尊敬
9443398694664	值得尊重
94434	直抵|知底|置地|质地
9443426	指点|支点|致电|质点
9443426542647426	指点江山
944342664546	指点迷津
944343	一个个|止跌|雉堞
94434348474364	止跌回升
94434374936	止跌企稳
944343874364	掷地赋声
9443454674364	掷地金声
9443464	制定|制订|指定
94434643464	直盯盯
9443464943	制定者
9443473	紫黑色
94434934224	以黑为白
944349448426	知地知天
9443496874364	掷地有声
944354	一个集|自隔离
9443542	一个家
94435426	一个角
9443542628	一个箭步
9443546	一个劲
944354634	一个劲地
944354637	一个劲儿
94435464	一个零
9443548746	一个六品
94435494	一个几亿
9443586	西河郡
94436	一根|字根|翼根|遗恨
9443622633	知恩报德
9443622636	知恩报恩
9443624226	知恩必报
94436464	一个名
9443646664	自耕农
94436482693	移根换叶
9443654393	移根接叶
9443664	制动
944366432	制动阀
944366474	制动器
94436742648	遗恨千古
9443688226	知恩图报
94436946647436	遗恨终身
94436946648426	遗恨终天
94437	之二|侄儿
9443724	一个排|资格赛
9443726744	一个三十
9443726744386784	一个三十多岁
9443728482	执而不化
94437288464	直而不挺
944372893	质而不野
94437426	一个千
94437436	一个身
9443744	一个十
944374422784	一个十八岁
944374437	一个十二
944374454784	一个十几岁
944374454874784	一个十六七岁
944374472674784	一个十三四岁
9443744784	一个十岁
944374685824	之而后快
944374744	一个四十
944374744386784	一个四十多岁
9443748264	一个双
9443748326	知而故犯
94437826	一个圈|义和拳
94437868	异核去偶
94438	制伏|制度|制服|只读|支付|知府|致富|芝罘
9443826	一个套|指端
9443826746424264	纸短情长
944383	西哥特
944384	支队
94438426	一个天
944384265464	熙和恬静
94438482	制度化
9443848264726	只读光盘
94438494264	支队长
9443858	致富路
944386	支墩|直裰|至多
94438664	一个通
9443867426	知多少
9443868	一个头
9443869464	智多星
9443878	芝罘区
94438826	一个团|义和团
944388269863664	义和团运动
94438932664	枝附叶从
94438934486	指腹为婚
94438935426	枝附叶连
944389464	制度性
9443894642664	枝附影从
944389464784	枝附影随
9443926	一个碗|西河沿
94439264	一个样
9443934484	以和为贵
944394	一个亿
944394264	一个响
944394364	一个整|资格证
9443944	一个支|一个纸
944394543	一个系列
9443946926	一个心眼
944394946	以荷析薪
944398	一个组
94439826	颐和园
9443983	一个月
944398744	一个五十
944398744386784	一个五十多岁
944398784	一个五岁
944424	职改
944424226	职改办
9444247826	制海权
944426	只好|志豪|枝干|直感|职高|脂膏|致函|质感
9444263426	制高点
9444264	支行|直航
944426494264	执行长
94442674264	趾高气昂
944426749264	志高气扬|趾高气扬
94442694264244	枝干相持
9444269874264	至高无上
94443	制革|纸盒|致贺
944434	执黑
9444354264	质和量
944436	植根
9444364	制衡
94443646426	知更鸟
94443694	直根系
94443694434	知根知底
94443698	植根于
9444664	滞洪|织工|职工
94446643264	致公党
9444664542698	职工教育
944466494494664	职工之中
94446649874	至公无私
944468	之后|支沟|滞后
944468334926	蹠狗吠尧
944468468	直勾勾
9444689464	滞后性
94448	只顾|执壶|指骨|支护|桎梏
944482	指画|直挂|纸花
9444826	只管|指环|止观|滞缓|直管|直观|置换|职官|至关
94448264	智光
94448264224748	志广才疏
9444826432744	智光大师
9444826542658	直观教具
94448265426983	直观教学
9444826543	指关节
9444826546926	至关紧要
9444826786	置换群
94448269464	直观性
944482694664926	至关重要
94448274	智化寺
9444829447486	直话直说
944484	指挥|智慧|知会|纸灰|置喙
9444842264	指挥棒|指挥舱
944484243	指挥车
94448428	指挥部
94448432	止回阀
944484326	指回到
9444844826	指挥官
944484524	指回来
944484542	指挥家
9444845426	指挥舰
9444846426486	智贵免祸
944484744	指挥室
94448478	指回去
9444847826	指挥权
944484786	指挥所
9444847863464	指挥若定
94448482	指挥塔
944484824	指挥台
94448494	指挥仪
944484943	指挥者
94448498	指挥组
9444849826	指挥员
9444852648	纸糊老虎
944486	治国
94448624424	知过必改
944486262264	治国安邦
9444866364424	知过能改
94448746464	直呼其名
9444894393	之乎者也
94452	直拉
94452422649264	知来藏往
944524524	只开来
94452494478	指来指去|直来直去
9445249449264	直来直往
944526	指靠|炙烤|芝兰
94452648	纸老虎
94453	止咳|止渴
944534	之类|脂类
9445348494	只可会意
9445364	制冷|致冷
94453645364	直愣愣
944536454	制冷剂|制冷机
944536494473	知冷知热
9445394264	只乐乡
9445394484	只可意会
9445398632	执柯作伐
94454	之际|制剂|执纪|支离|智利|智力|治理|直立|直隶|知己|织机|职级|至极|致力|致畸|质粒|雉鸡
944542	制假|指甲|支架|治家|趾甲
944542424	指甲盖
94454243	芝加哥
9445424332983	芝加哥大学
9445426	之间|制件|只见|执教|指尖|指教|支教|支链|智联|治教|治疗|直角|直链|知交|纸笺|职教|至交|质料|质检|质监
94454263269464	支链反应|直链反应
9445426334	治疗费
94454264	之江|制浆|枝江|纸浆|芷江|质量|陟降
94454264386936	直谅多闻
944542647426424364	质量上乘
94454264744	枝江市
9445426474684364	质量守恒
94454264748	质量数
94454264966494664	执两用中
944542658	质监局
944542672654269464	直角三角形
94454267426	支建桥
9445426744	治疗师
9445426786	质监所
944542694	治疗仪
94454269426	质监站
944542694626	志骄意满
9445426946458	志坚行苦
9445426983	治疗学
94454269862426	直角坐标
944542968	指甲油
944543	指节|枝节|直列|直截|直接|职介|肢解
94454322698	直接参与
94454324278	直接插入
94454328424	只借不还
94454328678	直接存取
944543384482	直接对话
944543533264	直捷了当|直接了当
94454354263264	直截了当
94454362694	直接贸易
94454368548	只鸡斗酒
944543746854	直接受理
9445437484	直接税
944543786	职介所
94454384	智利队
94454388454	直接推理
94454394266464	直接照明
9445439449826	直接支援
9445448265464	治理环境
944546	纸巾|织金|织锦|至今
944546326	只尽到
9445464	指令|止境|直径|致敬
944546464926	至理名言|至理明言
9445464868	指令投
9445464936626	执径问难|执经问难
94454649464	指令性
9445464948664	指令系统
94454649878	指令预取
9445466364786	知尽能索
9445467426542	只鳞片甲
94454674269482	只鳞片爪
94454694744	至今已是
94454694968	至今已有
94454736	直立人
9445474364	直隶省
9445474524	直立起来
9445476784	支离破碎
944548	之流|支流|滞留|直流|织就|置酒
9445483426	直流电
94454834263664	直流电动
94454854	志留纪
94454894	志留系
9445494364386	治理整顿
9445494424	知己知彼
9445494498	知己之遇
94454986548	只鸡樽酒
9445664	指控|质控
94456647826	制空权
944568	纸篓
94456898926	直口无言
94458	指路|支局|支路|智虑
9445824	直快
9445826	治乱
94458262869264	治乱存亡
9445826542638	治乱减负
944583	直觉|知觉
9445833269464	直觉反应
94458394894	直觉主义
944586	志军|治军|直落
94458628326	只轮不反|只轮不返
944586326	直落到
9445869436	直罗镇
944586944326	治军之道
94458698326	只轮无反
944586986926	纸落云烟
9445893462	指鹿为马
9445898662	指鹿作马
94462	支那|纸马|芝麻
944624	支脉
944624826	芝麻官
9446254264	芝麻酱
94462546	滞纳金
944626	制帽|指南|枝蔓
944626243	指南车
94462637546	知难而进
9446263774264	知难而上
94462637884	知难而退
9446264	智囊|致盲
9446264664234	指南攻北
94462648826	智囊团
94462658	指南录
9446267433	志满气得
944626745426	志满气骄
9446269433	志满意得
9446269436	指南针
944626946494	知难行易
94462968	芝麻油
944634	之内|酯酶
9446343264924	直内方外
9446343364926	直眉瞪眼
9446346868	直眉怒目
944634946454	志美行厉
944636	稚嫩|窒闷
9446364	只能|智能|职能
94463642898	智能不足
9446364482	智能化
944636452	智能卡
944636454	智能机
94463649264	智能网
94463649464	智能型
94464	执迷|致密
9446426	植棉|植苗|直面|纸面
944642666626	直面磨难
944642673674364	直面人生
9446428326	执迷不反|执迷不返
9446428484	执迷不悔
94464289464	执迷不醒
944642898	执迷不悟
944646	殖民
94464634	殖民地
9446464	指名|指明|知名|致命
944646428968	知命不忧
94464643264744	知名当世
94464643269464	指名道姓
944646438	知名度
9446464736744	知名人士
944646474264	致命伤
94464649269826	知名演员
94464649446426	知命之年
9446464944744	知名之士
94464649464	致命性
944646586	殖民军
944646943	殖民者
94464694894	殖民主义
94464694894943	殖民主义者
944648	执拗
94464837	执牛耳
944664	一共|义工|子宫|怡红|紫红|细工|自贡|西宫|西贡
94466428486	以功补过
944664286664	以工补农
944664324426	以工代干
9446643249436	以工代赈
944664326	溢洪道
94466437726	一哄而散
9446643774	一哄而起
9446643774264	一哄而上
94466438486	以功覆过
9446645464	子宫颈
94466464374	以公灭私
94466473	紫红色
94466474	子公司
94466474264	西红墙
944664744	自贡市|西红柿
9446647464	亿公顷
944664748984	以功赎罪
9446649347468	以攻为守
9446649426583	以宫笑角
944664948264	自供状
9446649826	怡红院
9446664	支农
9446674364436	枝末生根
944668	智谋
94468	以后|侄女|异构|溪沟|知母|织女|蚁后
944682432	直木必伐
94468336498	栉沐风雨
9446837	侄女儿
94468426	支努干
94468484	以后鬼
944686	芝诺
9446864942	洗垢匿暇|洗垢匿瑕
94468748942	洗垢求瑕
9446884	异构体
94468942632	直木先伐
944689464	织女星
94472	只怕
944724	指派|支派|直拍|纸牌
944724744	直排式
944726	之三
9447264	治丧
9447264624824	指桑骂槐
944726474864824	指桑说槐
94472649349826	治丧委员
94472968946736	只怕有心人
94473	滞涩|炙热
944734	支配
9447347826	支配权
944736	指认|直喷|知人|纸人
94473628484	直认不讳
944736586744	知人论世
9447367426736	知人善任
9447369446426	知人知面
9447369446464	知人之明
9447369854	至人无己
944736986364	至人无梦
94473698934	至人无为
94474	值日|志气|智寺|植皮|稚气|职司|至死|致死
944742	治沙
944742426	值日表
94474243644664	指日成功
9447426	之前|值钱|制片|制钱|指前|支前|支票|枝梢|纸扇|纸片|纸票|纸钱|至少|致歉
944742624264	制片厂
944742636643364	只欠东风
94474264	之上|志强|智商|至上|致伤
9447426437942	至上而下
944742647464986	直上青云
944742648262464	纸上谈兵
94474264944942	直上直下
9447426542698	职前教育
9447426546	值千金
944742662466	指山卖磨
9447426736	制片人
9447426748666	指山说磨
9447426944634	至善至美
94474282426	至死不变
9447428326	只骑不反
9447428484	至死不悔
944742853	知其不可
944742854264	至死不降
944742878	至死不屈
944742898	之死不渝|至死不悟|至死不渝
944743	直射
9447436	只身|置身
94474364	制胜|吱声|直升
9447436433454	直升飞机
9447436454	直升机
94474364543924	枝生节外
94474364566494	至圣孔子
9447436489464	只身孤影
944743649426744	至圣先师
94474364944326	制胜之道
944743649446464	至圣至明
9447436744924	置身事外
94474367494664	置身其中
944743694736	只身一人
944743698	置身于
9447437324	指日而待
944744	制式|只是|志士|执事|指事|指使|指示|支使|智识|枳实|止蚀|直视|知事|知识|致仕|致使|蛭石
94474424267826	知识产权
9447442426782658	知识产权局
9447442674364	指日高升
9447443364	指示灯
94474433694	知识分子
9447443426	知识点
944744482	知识化
94474454	指示剂
944744543	知识界
944744546454	知识经济
94474458	知识库
9447446426	知识面
944744724	指示牌
944744736736	志士仁人
94474474	指示器
94474474646426	知识青年
944744786586	指示群落
944744826	值日官|支气管
9447448265464	支气管镜
944744826926	支气管炎
944744842674	指矢天日
944744943	知识者
94474494448	职是之故
94474494498	指示植物
944744946	指示信
9447449464	知识型|知识性
9447453324	指日可待
9447453748	指日可数
9447453942	指日可下
944746	值勤|制品|执勤|纸品|织品|至亲|致贫
9447464	止清|治平|知情|知青|置评|质轻
944746426968	至亲好友
944746428226	知情不报
94474642858	知情不举
94474643426	知青点
944746437	之死靡二
944746454649464	直情径行
9447464736	知情人
94474647826	知情权
94474648768	至亲骨肉
9447464943	知情者
94474649449464	至情至性
94474664224546	智穷才尽
9447468	值守|制售|执手|职守
9447468284664	只守不攻
9447468326	只守到
944746834265426	指手点脚
94474683865426	指手顿脚
94474684825426	指手划脚|指手画脚
94474685333	炙手可得
94474685373	炙手可热
94474689438426	只手遮天
9447468985426	支手舞脚
94474694424	至亲至爱
94474726	知其然
9447474364	值日生
9447478694726	知其所以然
944748	只求|指数|支书|支数|植树|直属|直抒|质数
94474824	直率
944748264	直爽
9447482646858	栉霜沐露
9447483254	知书达理
9447484	止水|汁水|治水
944748426748	指数函数
94474849447464	置水之情
944748543	植树节
944748544826	直属机关
944748545426	直抒己见
9447485474	掷鼠忌器
9447486	直说
944748628986	只说不做
944748926546	植树造林
9447489349464	指树为姓
9447489466494	直抒胸臆
94474898486	只求无过
94474934886	稚气未脱
9447494	知其一
94474942586	知其下落
944749428	知其一不
9447494698	只思淫欲
9447664746878	知荣守辱
94476648826	指破迷团
94478	制取|志趣|支取|旨趣|智取|植入|直取|知趣|置入|质朴|质素|质谱
9447826	治权|职权
9447826786924	职权所在
944786	侄孙|止损|治所
94478668	侄孙女
9447869264936	置若罔闻
94478694	之所以
9447894	质谱仪
9447894264868	志趣相投
9447898482	直扑无华|质朴无华
9448	一户|一股|亿户|亿股|医护|已故|溪谷|细故|自古|西湖|西谷|遗孤|遗骨
94482	字画|异化|紫花|细化|西化|西华|西瓜|西画|锡华
9448224686	一呼百诺
9448224826336	异花传粉|自花传粉
94482249464	一呼百应
944823494664	以寡敌众
94482383264	一花独放
9448238948	一花独秀
944825248426	一画开天
9448254368	移花接木
944825494664	以寡击众
944826	一罐|一贯|习惯|制陶|医患|吸管|喜欢|细观|自管|衣冠|西关
944826226944	一官半职
94482624264	习故安常
9448262436494726	习惯成自然
944826248248	衣冠楚楚
9448262858	以冠补履
9448262894364	衣冠不整
94482632	习惯法
94482632649436	一贯方针
9448263364983	止谈风月
9448264	一晃|制糖|宜黄|紫光|紫煌
9448264224748	意广才疏
944826424264	制糖厂
944826434	子皇帝
944826437486	一晃而过
944826443	紫光阁
94482646426	亿光年
9448264689426	以观后效
94482648664	异黄酮
9448264926	一晃眼
944826493	制糖业
944826543	膝关节
94482654854	移缓就急
944826568944826	一环扣一环
944826584226	以管窥豹
9448265848426	以管窥天
94482674454	习惯势力
9448267467468	衣冠禽兽
944826898	紫花苜蓿
94482694	自管自
94482694226	一还一报
944826942524	一贯下来
9448269426	习管弦
94482694264744	倚官仗势
944826944	一贯制
9448269464	一贯性|习惯性
94482694664	衣冠冢
944826946647436	贻患终身|遗患终身
94482694726	习惯自然
94482698	习惯于
9448269863364	一贯作风
94482698693	一贯作业
9448274	西瓜皮
944827468336	自花受粉|自花授粉
9448278	伊瓜苏
9448283364	一谷不登
94482843	一虎不河
944828464	西花厅
94482874364	一谷不升
944828942	自顾不暇
944829426	西华县
9448294264	自画像
94482944942	一挂之下
94482946482	以话引话
94483264546	以古方今
9448334546	以古非今
94483364	一股风
94483647426	止疼片
94483649439264	知疼着痒
944836494473	知疼知热
944837	一忽儿
94484	一会|一回|仪轨|依归|子规|字汇|意会|直体|秭归|肢体|自毁|衣柜|议会|质体|趾踢
944842426424364	自毁长城
9448426	枝条|纸条|织田
94484265426	直跳脚
94484266464	知天命
944842674474	指天誓日
9448426934744	指天为誓
944843	制铁
9448432648826	议会党团
9448432658	依规蹈矩
9448437	一会儿
944843724364	一挥而成
94484375426	一会儿见
9448437548	一挥而就
94484379426	一会儿站
94484484	一回回
94484524	吸回来
94484647426	智亭山
94484648464	直挺挺
94484742624364	自毁前程
9448474364	一回生
9448478	吸回去
944848	一户户
9448486643364	一轨同风
94484924	自会在
9448493432	以毁为罚
944849426	秭归县
94484944	议会制
94484946464	一晦一明
94484947436	疑鬼疑神
94485426	一忽见
9448546	一股劲
944854637	一股劲儿
9448548	一壶酒
94485485464	一股就灵
944858	一骨碌|西葫芦
944858264546	以古况今
9448584827426	依葫芦画瓢
94486	一伙|喜获|已婚|异国|抑或|易货|熄火|疑惑
9448626	一古脑|一股脑
944862637	一古脑儿|一股脑儿
9448633647468	喜获丰收
944863826	一锅端
94486426482	惜孤念寡
94486524	吸过来|洗过来
9448654264944	一国两制
94486548486	以火救火
9448662694	易货贸易
9448664	止痛|直通
9448664243	直通车
944866432643	志同道合
94486647426	止痛片
9448664926	止痛药
944867264664	一国三公
9448674643426	异国情调
9448678	洗过去
944868	指头|枝头|纸头
944868294264	异国他乡
94486926476	遗魂亡魄
94486943274	一棍子打死
94486944334	以火止沸
94486944586	一国之君
94486944948	一国之主
944869468	一锅粥
94486948	一锅煮
94487426546	一壶千金|一顾千金
9448746424364	一顾倾城
94487484	一壶水
94487894	以骨去蚁
94488	制图
94488632	治脱发
94489345426	以古为鉴
944894	自顾自
944894226	一鼓一板
9448944546	以古制今
944894493	一孤之腋|一狐之腋
944894524	自古以来
944898546	以古喻今
944898624264	异乎寻常
944898674	一鼓作气
94492	吱呀|枝丫|枝桠|质押
944924	之外|志在|旨在
9449242433	志在必得|志在比得
944924327826	治外法权
94492448	只在乎
944924742654	志在千里
944924743264	志在四方
94492474424	志在四海
944924944726	至再至三
944926	制盐|制药|制造|只要|直言|纸烟|织造
944926226	值早班
94492624264	制药厂|制造厂
94492628484	直言不讳
9449264	指望|止痒
94492645426546	知往鉴今
944926542	制造家
944926545426	直言极谏
9449265465426	直言进谏
94492654694	直言尽意
944926626386	制造矛盾
94492674264	制造商
944926742698	只言片语
9449267435426	直言切谏
94492678486	直言取祸
94492693	制药业|制造业
944926934224	指皂为白
9449269344364	指雁为羹
9449269349464	直言危行
944926943	制造者
944926943645426	直言正谏
94492694364586	直言正论
9449269436473	直言正色
944926944	质言之
94492698484	直言勿讳|直言无讳
94492698586	制造舆论
94492698946	直言无隐
94493	值夜|执业|指责|枝叶|汁液|治则|纸业|纸页|置业|职业|职责
944932464	职业病
9449332633	职业道德
944934	执委|支委|职位
9449342694664	职业高中
944934484	执委会|支委会
94493482	职业化
94493494494264	知微知彰
944936	指纹|质问
9449367474364	只闻其声
94493786924	职责所在
9449394264244	枝叶相持
94493943	职业者
944939443	执业资格
944939464	职业性
9449394664983	职业中学
94493948264	职业装
94494	之一|侄媳|侄子|制艺|制衣|执意|支系|旨意|枝子|栀子|止息|直系|直译|知悉|稚子|窒息|置疑|致以|致意|质子|质疑
944942	之下|直辖
9449423774264	至下而上
9449424	指摘
9449426	制宪|只限|执照|支招|支线|治校|滞销|直线|直销|知县|知晓|职校|职衔
94494262482626	直线传播
94494264	志向|执掌|指向|滞胀|纸张|纸箱|职掌
94494264484343	止涨回跌
94494264524	只想来
944942645378	指掌可取
9449426458	只想哭
9449426478	只想去
944942649464	指向性
944942658	知晓率
944942666832	知小谋大
944942692632	智小言大
94494269426	支小小
9449426946824364	直线轴承
94494269826	指战员|直销员
944942698634	至小无内
94494269863664	直线运动
944942744	直辖市
94494282664	执意不从
944942884	只字不提
944943	制鞋|指着|智者|止泻|纸屑|职协|致谢
9449435426944	智者见智
9449436	指针
94494364	执政|指正|指证|至正|质证
944943643264	执政党
9449436432694	只争旦夕
9449436438	执政府
944943644826	执政官
94494364934646	执政为民
94494364942694	只争朝夕
94494364943	执政者
944943694264526	智真长老
944943742658	智者千虑
9449438	侄媳妇
944943867464	知义多情
944943926	止泻药
94494393	制鞋业
944944	制止|吱吱|指指|治治|直指|直至|纸制|纸质|织制
94494428324	知止不殆
9449442848	置之不顾
9449442854	置之不理
94494428668	至智不谋
94494433	直直的
94494434	直直地
94494434263426	指指点点
94494438924	置之度外
9449444242	吱吱嘎嘎
94494442643	置之高阁
944944486468	质直浑厚
944944626468	置之脑后
9449447434	置之死地
94494474367426	知之甚少
944944746	纸制品
9449447494	只知其一
94494482	栀子花
944944934944	知之为知
944944934944944	知之为知之
944944942942	吱吱喳喳
9449449898	支支吾吾
944945428464	直系家庭
944946	指印|指引|知心|知音|置信|致信|质心
94494638	置信度
9449464	执行|支应|直行|知性|置行
94494642436498	执行程序
944946428	执行部
94494643426	直营店
944946434263364	枝形吊灯
94494644394	知行合一
94494644826	值星官|执行官
944946454468	执行机构
944946458	执行局
944946474	执行器
944946482	知心话
944946494	直性子
9449464943	执行者
944946494894	执行主席
94494654	置信集
94494662664	知音难觅
944946626748	知音难求
944946626986	知音难寻
94494664	之中|制种
94494664548	治肿瘤
94494664746824	知雄守雌
9449466494264286	趾踵相错
9449466494264543	趾踵相接
9449466786	知子莫若
944946678638	知子莫若父
944946736	知心人
94494674546	至信辟金
944946926	直心眼
94494692637	直心眼儿
944947426944	只字片纸
94494742698	只字片语
94494746748	直系亲属
944948	支柱|植株|止住|织绣|蜘蛛|踯躅
944948264	置装
944948264436424664	直撞横冲
94494826478526	直壮曲老
9449482654	制砖机
94494838924	置诸度外
94494842643	置诸高阁
944948494434	置锥之地
9449485464	蜘蛛精
9449486	执着|执著|稚拙
94494862468	指猪骂狗
944948626468	置诸脑后
9449487445426	知羞识廉
9449489264	蜘蛛网
9449489464	支柱性
9449493484	只字未提
94494936626	质疑问难
944949447468	执子之手
944965426	之我见
9449664	之用|只用|智勇
94496647482647826	智勇双全
944968	只有|挚友|质优
9449685425426	质优价廉
9449698496	知我罪我
94498	值域|只许|支吾|智育|植物|治愈|治污|滞育|知足|知遇|秩序|织物|置于|职务|至于|至於
9449822648	植物保护
944982426453	知足常乐
94498243644664	只许成功
9449826	志愿|志远|支援|职员|致远
94498262464	志愿兵
9449826586	志愿军
9449826943	志愿者
9449828546	知无不尽
9449828624	只租不买|只租不卖
944982878	知足不辱
9449828826	知无不谈
9449828926	知无不言
944983	制约|止血|治学
94498326224	植物蛋白
944983326	只学到
94498354	止血剂
944983926	止血药
944983926546	治学严谨
944984	治罪
94498454664	纸醉金迷
94498466494	职务工资
944985464726	秩序井然
9449858	治愈率
944986	制作|制做|支左|支座|至尊|质询
944986226	至尊宝|至尊版
94498626468	置于脑后
94498674264	制作商
94498693	制作业
944986943	制作者
944986944484	至尊至贵
9449869874264	至尊无上
944987424	支吾其词
944987434	置于死地
944987469426	职务侵占
94498748	治愈术
94498786	植物所
94498786586	植物群落
9449884	植物体
94498926	植物药
944989426934	植物纤维
9449894384	支吾以对
94498944336	止足之分
9449894436	知遇之恩
944989447426	止于至善
9449894474664	治愚治穷
94498944944	知足知止
9449894626	志足意满
94498946474365464	植物性神经
9449894664	植物种
94498946848263264486	只许州官放火
94498968	植物油
944989826	植物园
94498983	植物学
94498983542	植物学家
9452	伊拉|希拉|希腊|西卡|西拉
94524	一开|一来|以来|依赖|倚赖|自来
94524243649464	倚赖成性
94524248	一开出
94524248524	一开出来
94524326	一开到
945243364	喜来登
945243778	一来二去
9452438	依赖度
945244664	自来红
94524482654	依赖管理
94524486	自来火
9452466424263264	希腊共产党
9452472649264	熙来攘往
9452474367468	衣来伸手
945247484	自来水
94524748424	自来水笔
9452474844826	自来水管
9452482	希腊话
94524826	易拉罐
945249464	依赖性
945249478	一来一去|吸来吸去|洗来洗去
945253	伊拉克|希拉克
945253736	伊拉克人
945254	希拉里
94526	一览|伊兰|依兰|依靠|倚靠|宜兰|稀烂|细看|自考|西兰|遗老|锡兰
94526226	自考办
945262267468	一揽包收
945262426	一览表
945264	伊朗|西康
945264384	伊朗队
945264426486945264	一浪高过一浪
945264736	伊朗人
94526482	西兰花
94526482436	遗老孤臣
945264924542628	伊朗外交部
9452649436438	伊朗政府
94526498	伊朗语
9452654894	一劳久逸
94526624526	以老卖老|依老卖老|倚老卖老
945267426	衣烂衫
9452678694664	依靠群众
94526924526	一看再看
9452694	一揽子
945269426	依兰县|宜兰县
94526944942	一看之下|细看之下
94526946484	意懒心灰
94526947426	一老一少|遗老遗少
94526966494	一劳永逸
945269894	一览无遗
945269898	一览无余
9452736	希腊人
94527436482	希腊神话
9452744	希腊式
94528664	一卡通
9452926	矽卡岩
9452936	希腊文
94529424264	自拉自唱
94529436438	希腊政府
9452944942	一拉之下
94529468	希腊字母
945298	希腊语
9453	一克|一刻|一棵|一颗|亦可|医科|喜乐|希勒|席勒|稀客|自乐|逸乐|锡克
94532243264	一了百当
9453288464	一刻不停
945332	医科大
945334	喜乐蒂
94533453	西科迪勒
94533862	以渴服马
9453389468	亦可覆舟
94534	一类|乙类|异类
94534377426	一雷二闪
945349426494	异类相吸
94534946426	以泪洗面
945354	一刻里
94535426	锡克教
945354643426	细刻精雕
94536	一啃
9453736	锡克人
945374	一刻起|希克斯
94537454	西科斯基
9453748	一棵树
94537484	洗了睡
945374874264342674	一棵树上吊死
945394266364	伊克昭盟
945394664	一刻钟
94539826	医科院
9454	一例|一几|一力|一季|一粒|一级|一记|一里|一集|义利|义理|乙基|乙级|亿粒|以利|以及|仪礼|伊利|伊犁|依纪|医理|吸力|吸积|子力|子粒|子集|字迹|屹立|希冀|异己|忆及|毅力|洗剂|洗礼|淅沥|犀利|疑忌|疫疠|籽粒|系里|细粒|自力|自励|自己|自理|自立|自给|艺妓|袭击|西吉|西里|资力|资历|迤逦|遗迹
94542	一家|一架|一驾|医家|意甲|溢价|自家|衣架|衣甲|西甲|议价
94542243	自驾车
94542244	习家池
94542246649436	以假充真
945423424	以蠡测海
945423832	一家独大
9454243643264	一力承当
945424742	一击必杀
945425269426	一家老小
94542542	一家家
945425826748	一家眷属
9454258269436	以假乱真
945426	一件|一剑|一联|一脚|一脸|一角|一连|一间|习练|习见|仪剑|伊里安|依恋|医疗|席间|异教|异见|意料|意见|洗炼|洗练|洗脸|溪涧|犀角|移交|紫胶|翼尖|自交|自建|自恋|自检|自荐|衣料|衣角|西辽|西郊|资料|遗教
9454262245426	一了百了
9454262269426	医疗保险
94542624664	紫胶虫
94542624826	一连串
94542628326	意料不到
9454262894	一脚不移
945426326	意料到
94542633	西辽德
945426334	医疗费|资料费
9454263426242	意见调查
94542636	自家门
945426384	医疗队
9454264	一两|一辆|宜良|细粮|自量|西凉|西江
945426424	一两次
945426424264	一两场
94542642464	西凉兵
9454264248	一两处|一讲出
945426426	意见函
945426426942	一较高下
9454264326	一讲到
945426433694664	一两分钟
94542643426	一两点
945426438	西凉府
945426443	一两个
9454264542	一两家
94542645426	一两件
945426458	一两句
945426458482	一两句话
9454264626748	一将难求
94542646426	一两年
9454264688664	意见沟通
945426473678	义浆仁粟
945426474	一两日
94542647426	一两千
945426474364	一两声
9454264784	一两岁
9454264826	资料馆
94542648426	一两天
945426489436	以假谬真
9454264926	一两万
94542649264	一两样
945426493	一两页
94542649426	一两招
9454264944	一两只
945426494443	一江之隔
9454264983	西江月
945426534	蜥脚类
9454265426	易建联
9454265426726	一见了然
945426542694	意见建议
945426543	医疗界
945426548426	一连几天
945426548484	一教就会
94542658	资料库
94542658264	自恋狂
945426583968	息交绝游
9454266264726	一脸茫然
945426626926	细嚼慢咽
94542664694264	西交民巷
945426736	洗脸盆
9454267426424826	洗脚上船
9454267437	一连气儿
945426744	资料室
9454267464946	一见倾心
945426747826	资料齐全
945426748	意见书
945426748264	一箭双
9454267482643426	一箭双雕
9454267848	一见如故
94542678548	一见如旧
945426787484	一廉如水
94542686832	遗艰投大
94542688	异教徒
94542692694364	资料完整
94542694226	以见一斑
9454269424	自怜自艾
9454269426	医疗站
94542694264	意见箱
9454269442468	一箭之仇
945426944248	意料之处
94542694434	一箭之地
945426944736	一剑之任
945426944924	意料之外
945426944926	一箭之遥
94542694494664	意料之中
94542694664	意料中
945426946647464	一见钟情
9454269484824	犀角烛怪
94542698326	以简驭繁
9454269873	喜见于色
94542736	一家人|自家人
9454294	一家子
9454294424	一家之辞
9454294424264	一家之长
9454294454	一家之计
945429448	一家一户
9454294486	一家一火
94542944926	一家之言
94542944948	一家之主
94542944983	一家之学
94542944986	一家之作
945429454	一家一计
94542968	自驾游
945429837	一家无二
94543	一列|一届|一节|仪节|医界|字节|悉皆|洗劫|眦裂|系列|细节|西街|译介
9454322654	一阶半级
94543226944	一阶半职
945432454	一级代理
9454324664968	以劣充优
9454326464	亿立方米
9454328468	一介不苟
945432878	一介不取
945433269464	异裂反应
9454332944	眦裂发指
94543468	子结构
94543478	伊犁地区
94543482	系列化
94543542649826	喜结良缘
94543542654	喜结连理
945435464	洗洁精
94543724	系列赛
945437426	系列片
9454374364968	以劣胜优
9454374874364	一介书生
94543768786	系列搜索
94543774	喜极而泣
9454378548	一接如旧
945438	一季度
945438736	以力服人|以理服人
94543944224	一介之才
945439447426	一介之善
94543944744	一介之士
94543945664	洗劫一空
945442645426	字里行间
945443	伊犁河
94544348	伊犁河谷
9454436474364	自力更生|自立更生
945448	伊利湖
945448252	稀里哗啦
94544888	稀里糊涂
945454264226	一饥两饱
9454542662	一级简码
94545464248	息迹静处
945454854	自力救济
945458	自给率
9454586	自立军
94546	一斤|亿斤|吸尽|吸进|子金|宜林|紫金|自尽|自禁|衣襟|西晋|西林|资金|锡金
94546226542	一鳞半甲
945462269426	一鳞半爪
945462269482	一麟半爪
9454624364	紫禁城
945463	资金额
94546326	一进到
9454634	宜林地
9454636454	自理能力
945463648	自立门户
945464	一经|夷陵|已经|役龄|意境|易经|洗净|紫晶|紫荆|自警|衣领|西京|西经|西陵|遗精
9454642264948	依经傍注
9454642426454264327426	西陵长江大桥
94546432653	已经到了
945464482	紫荆花
9454644826	紫荆关
94546478	夷陵区|西陵区
94546482694264	衣锦还乡
9454648653	锡林郭勒
94546486536364	锡林郭勒盟
9454648694264	衣锦过乡
94546492647436	颐精养神
945464942	西陵峡
9454649426968	以儆效尤
945464944824	自惊自怪
945464946743	西泠印社
945464949826	西京医院
9454649869664	自净作用
945465464	易筋经
94546548	资金流
94546636	喜临门
945466426	资金面
945467426	紫金山
945467426482	洗尽铅华
945467426542	一鳞片甲
9454674268426936824	紫金山天文台
9454674269482	一鳞片爪
94546744768	衣锦食肉
94546748	子霖叔
9454686	伊利诺
945468694	伊利诺伊
94546869432983	伊利诺伊大学
9454686949468	伊利诺伊州
945469264248	以进养出
9454693443	以邻为壑
94546934884	以进为退
9454693926	西邻责言
94546949482	一鳞一爪
9454736944526	以及人之老
9454742224	伊丽莎白
9454744	自力式
9454746	一级品
94547474	自即日起
945474866464	以例说明
94548	一九|一六|一流|一溜|依旧|吸溜|喜酒|忆旧|溢流|溪流|系留|细柳|细流|细究|自咎|自救|自流|自留|自纠|西流|遗留
9454822	一九八|溢流坝
9454822226426	一九八八年
9454822376426	一九八二年
94548225486426	一九八九年|一九八六年
94548227266426	一九八三年
9454822746426	一九八四年
9454822946426	一九八一年
945482698	遗迹谈虚
9454832	溢流阀
94548326946	以旧翻新
9454832983	一流大学
945483364	一溜风
9454834	自留地
9454837	一溜儿
9454837746426	一九二七年
945484826424	自流灌溉
945484826946	以旧换新
94548484	依旧会
945485464	自流井
94548548	一九九|一九六
94548548226426	一九九八年|一九六八年
94548548376426	一九九二年|一九六二年
945485485486426	一九九九年|一九九六年|一九六九年|一九六六年
945485487266426	一九六三年
94548548746426	一九九七年|一九九四年|一九六七年|一九六四年
94548548986426	一九九五年|一九六五年
94548726226426	一九三八年
945487265486426	一九三九年|一九三六年
94548726746426	一九三七年
94548736224	一流人才
9454874	一九七|一九四
9454874226426	一九七八年|一九四八年
945487426	自留山
9454874376426	一九七二年|一九四二年
94548744	易九世
94548745486426	一九七九年|一九七六年|一九四九年|一九四六年
945487464546	依流平进
94548747266426	一九四三年
9454874746426	一九七七年|一九四七年|一九四四年
9454874946426	一九四一年
9454874986426	一九四五年
94548924943	一溜歪斜
94548926	一溜烟
9454892637	一溜烟儿
94548942524	遗留下来
9454894546	自留资金
94548968	忆旧游
9454898	一九五
9454898226426	一九五八年
9454898376426	一九五二年
94548985486426	一九五九年|一九五六年
94548987266426	一九五三年
9454898746426	一九五七年|一九五四年
9454898946426	一九五一年
9454898986426	一九五五年
945492	伊里亚
94549249426	以利再战
9454926226	自立早报|自立晚报
94549426	西吉县
9454942642426	一级相变
945494264324	以礼相待
9454943	袭击者
945494363264	自激振荡
945494424264	一技之长
945494474	一己之私
9454944748	以狸至鼠
94549464	自给性
94549466264	意急心忙
945494664	子理兄|西基雄
94549474264	自立自强
94549492	西里西亚
94549498	自己自足|自给自足
945496898	自给有余
9454983264	一级预防
945664	自控
9456642832	一孔不达
94566454894664	一龙九种
9456649426	仪陇县
9456649445426	一孔之见
94566494743	一龙一蛇
94568	一口|一楼|一篓|子口|戏楼|挹娄|溪口|衣扣|西口|西楼|遗漏
94568324	一口袋
94568568	一口口
94568726743	一口三舌
9456874	一口气
94568866474364	一口同声|异口同声
945688664946	一口同音
945689263464	一口咬定
94568936946	以口问心
945689436	溪口镇
945689474364	一口一声
9456894744	易口以食
9458	一举|一具|一句|一局|一律|一捋|一缕|一路|义举|义律|依律|依据|喜剧|子路|字句|字库|字据|宜居|徙居|忆苦|息率|戏剧|戏路|疑惧|疑虑|移居|自居|自律|衣履|衣裤|西裤|西路|西麓|锡剧|驿路
94582	自夸
9458234	自夸地
945824	一块
9458243646464	一举成名
94582437	一块儿
945824942638	以快先睹
945826	一卷|一款|席卷
9458262248264	席卷八荒
94582634744	以卵敌石
9458263664	西宽东
94582637524	席卷而来
94582637826	席卷而逃
9458264	一筐|锡矿
945826454843	一匡九合
94582647426	锡矿山
94582648426942	一匡天下
94582654744	以卵击石
945826743664	意乱神迷
945826746464	意乱情迷
9458268834	一乱涂地
945826945664	席卷一空
945826946484	意乱心灰
9458269466264	意乱心忙
94583	子爵|自决|自绝|自觉|议决
945832	一路发|一路打
945832494664	一决雌雄
9458326	忆苦饭
945832874	一蹶不起
94583289436	一蹶不振
94583289464	一蹶不兴
9458333668	自掘坟墓
945833642436	一路风尘
945833647464	一路风清
94583436464	自觉革命
945834684826	以绝后患
945837436438	一决胜负
945837826	自决权
94583786668	贻厥孙谋
945838633	一举多得
945839464	自觉性
94583949826	自觉自愿
945839863664	自觉运动
9458426	自苦寒
945842878	自愧不如
945843878	自愧弗如
945847826226	一窥全豹
9458482	戏剧化
945848673	一路货色
9458486924	移居国外
9458542	戏剧家
94585426433	一举两得
9458542647826	一举两全
9458543	戏剧界|戏剧节
945854649426	一路领先
945858	一句句|一缕缕
9458586	西路军
94586	一捆|一摞|一轮|义军|以军|奚落|希罗|抑菌|稀落|紫罗|细君|细菌|议论|遗落
94586336286	议论纷错
94586336336	议论纷纷
94586336432	议论风发
94586336986	议论纷纭
9458638633	希罗多德
94586526	紫罗兰
94586726	自扩散
94586742694264	一落千丈
9458674364	议论声
945868374	异军特起
9458684	西昆体
945868874	异军突起
94586923454264	伊洛瓦底江
94586936	议论文
945869426	细菌战
94586943744	一落泻势
945869464	细菌性
94586946432	议论英发
9458694645454	细菌性痢疾
94586983	细菌学
94586983542	细菌学家
945869869664	抑菌作用
945869874	细菌武器
9458726326	一举三反
945872633	一举三得
945872674364	一路盘升
94587426	喜剧片
945874264	一路上
945874264226	一局上半
9458742654	一举千里
94587433	一举四得
9458746426	一路平安
945874643364	一律平等
9458746894	一举手一
945874833	一举数得
9458748426	忆苦思甜
94587486243	一路顺车
945874863364	一路顺风
9458785464	移居入境
94588664484	异路同归
94589264743	倚闾望切
945892654	一举万里
945893453	以苦为乐
945893462	以鹿为马
945894	戏剧系
9458942226	一局下半
945894264	一路响
9458943664	一举一动
9458944526	一举之劳
94589464	一路行|戏剧性|自律性
9458946642426	一举中标
945894744	自律意识
9462	义马|吸纳|姨妈|希玛|戏码|西马|译码|驿马
946224	心裁|新蔡|银白
94622473	银白色
9462247445426	因材施教
946226	信报|印版|引爆|心包|新报|新版|阴曹
94622626	新保安
9462264	阴棒|隐藏
9462264466458	新藏公路
946226926	心包炎
94622694264	信报箱
94622694264786	信报箱群
946232649426	一码当先|一马当先
946234	银杯
946236	印本
946236934	银本位
94624	义卖|因此|心爱|新币|新词|荫庇|荫蔽|西奈|银币|隐蔽
946242	新茶|音叉|饮茶
94624226326	西奈半岛
9462424	信差
94624248	隐蔽处|隐避处
9462426	信标|引产|心潮|新潮|新编|新钞|音变|音标
946242628	信产部
9462426326486	心潮翻滚
94624264	吟唱|心肠|新昌
94624264323826	心长发短
9462426432438	心肠歹毒
94624264426	心肠好
946242644824	心肠坏
94624264543826	心长力短
946242647826	心肠软
946242649464	心肠硬
946242654	引潮力
946242654264	因变量
94624266267464	心潮难平
94624267364724	心潮澎湃
94624267438	心潮起伏
9462429264286	阴差阳错
946243	新车
9462436	茵陈|阴沉
94624362436	阴沉沉
94624362454264	引车卖浆
9462436324943	新陈代谢
94624364	心诚|新城|音程
9462436478	新城区
94624364935464	心诚则灵
94624462654264	寅吃卯粮
94624474369264	心驰神往
946246	新宾
94624624	姨奶奶
9462464	心病|新兵
946246426524	信笔拈来
9462464267826	心慈面软
9462464542698	新兵教育
946246462694	心病难医
9462464934524	因病未来
94624664	新宠
9462468	薪酬|辛丑
9462468548436	新仇旧恨|新愁旧恨
9462474687826	心慈手软
946248	引出
94624826	新传|银川
946248264	新创
946248264568	新窗口
94624826744	银川市
9462482674649826	银川平原
946248426426	心比天高
9462486	新春|辛醇
9462486582453	新春快乐
946248664226	一奶同胞
94624866474	一脉同气
94624869464	信春鹰
946248694984	饮醇自醉
946249426424364	一脉相承
946249426424826	一脉相传
94624942648664	一脉相通
9462494264926	一脉香烟
9462494448	因此之故
9462494582	自卖自夸
9462494624	一买一卖
946249464	隐蔽性
9462498	新词语
94625292	喜玛拉雅|喜马拉雅
946252927426	喜马拉雅山
946252927426624	喜马拉雅山脉
946253	亿马克
946253324	倚马可待
946254649426	一码领先|一马领先
94626	乙脑|以南|兹曼|嬉闹|心安|新安|沂南|疑难|细毛|自满|衣帽|西南|阴暗
9462622668	一男半女
9462623	西南侧
94626246494364	疑难病症
94626248	阴暗处
9462628	西南部
946262822	一毛不拔
946263264	西南方
94626334	西南非
946263364	西南风
946263478	西南地区
946263754264	新奥尔良
946263768	一男二女
946264	子囊
9462642645664	西南航空
94626542	衣帽架
946265426	西南角|西南郊
94626542632	西南交大|西南联大
9462654264	新安江
946265433	心安理得
9462654332	疑难解答
9462664	喜满你
946266426	西南面|阴暗面
94626746498	自满情绪
9462678736	以貌取人
946268	伊玛目
9462692	西南亚
946269264	细毛羊
946269294364	疑难杂症
9462693684	疑难问题
9462694	西南夷
946269426	新安县
946269426462	以毛相马
94626943643232983	西南政法大学
9462694433	意满志得
946269468	一男一女
94627426926	倚马千言
9462744	一码事
9462746424826	一马平川
946278265426	一码软件
94628	信步|阴部
946282426	心不变
94628326	心不烦
9462832632	心粗胆大
94628379464	信步而行
94628486	信不过
94628526	心不老
94628542649664	心不两用
946286	新村
94628654334	心存芥蒂
9462866894264	心存目想
9462869264242	阴错阳差
94628694486	心存疑惑
9462874	心不死
946287438	心粗气浮
946288426	心不跳
94628924926	心不在焉
946289264	阴补阳
946289464568	心不应口
9462896894	心不由意
94628968948	心不由主
94629469826	意马心猿
9463	吟哦
94632	印发|引发|心法|新大|新法|银发
94632248	引发出
946324	信贷|殷代
94632466474	信达公司
94632494546	信贷资金
9463249826	信贷员
9463258	新大陆
946326	信道|引导|心丹|心烦|心胆|心道|阴道
94632624264983	饮胆尝血
9463264	信访|心房|新党|新房|淫荡
946326424263664	心房颤动
9463264743664	心荡神迷
9463264743694	心荡神怡
9463264783664	心房扑动
9463264826	心导管
946326494	新房子
946326549264	心烦技痒
946326568	阴道口
94632658426	心胆俱寒
94632658543	心胆俱裂
946326585826	心烦虑乱
94632658784	心胆俱碎
9463266426	银道面
946326736	引导人
9463267436944	心到神知
946326744546	阴丹士林
946326926	阴道炎
946326945826	心烦意乱
94632694926	心烦意躁
94632744	殷大士
94633	引得|心得|阴德
9463326	心得安
946334	心扉|心肺|新飞
94633486	信得过
9463349426494	心非巷议
9463352494	隐德来希
9463354	新德里
946336	锌粉
9463363264	新芬党
9463364	信奉|信封|信风|新风|欣逢|薪俸|阴风
946336422658	饮风餐露
94633642468226	阴风愁惨
94633642484486	因风吹火|引风吹火
94633644867464	欣逢国庆
9463364542543	欣逢佳节
94633646664983	吟风弄月
94633649426	信丰县
9463364943	信奉者
9463374364	信德省
9463384484	心得体会
94634	一枚|以内|印地|姊妹|心地|心底|新低|新堤|辛迪|阴蒂
946342426	新地产
946342486543	心地纯洁
9463426	印地安|印第安|心电|新店|辛店|音调
946342662	印第安纳
9463426629468	印第安纳州
9463426736	印第安人
946342688	心电图
9463426968634	音调优美
946342698	印第安语
94634326	新地岛
9463437924	自内而外
94634426	心地好
94634482	姊妹花
94634482646464	心地光明
94634542	辛迪加
94634546	亿美金
9463464	银锭
94634742654264	心地善良
946347894	因敌取资
9463493494	因敌为资
946349426926	喜眉笑眼
9463494269464	夕寐宵兴
9463494424	溢美之词|溢美之辞
94634944926	溢美之言
9463494494	因地制宜
9463494498	溢美之语
9463494924	一内一外
946349498	溢美溢恶
9463498	印地语
946349826	一美元|亿美元
94636	一门|义门|信佛|夷门|细嫩|西门
94636226	西门豹
94636226448	依门傍户|倚门傍户
946364	一梦|伊盟|异能|沂蒙|艺能|西盟
946364389468	亦能覆舟
946364542522264	西孟加拉邦
94636474	西蒙斯
946364742678	沂蒙山区
946364826944	西门观止
9463658448	倚门窥户
946366247426	倚门卖俏
946366249426	依门卖笑|倚门卖笑
9463664	引动|心动
94636642894	心动不已
94636643264	新东方
946366432649839426	新东方学校
946366454	新动力
946366488	心动图
9463664984826	心动徐缓
94636736494264	席门蓬巷
946367466494264	席门穷巷
946368	引逗
94636866474	一门同气
9463694	西门子
9463694269426	倚门献笑
9463694466474	西门子公司
946369458	倚门倚闾
9463694664543	一门忠烈
9463694674	一门心思
94637	信儿|因而|心儿|银耳
946372832	引而不发
9463742648	信而好古
94637744	因而是
9463796894364	信而有征|信而有证
94638	信服|信符|印度|引渡|心服|心浮|心腹|新妇|新富|殷富|淫妇|阴毒|隐伏|音符|饮服
94638226326	印度半岛
946382688424264	引短推长
94638324826	心腹大患
9463843	印度河
94638466443486	印度共和国
94638486326428	印度国防部
946385426	印度教
9463856838	心服口服
946386	吲哚|隐遁
94638649492	印度尼西亚
9463864949298	印度尼西亚语
94638736	印度人
946387366463264	印度人民党
946387428	心浮气粗
94638743664	心浮气动
9463874649826	心服情愿
94638746852	心毒手辣
946387474364	心浮气盛
9463874826	印度斯坦
9463874926	心浮气燥|心浮气躁
946389264	印度洋
946389436438	印度政府
946389442464	心腹之病
946389444826	心腹之患
9463894454	心腹之疾
946389445426	心腹之交
9463894462	印度支那
94638944968	心腹之忧
94638946644826	心腹重患
9463898	印度语
946392647426	隐恶扬善
9464	一米|乙醚|亿米|字谜|悉尼|戏迷|旖旎|稀泥|细密|细腻
9464224	型材|英才
946422492638	莺猜燕妒
946422493	应采择
94642253	星巴克
9464226	兴办|星报|行包|行草
94642264	兴邦|英磅|英镑
946422642264	硬梆梆|硬邦邦
94642268664	英保通
9464226934226	应报未报
94642294	硬把子
94642362482698	星奔川骛
946424	影壁|性比|性爱|新海|硬币|行刺|辛亥|银海
9464242	星槎|省察
94642426	应变|形变|英超|鹰巢
94642426326432	应变方法
946424264	刑场
9464242654	应变力|应变计
9464242654482	应变计划
94642426636454	应变能力
94642426824	性变态
94642426926534	莺巢燕垒
946424269464482	应变硬化
94642426983264	应变无方
9464243	性别|行车
946424324	性别比
9464243326	行车道
94642436	星辰|映衬
946424364	兴城|兴澄|应城|应承|形成|影城|硬撑|行程
9464243642364	形成层
9464243642426	行程表
946424364426748	形成函数
94642436474	形成期
946424364744	兴城市|应城市
946424364748	性成熟
9464243649874	行成于思
946424374744	性别歧视
9464244	星驰|盈尺|英尺
94642443426243	星驰电掣
94642443426968	星驰电走
946424436464	辛亥革命
9464244687664	兴词构讼
94642448264	殷海光
946424486	行必果
94642454824264	行笔流畅
9464246	迎宾
94642464	兴兵|性病
94642464366494664	兴兵动众
9464246438	应秉赋
94642464826	迎宾馆
946424664	星虫
94642466424664	兴冲冲
94642468	应酬|腥臭
94642468482	应酬话
94642468934	腥臭味
94642468936	性丑闻
9464247468	辛亥首
9464248	映出
946424826	行船|颍川
9464248264	心海棠
94642486	迎春
94642486482	迎春花
946426	一年|一秒|一面|亿年|以免|信函|信号|兴安|字面|席面|引号|心寒|心甘|心肝|意念|新高|昔年|犀鸟|疫苗|益鸟|翌年|自勉|西面|遗尿|银号|阴寒|阴干|隐含|音高
946426226234	心肝宝贝
946426226924	一年半载
946426242	刑按察
94642624854	信号处理
94642628583	音耗不绝
946426326	信号弹
946426326586	心寒胆落
946426326868	一年到头
9464263269426	心寒胆战
9464263269464	异面反应
9464263364	信号灯
9464263754	一面儿理
946426386524	一年多来
9464264	喜娘|姨娘|引吭|引航|新港|新航|银行
946426423443	引吭悲歌
946426432	银行法
9464264326	引航道
946426442624264	引吭高唱
946426442643	引吭高歌
946426442674364	引吭高声
946426452	银行卡
9464264542	银行家
9464264543	银行界
94642647826	银行券
946426493	银行业
9464264983	银行学
94642654	信号机
94642654264826	信号交换
9464265464	兴安岭
946426624	洗面奶
9464266364	兴安盟
94642664	应从
9464266426	一面面
9464266464	尹汉宁
94642674	一年期|信号旗
9464267426	心高气傲
94642674264	信号枪
94642674364	一年生
94642674364944	一年生植
9464267454	一年四季
9464267464226	信号情报
94642674649826	心甘情原|心甘情愿
9464267468	新感受
94642678	洗面乳
94642678548	一面如旧
9464268264	颐年堂
9464269426	兴安县|新干线
9464269438	一年一度
94642694424	一面之词|一面之辞
946426944242	一念之差
94642694454	一年之计
9464269445426	一念之间|一面之交
9464269445826	一面之款
946426944744	一面之识
94642694492	一面之雅
94642694498	一念之误
9464269449826	一面之缘
94642694664	一秒钟
9464269826	信号源
946426986484	悉尼奥运会
946428	刑部|营部|行步
94642824364	形不成
94642826645464	行不从径
9464283393	行不得也
94642838926	行不副言
9464284249464	行不改姓
94642846843	行不苟合
94642858934	行不履危
9464286	幸存|英寸
9464286943	幸存者
9464287436494	行不胜衣
94642878334	行步如飞
946428786464	幸不辱命
9464288664	行不通
9464289464424	应不应该
9464289685464	行不由径
946428983264	行不逾方
94643	信鸽|引河|新河|熄灭|辛格|银河|阴河
946432	兴发|兴大|刑法|刑罚|应大|应答
9464323426	刑法典
9464324934324	应带未带
946432548	邢大舅
9464326	星岛
94643264	应当|英方|营房|行房
94643264286464	行方不明
94643265464	硬翻领
9464326736748	应到人数
94643269449464	形单只影
94643269464748264	形单影双
94643269464944	形单影只
94643278548	应答如流
9464327894264	应答如响
946432983	刑法学|悉尼大学
946432983542	刑法学家
946433	幸得|应得|英德|赢得
9464334286944	兴废存之
9464334342654	星飞电急
946433454583	兴废继绝
94643345464	英飞凌
946433492698	莺飞燕舞
94643349458	蝇飞蚁聚
9464334986726	星飞云散
9464336	兴奋
94643362894	兴奋不已
94643363426	兴奋点
94643364	星等|行风|迎风
94643364324983	迎风待月
946433643778	迎风而去
9464336448264	旖旎风光
94643364626983	迎风冒雪
9464336494269426	迎风招展
946433649464543	迎风迎接
9464336498398	腥风血雨|腥风雪雨
946433649865264	兴风作浪
946433654	兴奋剂
94643369424264	兴奋异常
94643369464	兴奋性
9464337826	邢德全
9464338664	行得通
946434	应敌|硬地|营地|薪给
94643426242	性调查
9464343	影碟
946434354	影碟机
94643464482	应定华
946434746852	心黑手辣
94643586	性恶论
946436	印痕|心狠|银根|饮恨
9464362638	饮河满腹
9464363794664	饮恨而终
9464363852	阴狠毒辣
9464364	心梗
94643664	行动
946436642444826	行动迟缓
94643664282426	行动不便
946436643264	行动党
9464366494264	行动项
94643664943	行动者
946436649478	行动自如
9464366498696	行动坐卧
9464367468434	心狠手黑
946436746852	心狠手辣
9464368	星斗
94643688674364	饮恨吞声
9464369466474364	饮恨终生
946437	婴儿|幸而|影儿|西尼耳
946437243	婴儿车
946437289826	行而不远
94643774	婴儿期
94643774264	形而上
94643774264983	形而上学
946437942	形而下
946438	幸福|应付|硬度
946438236	硬副本
94643826224426	行短才高
946438286	幸福村
946438287426	兴复不浅
946438333264	应付得当
9464383394	应付得宜
9464384	应对|营队
946438426	幸福感
94643842874664	应对不穷
94643843384	应对得体
94643843394	应对得宜
9464384546884	应对进退
946438478548	应对如流
94643847894264	应对如响
9464385826	应付款
946438736	邢夫人
94643874364486	幸福生活
9464389478	应付自如
946438949826	幸福戏院
9464389878	应付裕如
9464394	银河系
9464398543	遗孽余烈
9464424	婴孩|应该|形骸|星海
9464426	型号|幸好|性感|星号|硬干|硬汉|英汉|英豪
9464426224543	兴高彩烈|兴高采烈
94644262426	性高潮
94644264	型钢|英航
946442642	性尴尬
94644267468	性感受
946442694	硬汉子
9464426946484	形槁心灰
946443	兴革|性格|星河|杏核|英荷|莺歌|迎合|颍河|鹦哥
946443494	应给以
946443498	应给于
946443526	英格兰
946443526384	英格兰队
9464435269464264	英格兰银行
946443589826	悉尼歌剧院
946443736946	迎合人心
946443744546	形格势禁|行格势禁
946443786526	英格索兰
946443788664	行合趋同
94644392698	莺歌燕舞|莺歌燕语
946443943	性和谐
946443986983	行歌坐月
94644664	兴工|猩红|硬功|硬弓|行宫
9464466438	硬功夫
946446646364	性功能
9464466473	猩红热
9464468	影后|迎候|鹰钩
946446824	鹰勾鼻
946448	莺谷
9464482	兴化|兴华|杏花|樱花|硬化|细密画|英华|莺花
9464482248698	杏花春雨
9464482286	杏花村
94644823426	英华殿
94644824	萦怀
9464482426526	硬花甘蓝
946448254	硬化剂
9464482543	樱花节
94644826	英冠
946448264	星光|杏黄|荧光|萤光
946448264226526	星光灿烂
946448264336	荧光粉
9464482643364	荧光灯
94644826473	杏黄色
9464482647464	荧光屏
946448265464	硬环境
946448267869826	兴观群怨
9464482694	性关系
9464482748	樱花树
946448294364	硬化症
9464484	兴会|幸会|行贿
9464484243	硬回车
946448454654	兴会淋漓
946448458	性贿赂
946448492643	莺闺燕阁
94644849464	幸会幸
9464486	兴国|星火|英国|英魂|荧惑|萤火|营火|颖果
946448624664	萤火虫
9464486424586	英国海军
946448642645664466474	英国航空公司
946448646643264	英国工党
9464486466474	英国公司
94644864826426466474	英国广播公司
946448648264542424586	英国皇家海军
9464486482645425664586	英国皇家空军
946448648264542983484	英国皇家学会
9464486486326428	英国国防部
9464486524	醒过来
94644865426742632983	英国剑桥大学
946448654269826	星火燎原
946448654482	星火计划
946448658638632983	英国伦敦大学
9464486648546	英国牛津
946448664854632983	英国牛津大学
9464486736	英国人
9464486743644664484	英国圣公会
9464486744	英国式
9464486924542628	英国外交部
94644869426	兴国县
94644869436438	英国政府
946448694484	英国议会
946448868	硬骨头
9464488685485426	硬骨头六连
9464489464482	形孤影寡
9464489464944	形孤影只
94644898	硬骨鱼
9464524	迎来|醒来
946452448	兴凯湖
9464524744	醒来时
946452476649264	迎来送往
9464526	应考
94645264	硬朗
94645264336	性亢奋
9464526943	应考者
946453	刑科|硬壳|行乐|迎客
9464533464	鹰窠顶
9464534	营垒
94645374524	硬了起来
9464539264	性渴望
946453983	硬科学
946454	兴利|应力|应急|应激|形迹|性急|星级|星际|盈利|英籍|英里|营利|营里|行李|行礼|行迹|赢利|迎击
9464542	赢家
946454224	性价比
94645424264	应力场
94645424824	兴利除弊
946454248424	兴利除害
94645426	兴建|应交|性交|楹联|硬件|营建|行检|行间
946454262264	英联邦
94645426267826	硬件安全
946454264	盈江|行将
9464542642364584	行将崩溃
94645426454868	行将就木
9464542646439264	行将灭亡
946454266247426	行奸卖俏|迎奸卖俏
946454267464824	硬件平台
94645426948	星联珠
94645426949826	硬件资源
9464543	应届|硬结|英杰|英烈|行劫|迎接
9464543269464	应激反应
946454328942	应接不暇
94645433264	性解放
9464543364	应急灯
946454337	英捷尔
946454343724	应节合拍
9464543744546	形劫势禁
9464543774364	应际而生
946454378486	性烈如火
946454384269426	迎接挑战
94645453	性饥渴
9464545394	形迹可疑
94645454	应立即|英吉利
946454543826	应机立断
9464545685824	性急口快
9464545826	应急款
9464546	杏林|营林|行进
946454637326	兴尽而返
94645464	刑警|应景|性灵|英灵|行径|行经
94645464384	刑警队
94645467436	幸进身
946454742	英吉沙
94645478	性激素
9464548	营救|醒酒
9464548342654	星流电击
9464548846454	星流霆击
94645494264	行李箱
94645494266464	应急照明
9464549438	蝇集蚁附
946454944224	应力致白
9464549464	营利性
94645494643664	应急行动
946454948264824	应激状态
946454968244	行己有耻
94645498726	星离雨散
94645664	兴隆|星空
946456647426	兴隆山
9464568	硬抠|营口
9464568744	营口市
946458	刑具|刑律|刑拘|应举|影剧|行旅|行路
946458264	盈眶
9464583	醒觉
9464584	幸亏|盈亏
9464586	璎珞|英伦|英俊|英军|行军
9464586248264	行军床
9464586726326	英伦三岛
94645867428	星罗棋布
9464586986726	星落云散
946458743674364	形具神生
9464589826	影剧院
94646	子民|移民|遗民
9464626	兴南|刑满|形貌|盈满
94646263774264	迎难而上
94646264	行囊
94646267443264	刑满释放
946462926783	鹰拿燕雀
946463264	自民党
9464634	英美|行内
946463432	英美法
9464634926	英美烟
9464636	盈门|营门
94646364	性能
9464636423744	性能测试
946463642426786	性能超群
94646364968482	性能优化
94646367464326	迎门请盗
946464	一名|伊宁|佚名|异名|影迷|易名|熙宁|自命|艺名|西宁|译名
94646426	幸免|硬面|赢面|迎面
9464642637524	迎面而来
94646426926744	英年早逝
9464642698626	幸免于难
94646428326	自命不凡
94646428744	一瞑不视
94646432484	影迷大会
9464643394	自鸣得意
94646434826454	星灭光离
946464354583	兴灭继绝
946464484	影迷会
9464644848426	一命归天
94646448494	一命归西
946464484946	一命归阴
9464645464736	一鸣惊人
9464646	英民
94646464	兴宁|刑名|姓名|应明|性命|英名|英明
946464643426626	应名点卯
94646464424744	英名盖世
9464646454264826	性命交关
946464646448	一命鸣呼
9464646472634	英名扫地
94646464744	兴宁市
94646464943	应明哲
94646464944968	性命之忧
946464649684826	性命攸关
946464744	伊宁市|西宁市
9464647464426	自命清高
9464647854	遗名去利
9464648664744	异名同实
946464934	自命为
9464649447664	一命之荣
94646494664	自鸣钟
9464649848	一命呜呼
9464658	移民局
946466	英模
9464664	印共|阴功
946466454274	因公假私
94646646364	心功能
9464664948	尹鸿祝
9464664986626	因公殉难
9464664986944	因公殉职
94646674454	英模事迹
9464674	西敏寺
9464678	移民区
946468	应募|硬木|英亩|醒木|醒目|阴沟
946468332458264	性虐待狂
9464686	应诺
946468624	因购买
94646866478	一民同俗
9464686736	英诺森
946468789424	引狗入寨
94646934236	以民为本
9464724	鹰派
94647248265426	杏腮桃脸
9464726	星散|星盘|硬盘|营盘|萦绕
9464726466494264	硬盘共享
9464726726	性骚扰
946473	行色
94647326642664	行色匆匆
9464736	杏仁|行人
94647362464543	迎刃冰解
946473624826983	行人穿越
94647363754	迎刃而理
946473637543	应刃而解|迎刃而解
946473649464	硬碰硬
946473654543	迎刃立解
946473694543	迎刃以解
946474	兴起|刑期|形似|性器|性气|星期|硬气|腥气|英气|营私|行乞|行期|行气
94647424736	英气逼人
94647426	兴山|影片|杏山|腥膻|英山|营前|行前|行善|行骗
9464742626	英气勃勃
946474262898	行善不欲
946474264	行商
9464742654264	影片奖
946474265426543	影片简介
94647426586	性善论
946474269426	兴山县|英山县
94647426943	行骗者
9464742694494	莺迁之喜
946474284358	鹰厦铁路
9464743	影射|映射|行窃|行箧
946474342654	星旗电戟
94647436	幸甚|形神
9464743632484	迎神大会
946474364	兴盛|应声|形声|营生|行省
94647436437326	应声而倒
946474364394	形神各异
946474364486	性生活
94647436474364	硬生生
94647436474736	英声欺人
94647436492698	莺声燕语
94647436492926	蝇声蛙躁
94647436494	形声字
946474364944326	营生之道
9464743664269426	形神妙肖
94647436724484	迎神赛会
94647437	星期二
946474374	映射器
9464744	兴师|刑事|型式|姓氏|幸事|应试|形势|形式|影视|性事|省视|硬实|硬式|硬是|英式|英石|萤石|行事|行使|行市|行时|行驶|醒狮|鹰狮
9464744226748	形式参数
9464744234	应氏杯
946474424364	影视城
946474424736	形势逼人
9464744248336	刑事处分
94647443264	应适当
946474432645464	应时当令
9464744326984	刑事犯罪
94647443294654	行式打印机
9464744334326	鹰式飞弹
9464744366494664	兴师动众
9464744372426	应时而变
94647443774364	应时而生
94647443845464	应时对景
94647443869264	形式多样
9464744426	硬石膏
94647444394	形式各异
9464744482	形式化
94647444828	鹰视虎步
946474453983	刑事科学
9464744542698	应试教育|形势教育
94647445435426	刑释解教
94647445464242	刑事警察
946474458	影视剧
946474458548	刑事拘留
946474458654	形式逻辑
9464744634	形式美
94647446464926	醒世名言
9464744664	硬气功
94647447426	影视片
94647447826	影视圈
9464744787664	刑事诉讼
946474478766432	刑事诉讼法
9464744826	性器官
9464744926586	形势严峻
94647449267826	形式演算
946474493454	形势危急
9464744936984	兴师问罪
946474493736	刑事责任
9464744943	应试者
94647449436242983	刑事侦查学
946474494664	邢世忠
94647449484548	刑事追究
9464744948664	形式系统
946474494894	形式主义
946474496848	行尸走骨
9464744968768	行尸走肉
946474498674	形式运思
946474498926	形式语言
946474526	性疲劳
946474548	星期六|星欺六
9464746	应聘|省亲|硬拼|迎亲
9464746364	性启蒙
94647464	兴平|兴庆|影评|性情|荧屏
9464746438926	性情浮躁
946474644263264	性情豪放
94647464426748264	性情豪爽
946474644664	兴庆宫
9464746454926	性情急躁
94647464736	影评人
946474647687486	性情柔顺
946474649367486	性情温顺
94647464936768	性情温柔
9464746766448	迎亲送故
94647468	应手|应收|硬手
946474683	营收额
946474685826	应收款
9464746943	应聘者
946474726	星期三
94647474	星期四|星期日
9464748	星球|杏树|行书|行署
946474824	兴衰
94647482424364224	兴衰成败
9464748242869264	兴衰存亡
9464748247438	兴衰起伏
94647484	性气体|硬水
9464748426	星期天
94647486744	硬说是
946474926454	营私罔利
946474926983	莺期燕约
94647494	星期一
94647498	星期五
9464749824	营私舞弊
94647498624	营私作弊
9464749862468	行思坐筹
946474989464	刑期无刑
94647664	应松|形容|惺忪|迎送
9464766424	形容词
94647664546944	形容尽致
9464766458426	形容枯槁
946476647426284	形容憔悴
9464766494267468	形容消瘦
946478	兴趣|型谱|应诉|映入|罂粟|营区|赢取|迎娶
946478226	兴趣班
94647826	鹰犬
946478264726	兴趣盎然
9464782686642426	应权通变
94647826944224	鹰犬之才
94647842668	形如槁木
946478454934	蝇随骥尾
946478482	罂粟花
946478489264	鹰觑鹘望
946478542652	兴如嚼蜡
946478543486	性如烈火
9464786	星群|莹润|鹰隼
946478648748	行若狐鼠
9464786664468	兴趣浓厚
946478698744	行若无事
94647874498	兴趣十足
946478783744	兴趣缺失
946478783783	兴趣缺缺
9464789265426	映入眼帘
946478943646664	兴趣正浓
94648	因故|新湖|新股|犀牛|银姑|阴户
946482	印花|心花|新化|新华|银花
946482248226743	新华出版社
94648228	印花布
9464823264	心花放
9464824	型态|形态|心怀|性态|瀛台|邢台
946482428484	心怀不轨
946482428626	心怀不满
9464824287426	心怀不善
94648244394	形态各异
9464824484824	心怀鬼胎
9464824744	邢台市
94648247623	心怀叵测
946482494	邢太医
9464824944	因故辞职
94648249454	心怀疑忌
9464824983	形态学
94648258	新华路
9464826	兴叹|影坛|新欢|新馆|樱桃|隐患|鹰潭
946482622474	心贯白日
946482636	新华门
94648264	引黄|心慌|新光|银光
946482643264	心慌方
94648264482678	引黄灌区
9464826478546	引黄入晋
94648264847264	心广体胖
946482649454	心慌意急
94648264945826	心慌意乱
946482654824	新欢旧爱
946482674264736	新官上任
9464826743	银环蛇
9464826832	心花怒发
946482683264	心花怒放
94648269826	樱桃园
946482743	新华社
9464827483426	新华书店
9464827484	印花税
9464828664986743	新华通讯社
946482886543	音画脱节
9464829264	新华网|新花样
946483	英特
94648324943	新故代谢
94648337	英特尔
94648337466474	英特尔公司
94648342694894	新古典主义
946484	兴替|形体|心灰|新会|新贵|星体|淫秽|莺啼|银辉|阴晦|隐晦|隐讳
94648426	应天|营田
946484262664736	应天从人
94648426266498	应天从物
9464842674	星条旗
946484267486736	应天顺人
94648464	硬挺
94648473	银灰色
94648474264636	引鬼上门
94648478943	隐晦曲折
94648492624264	莺啼燕唱
9464849426	新会县
94648494526	心灰意懒
946484945364	心灰意冷
9464849494826	心回意转
94648548786	一牛九锁
94648585264	引虎拒狼
946486	因果|引火|心火|心魂|新婚|薪火|阴火|阴魂
9464862269464	因果报应
94648628726	阴魂不散
9464863338	因祸得福
9464864264	殷姑娘
946486464	一牛鸣
94648646434	一牛鸣地
9464864664	信国公
946486524	引过来
94648654264	辛国梁
94648664	形同
94648664267826	心活面软
94648664486	硬通货
9464866498743	形同虚设
946486742647436	引火上身
94648674267436	引火烧身
94648678	引过去
9464868	兴头|行头|迎头
9464868226443	迎头棒喝
946486832	迎头法
946486842674264	迎头敢上|迎头赶上
9464868426868	迎头赶头
946486874264	兴头上
9464868783626	鹰头雀脑
9464868866454	迎头痛击
946486893454	蝇头微利
94648689426524	蝇头小楷
9464868942654	蝇头小利
946486894454	蝇头之利
94648692637	新婚燕尔
94648693438	因祸为福
9464869426	引火线
94648694336	引火自焚
94648694493	新婚之夜
9464869493	引过自责
946487436	印古什
9464878744	引虎入室
94648789426	因故取消
946488	刑徒|星图
94648826	星团
9464886	硬拖
946489264983	犀牛望月
94648934524	因故未来
9464894364546	引古证今
9464894934	引虎自卫
9464898546	引古喻今
946492453486	幸灾乐祸
9464926	应邀|应验|英研|莺燕|营造
94649264	兴亡|兴旺|英王|荥阳|营养|鹰扬|鹰洋
9464926424364336	营养成分
946492642854264	营养不良
946492643232	兴旺发达
94649264326944	营养繁殖
9464926437	邢王二
9464926448638	兴亡祸福
9464926448674364	营养过剩
9464926448744	鹰扬虎噬|鹰扬虎视
94649264542944	营养价值
9464926454583	兴亡继绝
94649264744	营养师
94649264746	营养品
9464926478	营养素
9464926484	营养体
9464926492654	鹰扬万里
9464926493	营养液
946492649464	营养型|营养性
9464926498	营养物
94649264982678	营养元素
94649264983	营养学
94649264983542	营养学家
9464926748	性早熟
94649269438	蝇攒蚁附
94649269458	蝇攒蚁聚
94649269864824	兴妖作怪
94649269865826	兴妖作乱
946493	兴业|影业|星夜|星野|营业
94649328	营业部
9464933	营业额
9464934	兴味|应为|性味|腥味|行为
946493424269426	行为表现
9464934264726	兴味盎然
9464934283826	行为不端
9464934326	行为犯
94649343543	行为恶劣
946493448265464	行为环境
9464934484326	行为规范
946493453983	行为科学
946493454583	兴微继绝
9464934589436	行为矩阵
9464934736	行为人
9464934786726	兴味索然
946493493736	行为责任
946493494748	行为艺术
9464934983	行为学
9464936	英文|行文
9464936226	英文版
94649364324	英文歌词
9464936484482	英文会话
946493692474264	腥闻在上
9464937484	营业税
946493786	营业所
94649378633	营业所得
9464938464	营业厅
9464939449426	营业执照
9464939464	营业性
9464939826	营业员
946494	兴义|幸喜|影子|影戏|性子|星子|星系|杏子|缨子|英姿|英子|英资|营子|行医
94649424	营寨
94649426	兴县|刑宪|应县|应召|应战|应招|影展|性腺|映照|映现|营销|行宪|行销|迎战|迎晓|鹰爪
94649426248524	映照出来
9464942626	英姿勃勃
9464942632	英姿勃发
9464942637326	应弦而倒
946494264	形相|形象|影像|影响|影象|星相|星象|映像|映象|硬仗|营帐|营长
9464942644394	形象各异
946494264482	形象化
94649426454	影响力
946494264742678	迎向前去
9464942647464946	形象清新
94649426474934	形象思维
9464942649464	形象性
946494264948264826	影像转换
946494264983	影像学|星象学|迎香穴
94649426924	映照在
94649426983	营销学
94649426986	英仙座
94649429426494	行侠仗义
9464943	行者
94649436	刑侦|行针
946494364	嬴政|应征|行政
946494364248336	行政处分
94649436428	行政部
946494364286	行政村
94649436428636	行政部门
94649436432	行政法
9464943643454	行政地理
94649436438	英政府
9464943644664748	行政公署
946494364482	行政化
9464943644826	行政官
946494364482654983	行政管理学
94649436448269826	行政官员
94649436458548	行政拘留
94649436478	行政区
9464943647826	行政权
94649436478482	行政区划
946494364787664	行政诉讼
94649436478766432	行政诉讼法
9464943647898	行政区域
946494364943	应征者
9464943649464	行政性
9464943649826	行政院
9464943684826	星移斗换
94649436894826	星移斗转
94649438	行一夫
946494386874	硬着头皮
9464944	兴致|应制|形制|性质|硬质|英制|行止|行至
94649442426	硬指标
946494426	英译汉
94649442626	兴致勃勃
9464944289826	行之不远
946494443546	硬质合金
946494454654	兴致淋漓
94649447826	硬脂酸
9464944786726	兴致索然
9464944786944	兴之所至
94649449686426	行之有年
94649449689426	行之有效
94649456894826	星移漏转
9464946	影印|影音|迎新
9464946236	影印本
94649463443	影子内阁
94649464	形影|影星|性行|悻悻|星形|星星|猩猩|盈盈|硬性|荧荧|莹莹|行刑|行星|行营
9464946424862486	影影绰绰
946494642854	形影不离|影形不离
94649464336	性兴奋
9464946434263426	星星点点
94649464468468	营营苟苟|蝇营狗苟
946494644843464	硬性规定
94649464586586	星星落落
94649464726	悻悻然
946494647373	形形色色
94649464748584	蝇营鼠窥
94649464926926	莺莺燕燕
94649464934	性行为
9464946493484	星行夜归
94649464942	星星峡
94649464942643426	形影相吊
946494649426438	形影相附
9464946494264384	形影相对
9464946494264784	形影相随
946494649426494	形影相依|惺惺相惜
94649464943426	形影自吊
946494649438	蝇营蚁附
94649464944486	星星之火
946494649458	蝇营蚁聚
94649464947468	形影自守
946494649494649464	惺惺惜惺惺
94649464986824	惺惺作态
946494664	英雄|行凶
946494664234248	英雄辈出
94649466423673	英雄本色
946494664286583	形重错觉
946494664426	英雄汉
946494664426426	英雄好汉
946494664426543	英雄豪杰
946494664468	行凶后
946494664484	兴中会
946494664626486	英雄难过
94649466466326	英雄模范
94649466473698	英雄人物
9464946647426	行凶前
946494664742736	行凶杀人
946494664743826	英雄气短
94649466478654265838664	英雄所见略同
946494664946494264	英雄形象
94649466494826	英雄传
94649466494894	英雄主义
9464946649834	英雄无敌
9464946649863	行凶作恶
946494674548	迎新弃旧
9464946766448	迎新送故
94649468	营州|行舟|邢州|郢州
9464946874	性周期
9464946926484	迎新晚会
94649469269426	鹰心雁爪
946494692698	莺吟燕儛|莺吟燕舞
94649472748264	英姿飒爽
9464947826	形意拳
9464948	兴修|星宿
94649482466	形诸笔墨
9464948264	形状|性状|行状|行装
9464948264634426	形状美好
9464948264944583	形状知觉
9464948658	硬着陆
946494869267464	行浊言清
9464948826	星系团
9464948926	邢岫烟
946494934	性自慰
9464949826	应以垣
946494984826	星移物换
946496	硬卧
94649664	应用|影踪|英勇|英宗|行踪
946496642364	应用层
94649664283464	行踪不定
94649664286464	行踪不明
946496643898	应用服务
94649664389874	应用服务器
9464966448265464	应用环境
9464966453983	应用科学
94649664546498	应用领域
9464966454983	应用力学
9464966458654	应用逻辑
94649664742648	行踪飘忽
9464966474269426	英勇善战
946496647436	应永深
9464966478265426	应用软件
94649664782684	应用软体
9464966484	应用题
94649664936	应用文
946496649464	应用型|应用性
9464966494826458	英勇壮举
94649664983464	行踪无定
946496649869426	英勇作战
9464966498934	英勇无畏
9464968	应有|行走
9464968282426	行走不便
946496837	婴幼儿
9464968546968	应有尽有
9464968934546	兴犹未尽
94649689854	行有余力
946498	兴许|应予|应许|性欲|星族|盈余|省悟|硬物|硬玉|英武|英语|莺语|醒悟|颖悟|鹦鹉
94649826	兴元|应选|影院|行辕
946498269437	行远自迩
9464983	兴学|应约|星月
946498326	邢宇道
946498336454	英语等级
946498337326	应约而到
946498337524	应约而来
946498337944	应约而至
9464984	鹰嘴
946498542698	英语教育
94649854854	英语六级
946498586	鹦鹉螺
9464986	刑讯|幸运|应允|应运|星云|星座|硬座|营运|行云
9464986244664	刑讯逼供
946498634	幸运地
946498637	幸运儿
94649863774	应运而起
94649863774364	应运而生
94649865426	幸运脸
94649865487484	行云流水
946498673	幸运色
9464986943	幸运者
9464986944	幸运值
94649869447436	幸运之神
946498694498	兴云致雨
9464987426494826	醒吾商专
9464988664226	应予通报
94649892654264	英语演讲
94649894	英语系
946498944482	刑于之化
946498944736	刑余之人
9464989469826	星语心愿
946498983743	鹦鹉学舌
94652	辛辣
94652248	引拉出
946524	信赖|引来
946524686464	心开目明
946524743	新开设
94652478	新开铺
946524942326	新来乍到
94652494678	引来引去
94652543866492	新喀里多尼亚
946526	心坎|辛劳
9465264	新浪|新郎
94652642426	新浪潮
94652645848	引狼拒虎
946526478744	引狼入室
94652649264	新浪网
946526494934	引狼自卫
94652654248	心劳计绌
946526542684	新老交替
946526749486	心劳日拙
946526947264	心劳意攘
946527468436	心辣手狠
94652934	辛辣味
94653	印刻|新乐|新科|淫乐|阴刻
946534487364	引类呼朋
9465364	阴冷
9465394	尹克西
946539482649826	新科状元
94654	印记|印迹|引力|心力|心急|心悸|心机|心理|心肌|心计|心迹|心里|新机|新立|新集|辛集|阴历|阴极|饮既
946542	印加
9465422646464	隐迹藏名
9465424264	引力场
946542426824	心理变态
94654243642426	因利乘便
946542464	心肌病
9465426	信件|信教|信笺|印鉴|引力波|引荐|引见|心尖|心焦|新建|新教|新联|银联|阴间|饮料
9465426289826	殷鉴不远
9465426386986	阴间多云
94654264	信江|心凉|新江|新疆|新绛|荫凉|银两|银亮|银匠|银奖|阴凉|音量
94654264264	新嫁娘
9465426432983	新疆大学
946542643478	新疆地区
9465426458678	新疆军区
94654264626244	寅粮卯吃
9465426474364	新疆省
9465426484	银监会
94654264865426	心焦火燎
946542652	银联卡
946542658	银监局
9465426724	新教派
946542674424826	心坚石穿
946542678336	心焦如焚
946542678486	心焦如火
94654268664	心绞痛
946542688	新教徒
9465426943	信教者
9465426946	心连心
946542736	印加人
94654276	新加坡
94654276424942	新加坡海峡
94654276736	新加坡人
946542769826	新加坡元
946542826	心里不安
9465429468	殷家洲
946543	心结|新界|新街|音节|音阶
946543248	心里打鼓
946543269464	心理反映
94654329426	银基发展
946543334942	心裂肺炸
94654346458	引力定律
946543568	新街口
9465438	尹吉甫
94654393694	音节文字
94654436473	心肌梗塞
94654436474	心肌梗死
94654482	心里话|阴丽华
9465448624364	心理过程
946544863664	心理活动
946544865426	心急火燎
946545426284	心力交瘁
946546	引进|心劲|新津|新近|薪金
9465462264224	隐鳞藏彩
946546246464	隐迹埋名
9465463264	新进党
9465464	引领|引颈|心境|心惊|心灵|心静|新景|银铃|银镜|阴茎
9465464326	引领到
94654643262426	心惊胆颤
9465464326426	心惊胆寒
9465464326543	心惊胆裂
9465464326586	心惊胆落
94654643268426	心惊胆跳
94654643269426	心惊胆战
94654643426	新景点
9465464379264	引领而望
94654644269464	心灵感应
94654644826	新景观
9465464548264	心灵鸡汤
9465464583426	引经据典
9465464586	信陵君
94654647436248	心灵深处
94654647436484	心领神会
9465464743698	心领神悟
946546474687426	心灵手巧
94654647494664	引领企踵
94654647688426	心惊肉跳
94654647689426	心惊肉战
9465464787484	心静如水
94654649263264	心旌摇荡
9465464926926	心旌摇摇
946546492693	心旌摇曳
946546494484	心领意会
946546494647426	心灵性巧
9465466744	引力模式
946546736224	引进人才
946546743234	引进设备
94654674694664	引进品种
94654692494	引进外资
9465474	辛吉斯|辛里奇
9465474364983	心理声学
946547439426	阴极射线
9465474394264826	阴极射线管
9465474824543	心力衰竭
9465478336	心急如焚
94654783983	心肌缺血
9465478486	心急如火
946548	引流|新旧|饮酒
94654824944	引咎辞职
946548464	殷梨亭
94654848249826	饮流怀源
9465485426543	新旧交接
946548748	殷六叔
946548934664	引咎责躬
946548942	殷六侠
946548943	饮酒者
94654894453	饮鸠止渴
94654926	心肌炎
9465494	阴离子
946549426432	心里想法
946549436	尹集镇
94654944	新机制
9465494826542	心理专家
9465496834	心里有底
94654968748	心里有数
946549826	新纪元
94654983	心理学
94654983542	心理学家
946568	信口|心口|忻口|新楼
9465682448264	信口雌黄
9465682894	心口不一
94656852443	信口开合|信口开喝|信口开河
946568548482	因陋就寡
9465685485426	因陋就简
9465687468548	因陋守旧
9465687894	心口如一
946568942649464	心口相应
94658	引路|心律|心率|心路|新剧|新居|新绿|新路|辛苦|隐居|音律
946582263364	饮露餐风
9465824	欣快
9465826	心乱|新款|淫乱
94658264	银矿
946582647436334	心旷神飞
9465826474368426	心旷神恬
94658264743694	心旷神怡
946582678546	引滦入津
94658267862	心乱如麻
94658286	新举措
946582874	心律不齐
946582894364	心律不整
946584664986	辛苦工作
9465849264	音魁网
9465853	辛苦了
946585424364	心路历程
9465858624364	新居落成
946586	印军|引论|新军|新罗|新论|银轮
9465863826	新论断
94658653	尹钧科
946586926	印军演
94658694	瘾君子
94658736	引路人
94658744	尹居士
9465874424264	心律失常
94658748944	隐居求志
9466	一抹|西摩
946624	阴霾
946626	新貌|阴毛|隐瞒
94662628948	隐瞒不住
9466264	新莽|阴囊
94662649454	心忙意急
9466264945826	心忙意乱
94662654267426	因难见巧
946626744744	隐瞒事实
94662693437744	新南威尔士
946626934377449468	新南威尔士州
9466269433	心满意得
9466269498	心满意足
946626982698	心满原足|心满愿足
9466269834826	心脑血管
94662698348262464	心脑血管病
9466296854264	信马由缰
946634	隐没
94663453	心内科
94663478	新霉素
946636	阴门
9466379264	一模二样
94664	印尼|印泥|淫靡|隐匿|隐秘
9466422	中巴
9466422243	中巴车
94664224	中百|仲裁|种菜|重彩|钟摆|雄才
9466422432583	雄才大略
946642248464	仲裁庭
94664224934	仲裁委
94664224934583	雄才伟略
94664224943	仲裁者
94664224946647486	众采众说
946642249826	仲裁员
94664226	中保|中办|中报|中板|中餐|凶暴|凶残|种草
9466422632	中办发
946642264	中藏|重磅
94664226448	重仓股
946642264826	中餐馆
94664226746264	中饱私囊
94664226926	中草药
94664226926224	中草药材
9466422943264	雄霸一方
9466423	中策
94664234	中北|中备
9466423428	中北部
94664236	熊本
946642364	中层|中曾
9466424	中比|胸壁|胸痹|钟爱
946642426	中产|中标|中表|钟表|雄辩
9466424264	中场|中常|中长|终场|衷肠
94664242642443	雄唱雌和
946642426426826	雄辩高谈
9466424264484	中常会
9466424264726	中长跑
946642426474	中长期
946642426488	中长途
94664242649426	中长线
9466424265432364	中产阶层
94664242654354	中产阶级
94664243	种别
946642436	忠臣|重臣
9466424364	中丞|中城|中成|中程|忠诚
94664243642264	种城邦
946642436438	忠诚度
9466424364526744	忠诚老实
946642436453526	忠诚可靠
94664243645826748	终成眷属
9466424364826224	忠诚坦白
9466424364926	中成药
9466424364946	中诚信
9466424438	中尺度
9466424482694	中比关系
946642458	熊赐履
946642464	重兵|重病|雄兵
94664246424267436	重病缠身
9466424664343343	重重叠叠
9466424664934586	重重围困
9466424664934948	重重围住
94664248	中储
9466424826	中川|中船
946642482638424	众川赴海
94664248264	重创
946642486	仲春
9466424866	熊出没
94664249424	重此抑彼
9466426	中波|信念|心念|新年
94664263794	因年而异
94664264	新娘
9466426426	新年好
94664264324	新年贺词
9466426494	新娘子
94664265498	新年礼物
9466426582453	新年快乐
946642694744	新年伊始
9466428	中部|胸部
946642824934	忠不避危
946642844664	钟粹宫
946642853448	中部肋骨
9466428548	中不溜
946642854837	中不溜儿
94664286	中村
9466428934586	忠不违君
946643	凶恶|重扼
9466432	中发|中大|肿大|重大|重罚
946643224364548	重大成就
94664324242	众恶必察
9466432486744	重大过失
94664326	中岛|中弹|中稻|中道|中饭|凶犯|熊胆|种稻|终到|重担|重氮|重犯|重蹈
946643263298	中到大雨
9466432637334	中道而废
946643264	中放|中方|中档|中纺
94664326482	重氮化
94664326926	熊胆丸
9466432736	熊大人
94664328876	重大突破
946643293736	重大责任
94664334	中非
946643342438	雄飞雌伏
94664334466443486	中非共和国
94664334486542	中非国家
9466433488546	雄飞突进
946643364	中峰|中等|中锋|中风|熊蜂|重登|雄蜂|雄风
946643364285426	雄风不减
946643364542698	中等教育
946643364742674264	中等偏上
9466433649482693	中等专业
946643364968924	雄风犹在
9466433649839426	中等学校
9466434	一抹黑|中低|中地|兄弟|种地|终弟|重地
94664342364	中低层
946643426	中点|中电|中甸|终点|重典|重点|钟点
9466434263426	重甸甸
94664342642694664	重点高中
9466434264664	钟点工
9466434269426	中甸县|终点站|重点县|重点线
94664343	重迭
94664343826	中低端
9466434484	兄弟会
946643464	钟鼎
9466434746878	中低收入
9466434746878943	中低收入者
94664349474264	兄弟阋墙
9466434949874264	兄弟阋于墙
946643664	中东
94664366428	中东部
9466436643478	中东地区
94664366468	中东欧
946643664942694364	中东战争
9466436833368	种豆得豆
9466437	中耳|重耳
94664377426	熊耳山
9466437926	中耳炎
9466438	中伏|中副|中富|中度|中服|中毒|中腹|胸腹|重度|重读|重负
946643826	中断|中段|中短|终端
94664382624364	中短程
94664382648624364	中断过程
94664382654	终端机
94664382674	中短期
9466438267426	中短篇
94664382688	中短途
946643826966448	终端用户
94664384	中队|印尼队
9466438494264	中队长
94664386	众多|印尼盾
9466438633494	众多非一
94664386547426	凶多吉少
9466438736	钟夫人
9466438842674	重睹天日
9466438943	中毒者
94664389449426	中腹之战
9466438947436	中毒已深
94664424	中海
946644246426	种概念
94664426	中号|中浩|中高|凶悍|忠告
946644262364	中高层
9466442624242	众好必察
946644263264	中高档
946644264	中港|中航|中行
94664426454	中航技
946644264968	中航油
9466442654	中高级
94664426626	重感冒
946644267426326	忠告善道
9466442694326	忠肝义胆
946644269466498	众好众恶
9466443	中和|中河|胸膈
9466443586934	中革军委
94664436	凶狠
94664436226226	凶狠残暴
946644364	中耕|凶横
94664437449468	中河失舟
946644664	中共|重工
9466446642345464744934	中共北京市委
9466446642648474364934	中共安徽省委
94664466438542674364934	中共福建省委
9466446644823474364934	中共湖北省委
94664466448264366474364934	中共广东省委
946644664542647874364934	中共江苏省委
94664466472632	中共三大
94664466474264424744934	中共上海市委
94664466493	重工业
9466446649328	重工业部
94664466494254	重轰炸机
9466446649432	中共一大
946644664946649264	中共中央
94664466494664926432649426	中共中央党校
94664468	忠厚|重构|雄厚
9466446824264	中后场
94664468482926	重厚寡言
94664468526744	忠厚老实
9466446874	中后期
9466446874454	雄厚实力
9466448	中古|胸骨|钟鼓
94664482	中化|中华|种花|雄花
9466448226936	中华按蚊
946644822834	众寡不敌
9466448233482	种瓜得瓜
946644824	胸怀
9466448243258	胸怀大局
94664482432944	胸怀大志
946644824394664	中华和钟
94664482448486	胸怀故国
946644824534586	胸怀磊落
94664482466493	重化工业
946644824826224	胸怀坦白
9466448248263264	胸怀坦荡
94664482498486	胸怀祖国
9466448258	中华路
946644826	中关|中环|中观|雄关
94664482622474	忠贯白日
946644826286	中关村
94664482636	中华门
9466448264	雄黄
9466448264524	熊光楷
9466448264548	雄黄酒
94664482646486	中华民国
946644826464869436438	中华民国政府
9466448264698	中华民族
94664482674983	忠贯日月
9466448274454826	中华世纪坛
94664482744748	众寡势殊
9466448274858	中华书局
946644829264	中华网
9466448294983484	中华医学会
946644829826583	众寡悬绝
946644829826748	众寡悬殊
94664482986	中华鲟
94664484	中会|中慧|中汇|终归|重回|钟会
9466448434358	重规迭矩
946644848258	重规沓矩
946644849458	终归一句|重规袭矩
946644849466458	中规中矩
9466448498426	重归于好
94664484989426	终归无效
9466448568	钟鼓楼
94664486	中国|忠魂|重活|雄浑
946644862265426	中国残联
946644862265426484	中国保监会
9466448623432643478	中国北方地区
9466448626934484	中国奥委会
94664486327444826	中国大使馆
9466448632983	中国大学
9466448632983484	中国法学会
9466448633647426384	中国登山队
94664486342426	中国地产
946644863426946	中国电信
9466448634269474264484	中国电子商会
946644863494432983	中国地质大学
94664486365426943484	中国佛教协会
94664486384	中国队
946644863854484	中国福利会
94664486424	中国海
946644864244826	中国海关
9466448642653	中国高科
94664486466424263264	中国共产党
946644864664243649826	中国工程院
946644864664484	中国工会
94664486466466644664586	中国工农红军
946644864664742649464264	中国工商银行
94664486466474494484	中国红十字会
946644864664983	中国公学
94664486482	中国化|中国画
946644864822343478	中国华北地区
946644864826	中国馆
946644864829826	中国画院
94664486482983484	中国化学会
9466448648626384	中国国奥队
94664486486542384	中国国家队
946644864866463264	中国国民党
94664486535432983	中国科技大学
9466448653544826	中国科技馆
9466448653943	中国科协
94664486539839826	中国科学院
9466448654	中国籍
9466448654267439464264	中国建设银行
9466448654268664	中国联通
946644865433264586	中国解放军
946644865464589826	中国京剧院
946644865664586	中国空军
94664486582649332983	中国矿业大学
94664486589464743	中国旅行社
94664486626384	中国男队
94664486626526	中国男篮
946644866347484826	中国美术馆
946644866464264	中国民航
946644866464264966458	中国民航总局
9466448664694886646364	中国民主同盟
9466448666649332983	中国农业大学
946644866664939464264	中国农业银行
9466448668384	中国女队
9466448668526	中国女篮
946644866858	中国模具
9466448668724	中国女排
946644866898	中国女足
9466448673664632983	中国人民大学
946644867366469464264	中国人民银行
9466448674226	中国日报
94664486743539826	中国社科院
94664486744	中国史|中国式
946644867444826	中国使馆
94664486744983484	中国史学会
9466448674638	中国贫富
9466448674646426226	中国青年报
9466448674646426226743	中国青年报社
9466448674647264748384	中国乒乓球队
9466448674649436438	中国清政府
94664486748983484	中国数学会
94664486749426458	中国气象局
94664486749826	中国棋院
9466448678	中国区
94664486824234	中国台北
94664486824234384	中国台北队
94664486824926	中国台湾
946644868249263478	中国台湾地区
9466448684267484384	中国跳水队
946644868664	中国通
9466448686646364484	中国同盟会
94664486924542628	中国外交部
9466448692648664	中国网通
9466448693474	中国围棋
946644869347436428	中国卫生部
946644869365426	中国文联
94664486942644264	中国香港
94664486943643232983	中国政法大学
946644869436438	中国政府
94664486943645426484	中国证监会
9466448694364943	中国政协
94664486943664	中国移动
946644869436648664946	中国移动通信
9466448694446643264	中国致公党
94664486945332983	中国医科大学
946644869464264	中国银行
94664486946542643478	中国新疆地区
946644869466492649436438	中国中央政府
9466448694789839826	中国戏曲学院
9466448696854	雄浑有力
946644869854983484	中国物理学会
9466448698626748	中国羽毛球
9466448698626748384	中国羽毛球队
94664486986542943484	中国作家协会
94664486986943	中国作协
9466448698748384	中国足球队
9466448698943	中国足协
9466448744	中古史
94664488664946	众虎同心
9466448934	中顾委
946644894473	钟鼓之色
9466448948	钟谷主
9466452	胸卡
94664524	重开
94664526	中考|终老
94664526454264	中郎将
946645266426	中老年
946645266426736	中老年人
9466453	中科
946645332	中科大
94664534	种类
94664536	中肯
946645364	中冷
9466453742638	中了铅毒
9466453746	钟克勤
94664539826	中科院
9466454	中技|中立|中级|中继|中计|中集|终极|胸肌|重击|重利|重力|钟离|雄鸡
94664542	中加|众家
946645422	重力坝
946645424264	重力场
9466454246474	重迹屏气
946645426	中坚|中建|中焦|中联|中间|终了|重剑|重见|雄健
9466454262364	中间层
94664542628	中联部
946645426326	中建岛
9466454264	中奖|中将|中江|中粮|众将|忠良|种粮|终将|重奖|重量
946645426454	重量级
946645426482646464	重见光明
946645426542	中间价
9466454265426	中间件
946645426724	中间派
946645426736	中间人
94664542674264	中间商
94664542684	中间体
9466454269466453	中联重科
94664542894	中立不倚
94664543	中介|中街|忠烈|终结|踵接
94664543334	中介费
9466454338	终结符
94664543736	中介人
94664543826934	雄鸡断尾
9466454393	中介业
94664543943	终结者
9466454398944	中介组织
9466454482674264	重机关枪
9466454486	中立国
9466454582454	中级会计
94664546	中金|胸襟|重金
946645464	中京|中景|中经|胸径|雄劲
94664546453	钟灵可
946645464744	重晶石
94664546524586	胸襟开阔
94664546542694	重金兼紫
946645467468624	重金收买
94664546748	重金属
946645474264	重机枪
94664548	中流|终久|终究|肿瘤
9466454834948	中流砥柱
94664548484424	众流归海
9466454853	肿瘤科
94664548548	雄纠纠|雄赳赳
9466454934	中纪委
9466454936464	雄鸡夜鸣
946645494	重力仪|重离子
94664549426	中继站
946645494264543	踵迹相接
946645664	中空
94664568	众口|胸口|钟楼
946645682626	众口嗷嗷
94664568336986	众口纷纭
946645684824736	钟楼怪人
94664568542624826	众口交传
946645685426926	众口交赞
946645687486546	众口烁金|众口铄金
946645687894	众口如一
94664568866474364	众口同声
946645689424	众口一词|众口一辞
946645689426424826	众口相传
946645689474364	众口一声
946645689868426	众口熏天
9466458	中举|中局|中居|中旅|中路|终局|雄踞
946645824	肿块
9466458384	雄鹿队
9466458394685426	踵决肘见
94664584	钟馗
946645854	中距离
94664586	中军|忠君|胸廓
94664586226486	忠君报国
9466458624486	忠君爱国
94664586426	中括号
94664586846422	雄峻挺拔
9466458692694264	胸罗万象
9466458694264	中军帐
9466458943264	雄踞一方
94664589664743	中旅总社
946646	新民
9466462	种马|种麻
94664626	中南|中脑|熊猫|终南
9466462628	中南部
946646262826748	众毛攒裘
9466462632983	中南大学
9466462633448	众毛飞骨
94664626384	印尼男队
94664626424	中南海
94664626424944828464	中南海西花厅
9466462658	中南局
946646266349468	中南美洲
946646267426	终南山|钟南山
94664626746468	重男轻女
9466462678694	众难群疑|众难群移
94664634	兄妹
946646349468	中美洲
9466463494683478	中美洲地区
946646364	中能|凶猛
94664636434	凶猛地
9466464	因明
946646424	新名词
946646426	中年|凶年|种苗|终年
9466464262474	众鸟蔽日
94664642654784	凶年饥岁
946646426626736	中年男人
94664642662694	中年男子
946646426736	中年人
946646438	中密度
94664646249464	隐名埋姓
946646464	重名
9466464643464744	钟鸣鼎食
94664646454264	钟明亮
946646464568546	钟鸣漏尽
94664646498	熊明遇
94664647426	尹明善
94664648	种牛
946646492654264	心明眼亮
9466466	终末|胸膜
946646664	中农
946646674	终末期
9466466926	胸膜炎
9466468	中欧|中牟|众怒|匈奴
9466468466438	众目共睹
94664684664744	众目共视
9466468584584	众目睽睽
9466468589426	众目具瞻
9466468626326	众怒难犯
9466468626736	众怒难任
946646862694	众怒难息
9466468749264	众目四望
94664689426	中牟县
9466468942694264	众目照彰
9466468944664	冢木已拱
946646926226	新民晚报
94664694894894	新民主主义
94664694894894586	新民主主义论
946646983484	新民学会
94664724	中排|重排
94664724236	重排本
94664726	中散|中盘|兄嫂|重炮
9466472674654	众叛亲离
94664736	中人|众人|种仁|重任
946647362837	忠仁不二
9466473647664	钟朋荣
9466473648264986	众人广坐
94664736543944	众人皆知
94664736543984	众人皆醉
946647369245426	重任在肩
9466474	中企|中旗|中日|中期|凶器|凶气|种皮|终日|胸鳍|重汽|雄奇|雄起
94664742	凶杀
9466474226	凶杀案
946647426	中山|中桥|中篇|胸前|钟山
94664742624264	中前场
94664742624364386	众少成多
94664742632983	中山大学
9466474264	中上|中伤|胸墙|胸腔|重伤|重赏|雄强
94664742642364	中上层
9466474264468	熊尚厚
946647426454354	中上阶级
94664742646649826	中山公园
9466474264944942	重赏之下
946647426494894	重商主义
9466474264968	中上游
94664742649826	重伤员
9466474265264	中山狼
9466474265464	中山陵
9466474265464268264	中山纪念堂
94664742658	中山路
946647426744	中山市
9466474268264	中山堂
9466474269264	中山王
9466474269426	中山站
94664742694267486	中篇小说
946647426948264	中山装
94664742898	中气不足
94664743	重设
946647436	凶神|终审|终身
946647436289264	终身不忘
9466474362898	终身不渝
94664743632744	终身大事
9466474363742	凶神恶煞
9466474363884	凶神附体
9466474364	众生|终生|钟声
9466474364324	中生代
946647436494498	中生植物
9466474366269264	终身难忘
946647436944	终身制
9466474369442468	终身之丑
9466474369443	终身之恶
946647436944968	终身之忧
9466474378	重摄取
94664743926	熊蛇丸
94664744	中世|中士|中实|中师|中式|中时|中视|中试|忠实|熊市|胸饰|重视|雄师|雄狮
94664744224926	雄师百万
946647442898	终始不渝
94664744326	种师道
9466474438	忠实度
9466474438948264	中式服装
9466474442694	忠实函子
94664744482	中石化
94664744482694664	忠实观众
946647444854	重施故技
946647444894	胸式呼吸
9466474453526	忠实可靠
9466474454	中世纪|熊十力
94664744634744	中石没矢
9466474466	忠实模
9466474474744324	中石器时代
94664744846494664	忠实听众
946647449364482	踵事增华
9466474494434	众矢之地|众矢之的
9466474494744	雄视一世
9466474524	凶起来
946647458926	重起炉灶
94664746	中频
946647464	中平|中青|衷情|钟情
946647464524	熊庆来
94664746458	中情局|中青旅
9466474646426	中青年
9466474649458	众擎易举
946647468	凶手
94664747436	终其身
946647474646464	重气轻命
94664748	中暑|中枢|中秋|种属|种数|种树
9466474824	种帅
946647484	中水|重水|重税
94664748438	重水复
94664748484	钟淑慧
94664748543	中秋节
946647485464	中书令
946647486	忠顺
9466474862894	众说不一
946647486336768	众说纷揉
946647486336986	众说纷纭
94664748634	熊树梅
9466474874364	中书省
9466474874365464	中枢神经
946647489464	中枢性
94664748948664	中枢系统
9466474968426949826	中日友好医院
94664749866464	重气徇命
946647664	重熔
9466478	中区|中速|胸脯|衷曲|重塑
946647826	中软|重拳
94664782624854	重拳出击
94664782633474364	众犬吠声
94664784	雄蕊
9466478546	熊汝霖
94664786	中所|种群
946647864664944	众所共知
9466478694	重孙子
946647869468944	众所周知
9466478694868	众所瞩目
9466478744	钟乳石
94664788247426	重如泰山
9466482	钟塔
94664824	中台
94664824226	中台办
94664826	中套
946648264	中堂|胸膛
946648332	重特大
9466484	中体|钟体
946648426	中天|中田|种田|终天
946648426736542	种田人家
9466484267426	中条山
946648426944436	终天之恨
94664842694647468	中田英寿
94664843	中铁
946648464	重听
94664846424	熊廷弼
9466484746	中提琴
9466484949664	中体西用
946648664	中统|肿痛|胸痛
9466486642426	中统钞
946648664924944	中通外直
94664868	中投|胸透|重头|钟头
9466486894	重头戏
9466488	中土|中途|雄图
94664886	重托
9466488942243	中途下车
9466492	中亚|中压|重压
94664923478	中亚地区
94664924	中外|重载
9466492424	中外比
946649242446464	中外驰名
946649244394	中外合资
9466492443986	中外合作
94664924482694	中外关系
9466492448546	中外古今
9466492453	胸外科
9466492478	重灾区
94664924936	中外文
94664924986	中外运
946649254	匈牙利
946649254466443486	匈牙利共和国
946649254736	匈牙利人
94664925498	匈牙利语
94664926	中药|凶焰|凶顽|忠言|重檐|重要|重言|钟繇
94664926224	中药材
946649262468	钟万仇
946649263426	中药店
9466492634394264	重岩叠嶂
946649264	中央|中阳|众望|种养
9466492642245464	中央财经
9466492642264	中央邦
94664926422646648464	中央办公厅
9466492642485474	中央处理器
9466492643264	中央党
9466492643264264826	中央档案馆
94664926432649426	中央党校
94664926432983	中央大学
9466492643426744824	中央电视台
9466492644266464	重望高名
9466492644664586	中央红军
946649264547826	中央集权
94664926454934	中央纪委
94664926458	中央局
946649264586	中央军
946649264586934	中央军委
9466492646347489839826	中央美术学院
9466492646469832983	中央民族大学
946649264646989839826	中央民族学院
9466492647366469436438	中央人民政府
9466492647484	中央税
94664926474854248	中央书记处
9466492647494264824	中央气象台
94664926478	中央区
946649264786484	众望所归
946649264786726	众望所盼
9466492647878	中央苏区
946649264824	中央台
946649264826543	重要环节
946649264826868	重要关头
9466492649264	钟阳阳
9466492649265489826	中央研究院
9466492649349826	中央委员
9466492649349826484	中央委员会
9466492649436438	中央政府
9466492649436494458	中央政治局
94664926494589839826	中央戏剧学院
9466492649464264	中央银行
9466492649469839839826	中央音乐学院
946649264968484	众望攸归
94664926498262482628	中央宣传部
9466492649838826	中央乐团
9466492649894428	中央组织部
9466492654264482	重要讲话
946649266437	忠言逆耳
9466492674	中晚期
9466492674668	忠言奇谋
946649268264	中晚唐
94664926885464	重要途径
94664926944826	重要一环
9466492694493	重要职责
946649269458	重要依据
946649269464	重要性
94664926983	中药学
9466493	中冶|中叶|中野|种业|终夜|重责
946649332736	重责大任
94664934	中卫|中尉|胸围|雄伟|雄威
9466493438	中纬度
94664934748	中位数
9466493494	中微子
946649349426	中卫县
946649349482644826	雄伟壮观
94664936	中文
94664936226	中文版|熊文灿
9466493626284	众则难摧
9466493632694	中文翻译
94664936327468	雄文大手
946649364324	中文歌词
946649366464	中文名
946649367446464	中文实名
9466493694	中文系
94664936944542	中文之家
94664936948664	中文系统
94664939346426	终夜未眠
9466494	中医|中子|中意|中易|中西|中资|忠义|种子|种籽|胸臆|重子|雄姿
94664942	中下|仲夏
946649422364	中下层
9466494226	中西餐
9466494228	中下部
946649423364	中下等
9466494236	中译本
946649424	凶宅
94664942486436	中下祸根|种下祸根
9466494254	中下级
9466494254354	中下阶级
946649426	中小|中招|中校|中线|凶兆|凶险|忠县|忠孝|胸罩|胸腺|重孝|雄县
94664942624364744	中小城市
946649426243649436	中小城镇
946649426286364	忠孝不能
946649426286364542647826	忠孝不能两全
9466494264	兄长|凶相|熊掌|肿胀|胸像|胸章|钟祥
94664942642458	凶相毕露
9466494264744	钟祥市
9466494264869426	忠孝国小
94664942648694664	忠孝国中
946649426542647826	忠孝两全
94664942654394	忠孝节义
946649426546498	重陷囹圄
9466494267493	中小企业
94664942678	胸腺素
94664942692	中爪哇
946649426943	中消协
94664942694364	熊召政
9466494269464	中小型
9466494269464264	中小银行
946649426949826	忠孝医院
946649426983	中小学
94664942698374364	中小学生
9466494269839426	中小学校
946649428	中西部
94664942968	中下游
94664942986	中下旬
94664943	中邪|胸胁|重写|重者|重谢
9466494326	中子弹
94664943264	中西方
946649436	忠贞|胸针|重振|重镇
9466494362837	忠贞不二
9466494362878	忠贞不屈
9466494362898	忠贞不渝
9466494364	中正|重症
94664943649874	中正无私
946649436946643364	重振雄风
94664944	中指|中止|中直|中职|种植|种质|终止|踵至|重置
9466494424364236	重置成本
946649442436424364	众志成城
94664944326984	中止犯罪
94664944544826	中直机关
946649445464	钟志灵
9466494478	种植区
9466494493	种植业
946649449826	种植园
946649449826948	种植园主
946649453	中医科
946649453474364	重熙累盛
946649453493	重熙累叶
94664945464	熊希龄
94664946	中信|中心|中银|中音|众信|众心|忠心|衷心|重心|重音|雄心
94664946226326	熊心豹胆|雄心豹胆
9466494624	中心词
946649462436424364	众心成城
94664946244326	忠心赤胆
946649462626	雄心勃勃
946649463426	中心点
946649464	中兴|中型|中影|中性|中星|众星|种姓|重刑|重型|钟行|雄性|雄鹰
9466494642898	雄性不育
946649464342364	中硬地层
9466494643426	中性点
9466494643644364	忠心耿耿
9466494644664234	众星拱北
946649464466454	众星拱极
9466494644664983	众星拱月
946649464482	雄性化
94664946454264486	中英两国
9466494645478	雄性激素
9466494647364983	众星捧月
9466494647448	重兴旗鼓
94664946482	中心化
946649464826543	中心环节
94664946482674	忠心贯日
9466494648654	中银国际
9466494648664986	中兴通讯
946649464926983	众星攒月
946649464936	中英文
946649465394	忠信乐易
94664946586	中心论
9466494664	汹汹|熊熊|种种|胸中
946649466433	凶凶恶恶
94664946643454	兄终弟及
9466494664436436	凶凶狠狠
9466494664543486	熊熊烈火
9466494664546542	胸中鳞甲
94664946649265826	胸中万卷
946649466494494664	重中之重
94664946649466	凶终隙末
946649466494934	凶终隙未
9466494664968748	胸中有数
946649466498748	胸中无数
94664946743	中新社
94664946744	中新世
946649467494264	中心思想
9466494678	中心区
946649467824364	众心如城
946649468	中州|中洲|中轴
9466494689426	中轴线
946649469264	中新网
94664946926926	中心摇摇
9466494692694264	雄心万丈
946649469426	中心站|中心线
946649469426983	中心小学
94664946943647826	中信证券
946649469464264	中信银行
94664946948264944	雄心壮志
9466494694894	中心主义
9466494698	中心组
946649474	钟子期
94664947426748	忠义千秋
9466494744	中医师
94664947464224	重义轻财
94664947493	中资企业
9466494766494664	种子容重
94664948	种猪
9466494826	中专|中转
94664948264	中装|雄壮
94664948264948664	重装系统
946649482674364	中专生
9466494826936482	中专文化
94664948269426	中转站
946649484	胸椎
9466494926	中医药|中西药
946649492632983	中医药大学
946649494	中西医
94664949464	中子星
9466494946432	雄姿英发
946649494664548	中医肿瘤
94664949826	中医院|众议员|众议院
946649498267468	种子选手
9466494983	中医学
94664949839826	中医学院
946649664	中庸|中用|忠勇|汹涌|重用
9466496647364724	汹涌淜湃|汹涌澎湃
9466496647482647826	忠勇双全
9466496647494264	中庸思想
94664966493424	忠勇为爱
946649664944326	中庸之道
94664968	中油|中游|重油
9466496824364583	胸有成略
94664968243647826	胸有成算
9466496824364948	胸有成竹
94664968344664	兄友弟恭
94664968546542	胸有鳞甲
94664968586	熊有伦
9466496874843	胸有丘壑
9466498	中午|中物|中雨|忠于|种族|终于|终须|肿物|胸无|踵武|重于|重物|重组
94664982436438	胸无城府
946649824364948	胸无成竹
946649826	中元|中原|中远|中选|中院|众院
94664982628	中宣部
946649826343786	重垣叠锁|重垣迭锁
9466498263478	中原地区
946649826543	中元节
94664982658678	中原军区
94664982678	重元素
9466498269424	重选一次
9466498269426	熊元献
94664982694433	众怨之的
946649828	中组部
94664983	中学|中岳
9466498326	中午饭
94664983264	忠于党
946649832944	胸无大志
9466498342666	胸无点墨
9466498374364	中学生
94664984	重罪|隐匿罪
9466498426	中午好
9466498426946	中钨高新
94664984389464	众醉独醒
9466498486542	忠于国家
9466498548426	重叙旧好
94664986	中旬
94664986336438	重作冯妇
9466498643	中运河
9466498643583	种族灭绝
9466498694364	钟训正
946649874	重武器
946649874267426	众喣飘山
946649874269426	踵武前贤
946649874744	种族歧视
94664987869264	终虚所望
94664987898	胸无宿物
94664988247426	重于泰山
946649894264543	踵武相接|踵足相接
94664989447468	忠于职守
946649894894	种族主义
946649898486	忠于祖国
94666	印模
946664	宜农|戏弄
946664784	易弄碎
946664934236	以农为本
9466664	新农
946668	阴谋
94666822458	阴谋败露
94666848454	阴谋诡计
9466684863664	阴谋活动
946668542	阴谋家
946669443	新墨西哥
9466694439468	新墨西哥州
946674	希摩斯
94668	印欧|心目|自谋|银幕
9466824858	自谋出路
946686	鑫诺
946687436458	自谋生路
9466894493	自谋职业
9466898	印欧语
946693474	西莫维奇
9466944942	一摸之下
946724	新派|银牌
94672438	银赛富
946726	印染|引燃|欣然|辛然|银盘
94672624264	印染厂
94672634486	隐然敌国
946726535426	隐然可见
9467265437468	欣然接受
94672674269264	欣然前往
9467267869426	隐然若现
946726866494	欣然同意
9467269264	新三样
9467269494	欣然自喜
9467269868664	隐然作痛
94673	银色|音色
946736	信任|新人|新任|阴森|隐忍
946736234248	新人辈出
94673624364744	因人成事
9467362832	隐忍不发
94673628926	隐忍不言
9467363794	因人而异
94673638	信任度
9467364	新膨
946736426	信任感
9467364826948	引人关注
9467365328	阴森可怖
946736566428	阴森恐怖
946736736	阴森森
9467367426	信任票
946736743674	引人深思
946736744334	因人事废
9467367445426	因人施教
9467367874364	引人入胜
94673694274	引人遐思
946736943	隐忍着
94673694494	因人制宜
946736946744	新人新事
946736948	隐忍住
94673694868	引人注目|引人瞩目
94673694894	引人注意
946738426634	音色甜美
94674	引起|心思|心气|心皮|心脾|新奇|辛巳|银丝|银器|阴司|阴气|阴私|隐私|饮泣
946742	新沙
9467422648	隐私保护
9467424364784	引日成岁
9467426	引桥|心窍|新山|新桥|新片|新篇|芯片|银山|银杉|银票|银钱|阴山|饮片
9467426234468	阴山背后
9467426248	引牵出
94674264	心上|心伤|心墙|欣赏|殷商
94674264535426	引商刻角
94674264736	心上人
94674264943	欣赏者
94674264946942	心上心下
9467426726	银翘散
94674267426624	阴山山脉
946742694264	新篇章
946742698	芯片组
94674285853	因斯布鲁克
946743	心切|殷切|银蛇
9467432483664	引蛇出洞
94674326384	引起反对
94674326426	引起反感
9467432694264	引起反响
9467436	引申|心神|心身|隐身
9467436248	引伸出
9467436248534	引伸触类
94674362826	心神不安
9467436283464	心神不定
9467436286464	心神不宁
9467436326	引伸到
946743633454	隐身飞机
94674364	心声|新声|新生
94674364324	新生代
9467436437	新生儿
94674364374	欣生恶死
94674364543	新生界
946743645454264	新生力量
9467436474498	新生事物
946743647894664	音声如钟
94674364826448	心神恍惚
9467436482694	心身关系
946743649264	阴盛阳
94674364926474824	阴盛阳衰
9467436494498	阴生植物
94674365464484	心神领会
94674367264744	心神丧失
946743694983	心身医学
9467437	心气儿
946743794	因日而异
946744	信使|信史|信石|吟诗|寅时|心事|心室|新市|新式|新诗|殷实|阴湿|隐士|饮食
94674424263664	心室颤动
9467442466424664	心事重重
94674426	隐失波
946744326	殷士儋
946744326326	信誓旦旦
946744336543	因式分解
94674434	尹师弟
9467443426	饮食店
94674454	新世纪
946744542632	饮食疗法
946744543	新世界
94674454326	因势利导
94674462668	饮食男女
9467446643664	引起轰动
9467446646464	引起共鸣
94674466744	隐失模式
94674474	新石器
9467447458	饮食起居
946744746	音视频
94674478	新市区
946744783664	心室扑动
946744924586	新实在论
94674493	饮食业
94674493494364	引诗为证
946744936482	饮食文化
94674494494	因时制宜
94674494634	因时因地
94674494664	尹师兄|殷师兄
9467449838	饮食无度
946744986384	吟诗作对
94674498934	饮食无味
9467453	辛斯克
9467453743	新斯科舍
946745374374364	新斯科舍省
9467454	辛弃疾|阴司里
94674586	新四军
946746	姻亲|新品|殷勤|辛勤|音频|饮品
94674626386	引起矛盾
9467464	引擎|心情|新平|银屏|银瓶|阴平|阴晴|隐情
9467464243694664	心情沉重
94674644824	心情坏
94674645245264	心情开朗
9467464743464	心平气定
94674647443	心平气和
946746478424	心情随笔
9467468	信守|信手|印绶|新手
94674682874	信守不弃
94674682898	信守不渝
946746854	新手机
94674686426524	信手拈来
946746886898	引手投足
9467468942649264	心手相忘
9467468942649464	心手相应
9467468949264	引首以望
94674694664	新品种
94674736	阴气森
9467474265426	引起偏见
94674743664	心思慎密
946747826	隐私权
946748	信叔|印数|因数|引述|心术|新书|银鼠
9467482	印刷
946748224264	印刷厂
94674824	心衰
946748254	印刷机
9467482647464	辛双清
9467482746	印刷品
9467482748	印刷术
9467482786	印刷所
946748283826	心术不端
9467482894364	心术不正
946748293	印刷业
9467484	引水|薪水|饮水
946748454	饮水机
946748454264	饮水量
9467484742647426	引水上山
9467484744364	饮水栖衡
946748478	引水渠
94674847874264	引水入墙
94674853	银术可
9467488674364	饮气吞声|饮泣吞声
94674893498	因树为屋
94674934	新思维
9467494264	新气象
946749436494	引起争议
94676	心魄|阴坡
9467664	吟诵|音容
9467664743826	音容凄断
946766478924	音容如在
94676649426626	音容笑貌
946768	阴柔
94676874	阴柔气
94678	印谱|因素|引入|心曲|新区|音区|音素|音速
94678248	新去处
9467826	心算|心软|心酸|辛酸
9467832643	心如刀割
946783265426	心如刀绞
9467837426	银雀山
946784	心碎|新岁|新锐
94678426484	心如寒灰
9467842668	心如槁木
94678485464	心如古井
94678486336	心如火焚
946784865426	心如火燎
946785264	辛普朗
9467854	辛普里
946785426744	心如坚石
94678546744	心如金石
94678585464	心如枯井
946786	阴损
94678626548	心去难留
94678634486	隐若敌国
94678674484	心若死灰
9467868744	心如木石
94678736	辛普森
9467874484	心如死灰
946787488	引入歧途
9467878	殷素素
94678843744	心如铁石
946789447484	心如止水
9468	一亩|一幕|一目|义女|义母|亿亩|喜怒|姨母|子女|子目|字幕|字模|字母|希姆|息怒|易怒|细目|西欧|西瓯
94682222	皱巴巴
9468226	周报|益母草
94682264926	周邦彦
9468226948	周宝珠
946824	心态|皱襞
946824224	殷太白
94682424	新台币
94682424264	周笔畅
9468242468	喜怒哀愁
94682426	周朝|周边|字母表|骤变
946824264	周长
9468242648265464	周边环境
946824264933826	昼长夜短
9468243	舟车
946824364	轴承
94682436436	周承恩
946824364426	周成汉
9468243649264	周成王
94682453	喜怒哀乐
9468245354	新太科技
94682464326	周秉道
94682474644364	心态平衡
94682478	周慈朴
9468248	周初
94682482694664	周传雄
946824867826	周纯全
946826	周勃|银滩
9468264	印堂
94682643	西暖阁
946826546	薪炭林
94682674369264	饮弹身亡
9468268664	周伯通
94682694546	饮弹自尽
946826946	周伯信
946828	肘部
94682832	抑怒不发
946828543264	骤不及防
9468286	周村
9468289464	喜怒不形
94683	自虐
9468324	周代
94683243	周大哥
9468326	周到|子母弹
946832624624	周大奶奶
9468336422698	骤风暴雨
946833645498	骤风急雨
94683426	周颠
9468358264	自虐狂
9468364	心疼
946836424	周佛海
946836524	周恩来
946837	周二
9468372824	周而不比
94683738744	周而复始
94683778	一怒而去
946838	州府
946838269324264	昼短夜长
94683842436	轴对称
94683869374	昼度夜思
946838694	周敦颐
94683893248	昼伏夜出
946838933664	昼伏夜动
946838939464	昼伏夜行
94683893968	昼伏夜游
946839264	因特网
9468424246	周海滨
9468426	信条|心田|心跳|新田|殷天|阴天
94684262474	殷天蔽日|隐天蔽日
946842634	新天地
9468426542623	心跳检测
946842674364	心跳声
9468426748634	焮天铄地
94684269364	信天翁
946842694	殷天锡
946842694364	殷天正
94684269484	昼干夕惕
9468426968	信天游
94684364937664	昼耕夜诵
94684374364	殷铁生
9468439264	周鹤洋
946846438474	新亭对泣
94684664	细木工
94684664326	周公旦
94684664546	周公瑾
946846646426	周公庙
946846648828	周公吐哺
946846649464	周宏英
94684824364	周谷城
94684826	州官
946848264468	周皇后
9468482649426	周光召
94684826543	肘关节
94684867464	周国卿
946849426474264	引体向上
946852	西姆拉
94685249426234	昼慨宵悲
9468526	周刊
946852649264	周康王
94685269394	周老爷子
946854	周济|周礼|妯娌|州立|洲际|舟楫
9468542	周家
946854248	周家湖
94685426	周立波|昼间|骤减
946854264	骤降
9468542649426	周良霄
946854266	周嘉谟
946854266364	西欧联盟
94685426726	一目了然
9468542698	子女教育
9468543	州界
946854326326	洲际导弹
9468543586	周杰伦
9468544664	周继红
94685464	轴颈
946854649264	周敬王
9468548	周六|啁啾
9468548744	轴流式
9468549264	周厉王
946854986	周立勋
9468568	周口
94685683426	周口店
9468568744	周口市
946858	子目录|轴距
9468586	州郡
9468586736	周坤仁
946862	咒骂
94686269264	周赧王
9468626944	一木难支
9468634	皱眉
9468634868	皱眉头
946864	周密
94686426	周年
946866	周末
946866226	周末版
9468664	心痛|隐痛
94686642454	心同此理
94686643464	心痛定
94686649447484	心同止水
946866985824	周末愉快
946867426546	一诺千金
946868	州牧|心头|瘾头
94686858948264	心头鹿撞
9468687367826	隐头喷泉
946868768	心头肉
9468689264	周穆王
94686894826458	心头撞鹿
946869824	一诺无辞
9468726	周三|骤然
94687344664	周培公
9468736	西欧人
94687363364	周森锋
946874	周四|周日|周期|宙斯|骤起
9468742426	周期表
94687426	舟山|舟桥
9468742626	周少波
94687426744	舟山市
946874269484	昼乾夕惕
94687436	周身
9468744	周室|州市|轴式
946874426748	周期函数
94687444264	一目十行
9468744748	周师叔
946874482	异木奇花
946874494664	周师兄
94687449664	周世宗
94687458	周期律
9468746	周秦
946874642436	周青臣
94687464748	周清澍
946874649264	周平王
946874654526	周贫济老
946874726543	昼日三接
94687474	周琦思
94687474378	周期窃取
9468748624264	周顺昌
94687489464	一目数行
9468749394264	昼思夜想
9468749464	周期性
946874946434	周期性地
94687664926	周荣曜
946878	舟曲
94687826	周全
9468784	周岁
94687849264	周睿羊
9468786	皱缩
94688	信徒|新图
9468826	银团
946884	引退|隐退
94688426	周天
9468842648	周天古
94688426482	周天卦
9468842694	周天子
946886	信托
94688658	信托局
94688686894466474	信托投资公司
94688693	信托业
946888	轴突
946892	轴瓦
94689238	周亚夫
9468926	周延|周遭|肘弯
94689264	粥样|纣王
946892678	周延儒
946893	昼夜|肘腋
9468932243664	昼夜摆动
94689328336	昼夜不分
94689328743	昼夜不舍
9468932894	昼夜不息
946893334943	昼夜匪懈
9468934	周围|州委
946893448265464	周围环境
946893474365464	周围神经
9468934946	周威信|徙木为信
946893542624364	昼夜兼程
94689354269464	昼夜兼行
94689354358	昼夜节律
9468936	咒文|皱纹
94689364	骤增
94689365664	周文龙
94689369264	周文王
9468939444826	肘腋之患
946893944968	肘腋之忧
946894	周一|周易|肘子|舟子
94689426	轴线
9468942624826	周小川
946894264	周详|州长
946894264482	周香华
9468942649264	周襄王
946894264936364	昼想夜梦
9468942666	周显谟
94689426926	周小燕
946894269264	周昭王
946894269468	周小舟
9468943	周折|皱褶
946894364	周正
94689436438	州政府
9468943647464	周正庆
94689439444826	肘胁之患
9468944	周知|周至
9468944744	一目之士
9468944786	周芷若
94689448364	周志腾
9468944942	一怒之下
94689454264	周一良
946894546	周义霖
9468946	轴心
94689463264	周信芳
94689464244	周星驰
94689464264	周姨娘
94689464543	周英杰
9468946486	轴心国
946894649428	肘行膝步
94689466434486	舟中敌国
9468946649464	周仲英
946894682222	皱皱巴巴
94689468986364	粥粥无能
9468946939264	昼阴夜阳
9468946942658	昼吟宵哭
946894786	周逸群
946894826	周转
946894826285464	周转不灵
9468948263	周转额
9468948264	周庄
94689482654264	周转量
94689482658	周转率
94689482674	周转期
9468949264	一模一样|周子旺
94689494	周姊姊
946896642426	周总镖
9468966454	周总理
9468966454264	周勇江
946896646426	周永年
9468968	周游
94689689264	周幽王
946898	周五|周瑜|咒诅|咒语|骤雨
946898226	周玉宝
9468982263364	骤雨暴风
94689824264	喜怒无常
94689826	周旋|周缘
9468982632634	周旋到底
946898269264	周宣王
94689834	周武帝
9468984264	一目五行
946898582643364	骤雨狂风
9468986	易木云
9468986736	周作人
94689869264	周云阳
9468987464	周玉清
9468989264	周武王
94689894364	周吴郑
94692	喑哑|新亚
94692453	心外科
946926	引言|心眼|心砚|新药|新造|新颜|银盐|银碗|饮宴
94692624	信噪比
94692628634	信言不美
94692637	心眼儿
9469264	信仰|信阳|心脏|银洋|阴阳
94692642464	心脏病
9469264246432	心脏病发
9469264482474	阴阳怪气
946926454	心脏计|阴阳历
9469264542	阴阳家
9469264544826	心脏疾患
9469264626626	心痒难挠
94692646269482	心痒难抓
9469264736	阴阳人
9469264742674	心脏起搏器
94692647436244	心往神驰
9469264744	信阳市
946926493454	信仰危机
9469264943	信仰者
9469269426	心眼小
946926944	辛烷值
94693	夤夜|新叶|新野
94693334744	因噎废食
946934	因为|欣慰|淫威|淫贼|音位
946934983	音位学
9469354264	辛业江
946936	印纹|引文|新闻|辛温|阴文|音问
946936226	新闻办
946936248	新闻处
9469362894264	新闻部长
94693633694	新闻分析
9469363426242	新闻调查
9469364	新增
946936426	新闻稿
9469364664226	新闻公报
946936482	新文化
9469364826	新闻官
94693648269826	新闻官员
9469364829863664	新文化运动
9469365426226	新闻简报
94693654264583	音问两绝
946936543	新闻界
94693654943	新闻记者
94693658	新闻局
94693674	新闻司
946936743	新闻社
9469369264	新闻网
94693693	新闻业
94693694	新闻系
9469369426454	音问相继
946936944	新闻纸
9469369464	新闻性
94693694849664	新闻追踪
94693696644364	新闻纵横
94693698	新闻组
946936983	新文学|新闻学
9469369839863664	新文学运动
946939264	殷野王
9469394	新泽西
94693949468	新泽西州
94694	信义|信息|印子|印玺|因子|因袭|引子|引资|心仪|心子|心意|心溪|心系|心细|新字|新异|新意|新沂|新衣|欣喜|淫逸|芯子|薪资|辛夷|银子|隐逸|音义|音译
946942	信札
9469424	阴宅
94694242693	信息产业
9469424269328	信息产业部
946942436484	因袭陈规
9469424854	信息处理
9469424854948664	信息处理系统
94694254	因扎吉
9469426	引着|引线|心弦|新县|新线|新鲜|欣羡|鄞县|银线|阴险|隐现|音效
9469426289826	心照不宣
946942637	阴着儿
94694263852	阴险毒辣
94694264	信箱|印章|印象|引向|心想|新乡|音像|音响|音箱|馨香
9469426426	新鲜感
94694264336	印象分
94694264424	尹章垓
94694264724	印象派
94694264744	新乡市
9469426474424364	心想事成
946942649264944	心乡往之|心向往之
946942649424364	心想字成
946942649426486	音响效果
94694264948	尹香主
9469426494894	印象主义
9469426542632	因小见大
94694265492	新西伯利亚
94694267366364	因贤任能
946942674365426	心照神交
9469426744	新鲜事
946942674432	因小失大
946942674437	新鲜事儿
946942674645426	心照情交
94694267468646	心闲手敏
94694267826	信息安全
9469428	信息部
946943	信者|信邪|因着|淫邪|隐者|音协
9469432632	心细胆大
94694334	信息费
9469433694	因子分析
946943426	信息点
9469436	银针
94694364	印证|引证|新政|新郑
9469436438	新政府
94694364626	殷正茂
94694364744	新郑市
946943649426	新郑县
94694364943	新政协
946943654353	饮鸩解渴
946943694453	饮鸩止渴
946944	信纸|印制|印支|引致|心志|心智|新制|新址|新枝|新知|银制|银质|阴骘|阴鸷|音质
946944264	信息港
9469443	新沂河
946944386464	心知肚明
9469445454	心智机理
9469445685824	心直口快
94694462654264	寅支卯粮
94694466424364	信息工程
9469447464	尹志平
9469447494	心知其意
94694482	信息化
94694482654	信息管理
9469449845824	心直嘴快
94694526	新西兰
94694526736	新西兰人
9469454264	信息量
946945426786	信息检索
9469454748	信息技术
94694548	信息流
94694548484	因袭旧规
9469458	信息库
94694586	信息论
946946	信心|印信|引信|心音|殷殷|淫心|茵茵|隐隐|音信
946946224234	信心百倍
94694622642264	隐隐藏藏
9469462349364	信心倍增
9469462626	阴阴暗暗
94694633	阴阴的
946946347664	信息内容
9469464	印行|因应|心形|心性|心硬|新兴|新型|新星|新行|新颖|银杏|阴影|阴性|隐形|隐性|音型
9469464243944	新颖别致
94694643269464	阴性反应
946946433454	隐形飞机
946946443526	新英格兰
946946454	新兴里
946946454748	隐形技术
94694646246464	隐姓埋名
946946464224	隐形迷彩
946946474364	尹兴圣
946946474454	新兴势力
946946474493	隐形失业
9469464744942	新形势下
9469464748	银杏树
94694649265464	隐形眼睛|隐形眼镜
94694649424826	隐形遗传
9469464944326	因应之道
94694649464	新颖性
94694649664	辛兴宗
94694653986	欣欣客运
9469465858	辛辛苦苦
9469466284	辛辛那提
94694664	信众|引种|心中|心胸|新种
94694664266264	音信渺茫
946946645245264	心胸开朗
94694664524586	心胸开阔
9469466494264	殷仲翔
94694664968484	心中有鬼
94694664968748	心中有数
9469466498748	心中无数
94694674498	信心十足
946946782698	音信全无
9469467869426	隐隐若现
946946789464	引淫入性
9469468	信州|忻州|新州|新洲
946946878	新洲区
9469468848	引新吐故
94694693454	信心危机
946946942645426	心心相连
946946942647664	欣欣向荣
94694694264946	心心相印
946946942649464	心心相应
9469469433	欣欣自得
946946983983	隐隐约约
9469469868664	隐隐作痛
9469474264	信息熵
94694744	新沂市
94694748946	新益求新
9469474948	心逸日休
946947826	心意拳
946947832	心细如发
9469478658264	欣喜若狂
946948	新秀|新竹|新著
94694826386986	阴转多云
946948264	新装|银装
946948264948	新装修
9469482654	新专辑|新专集
94694842448	引锥刺股
946948478	信息提取
946948744	新竹市
9469489426	新竹县
94694926336	欣喜万分
946949264	信息网|阴一阳
9469492649426	阴疑阳战
9469493	信息业
94694934244	引以为耻
9469493426	引以为傲
94694934426	引以为憾|引以为豪
946949345426	引以为鉴
94694934543	引以为戒
946949347664	引以为荣
946949349436	信以为真
9469493494426	引以为自豪
946949426	信宜县|信息战
9469494264868	心意相投
9469494426	引以自豪
9469494548	心仪已久
9469494664946	信息中心
946949468	新义州
94694948664	信息系统
946949824264	欣喜逾常
946949826	信息员|信息源
94694983	信息学
946949832	心细于发
946949858264	欣喜欲狂
94696	心窝
9469664	信用|吟咏|引用|饮用
94696643426242	信用调查
946966438	信用度
946966452	信用卡
946966453526	信用可靠
9469664743	信用社
94696647484	饮用水
946966493	印永业
946966494364	信用证
946968	印有|因由|引诱|辛酉|隐忧
9469687474364	殷忧启圣
9469689854	心有余力|心有余悸
9469694	心窝子
94698	信物|信誉|心绪|心虚|心语|新屋|新语|殷墟|银须|银鱼|阴虚|阴郁|阴雨|隐喻|隐语|音域|音序|饮誉
9469826	信源|因缘|姻缘|心愿|心苑|新元|新源|银元|银圆
9469826934744	因缘为市
94698269462	心猿意马
94698286464	心绪不宁
946983	心血|新学|新月|新约|欣悦|隐约|音乐
9469832364946	饮血崩心
9469832436438	心悦诚服
94698338	新乐府
9469834826	心血管
94698348262464	心血管病
946983484	音乐会
9469835242426	心血来潮
946983535426	隐约可见
94698354	音乐季
946983542	音乐家
946983542698	音乐教育
946983543	音乐界|音乐节
94698358	音乐剧
9469837424	隐约其词|隐约其辞
94698374364	音乐声
946983743694	心悦神怡
946983744	音乐史
94698378626	饮血茹毛
94698379664	心无二用
9469838	信誉度|殷无福
9469838264	音乐堂
9469838464	音乐厅
94698386	阴欲夺
9469839345464	新学伪经
94698394	音乐系
946983944326	音乐指导
9469839464	音乐性
94698394674264	音乐欣赏
946983983	音乐学
9469839839826	音乐学院
946984	心醉
94698448664	心醉魂迷
946984743664	心醉神迷
9469848224	心无挂碍
946984826448	心绪恍惚
946984829426	阴雨寡照
9469854248	心余力绌
9469854266426	阴雨连绵
9469854543	心余力竭
946985485464	引足救经
946985498	因乌及屋
9469858	殷无禄
946986	因循|新作|氤氲|银座|阴云|音讯|音韵
946986468743	因循苟且
94698664266264	音讯渺茫
9469866428	阴云密布
9469867468548	因循守旧
946986782698	音讯全无
946986983	音韵学
94698726498	心无旁骛
94698744	新余市
9469874494	引喻失义
946987468	殷无寿
946987862	心绪如麻
94698789426	因雨取消
946988426	阴雨天
94698926426	心无杂念
9469892674	因雨延期
9469894474264	信誉至上
946989486943	信誉卓着
9472	西撒
94724	一排|一派|字牌|洗牌
94724252	西撒哈拉
94724386	伊塞顿
9472448926	一派胡言
947245348	伊塞克湖
947245443	一拍即合|一拍即和
947245464	自拍镜
94724586	西塞罗
9472468	自拍女
94724724	一排排
9472474	自拍器
947247426	西塞山
94724742678	西塞山区
947249426	自拍照
94726	一三|一盘|亦然|依然|吸盘|孜然|屹然|已然|怡然|易燃|毅然|洗盘|溪畔|滋扰|自然|自燃|衣袍|袭扰
947262264878	自然保护区
947262426	自然产
9472624269436432	自然辩证法
94726286	自然村
9472632	自然法
947263294264	一炮打响
9472632983	自然法学
9472633454	自然肥力
947263364	自然风
94726336448264	自然风光
947263364542	自然等价
9472633645464	自然风景
947263454	自然地理
94726374664	一炮而红
947263748264	一扫而光
9472637486	一扫而过
94726375664	一扫而空
9472637726	自然而然
94726384748	自然对数
947264	一旁|伊桑|揖让|熙攘
947264246426	自然概念
9472644826	一旁观
947264542645824	一旁凉快
94726482	自然化
947264826	自然观
9472648264	一扫光|自然光
9472648265464	自然环境
94726484326	自然轨道
9472648458	自然规律
947264896	依然故我
9472653	自然科
9472653983	自然科学
9472653983542	自然科学家
9472653983744	自然科学史
9472654	自然力
94726542632	自然疗法
94726543	自然界
9472654644826	自然景观
94726546454	自然经济
9472658	自然律
94726583543	毅然决裂
94726583726	意然决然|毅然决然
9472662	自然码
94726634	自然美
947266367426	自扫门前
9472664264	易三娘
94726642694	自然免疫
94726692	西萨摩亚
94726726742	一盘散沙
9472673	自然色
94726736	自然人
9472674	一盘棋
9472674364824	自然生态
94726744	自然史|自燃式
94726744926	自然实验
94726748	自然数
94726748245426	自然衰减
947267848	依然如故
94726786426	自然损耗
94726842624364	自然天成
9472686643364	自然通风
9472686878	毅然投入
94726924424	自然灾害
947269264	西潘王
9472694226	易燃易爆
94726942426	自然遗产
94726942694264	自然现象
947269433	怡然自得
94726946326	意扰心烦
9472694786	夷然自若|怡然自若
9472694894	自然主义
94726949826	自然资源
9472698	自然物
94726982693	自然选择
9472698926	自然语言
9473	一色|吸热|喜色|姿色|紫色
94733269464	吸热反应
9473534586	抑塞磊落
9473543	以色列
9473543486	以色列国
9473543486326428	以色列国防部
94735434863264586	以色列国防军
94735435664586	以色列空军
94735439436438	以色列政府
94736	一任|一盆|伊人|喜人|宜人|自认|艺人|西人
9473624	亿人次
947362482698	一人传虚
94736289664	疑人不用
94736326634	自认倒霉
9473633326	一人得道
94736334926	以人废言
947364	席棚
947364822464	贻人话柄
94736484	自认会
947365464	自喷井
9473654942	依人篱下
94736568744	贻人口实
9473668224	以色谋财
947367426743	一人善射
94736744	自喷式|自认是
94736924736	一忍再忍
94736934236	以人为本
947369345426	以人为鉴
947369445426	一人之交
94736944926	彝人制造
94736944942	一人之下
94736949464	一喷一醒
94736986542	依人作嫁
94736989664	疑人勿用
947374647426	意惹情牵
9474	一七|一丝|一匹|一批|一日|一期|一气|一汽|一起|一齐|义旗|义气|习气|亿日|以期|仪器|伊斯|吸气|喜气|子嗣|希奇|弈棋|忆起|恣肆|意思|意气|昔日|疑似|益气|稀奇|紫气|细丝|翌日|自私|西四|西斯|西皮|遗弃
94742	一霎|紫砂|细沙|细砂|细纱|自杀|西沙
94742228	一七八不
9474223437	伊莎贝尔
9474223452	伊莎贝拉
947422678	一丝半粟
947424264	仪器厂
9474244326	一起吃饭
9474248	紫砂壶
9474253	伊沙克
947426	一勺|一千|一扇|一片|一瓢|一票|一篇|亿片|以前|宜山|戏票|洗钱|稀少|紫杉|紫衫|细巧|衣片|衣衫|西山|遗少|锡山
9474262	一霎那
94742622424	移山拔海
94742622647484	依山傍水|倚山傍水
94742624	一千次
9474262426	一千遍
947426243646464	一片成名
94742624468	意前笔后
9474262447426	资浅齿少
947426244946	一片痴心
9474262464946	一片冰心
9474262486	紫杉醇
94742628	一千步
947426286464	一钱不名
947426288664	一窍不通
9474262894364	衣衫不整
94742628944	一钱不值
947426326424	移山倒海
947426336	一千份
947426368583	一票否决
9474263685837826	一票否决权
947426368583944	一票否决制
94742637224	一千二百
94742637486	一闪而过
947426386	一千多
94742638643	一千多个
94742638654	一千多里
9474263866426	一千多年
9474263866464	一千多名
947426386926	一千多万
9474264	一枪|一腔|习尚|以上|自强|衣裳|西羌|阋墙
9474264247826	以偏概全
94742642894	自强不息
94742643	一千个
9474264326942	自上到下
94742643748264	一抢而光
94742643754	倚墙而立
9474264375664	一抢而空
947426437942	自上而下
947426438786	抑强扶弱
9474264426	自强号
947426454294	喜上加喜
94742645464786	以强凌弱|倚强凌弱
94742646347426	喜上眉梢
94742647324364	一腔热诚
947426473983	一腔热血
947426474364786	以强胜弱
9474264786942	益上损下
947426484424	移山回海
94742649264	意气昂扬
9474264943	以上者
947426494443	一墙之隔
947426498	一上午
947426498354	以上学历
947426526454	一片狼藉
94742652658	衣衫褴褛
94742653	亿千克
94742654	一千里
94742654264	一千两
947426543424	移山竭海
94742654649493	一千零一夜
94742654744	一闪即逝
947426548224	一千六百
9474265664224	一片空白
9474265824	一千块
9474265849464	益谦亏盈
94742658946	一片苦心
947426636	一扇门
94742663649426	资浅能鲜
94742664	亿千米
9474266426	一千年
947426642638	以前年度
9474266464	一千名
947426726224	一千三百
947426726742	一片散沙
94742673662	一票人马
9474267426	一片片
94742674364386	以少胜多
9474267436454	一片生机
947426744	锡山市
94742678	西山区
947426786464	一钱如命
94742692	亿千瓦
947426926	一千万
94742692649264	一片汪洋
9474269269826	一千万元
94742692744	亿千瓦时
947426936	一千文
947426944	一千只
94742694424364	一片至诚
94742694443	一山之隔
9474269445426	一偏之见
947426944586	一偏之论
94742694468	一前一后
947426947484	一山一水
94742698	一千余
94742698224	一千五百
9474269826	一千元
9474269826984	徙善远罪
947426984	洗钱罪
9474274369264	自杀身亡
94742744	一霎时|自杀式
94742786326	西沙群岛
9474278742	以杀去杀
947428468	一丝不苟
947428482	一丝不挂
9474285426	一日不见
94742893	移日卜夜
947428936	一丝不紊
94742934784	自杀未遂
94742943	自杀者
94742944742	以杀止杀
947429464	自杀性
94743	一切|一撇|一瞥|自设
9474322632	一切办法
947432426	伊斯法罕
9474324546	意切辞尽
947432647426	一骑当千
947432664926	一切从严
9474326986	一期稻作
94743344664	以私废公
94743349264	意气飞扬
9474336432	义气风发|意气风发
94743368744	一切都是
94743368924	一切都在
9474354264868	一蛇两头
947435485426	一切就简
947436	一审|一身|自身|资深
947436226486	以身报国
94743637736	一身二任
9474364	一声|一生|医圣|医生|吸声|孳生|易生|滋生|牺牲
94743642245426	吸声材料
94743642486534	一声春雷
9474364282426	一生不变
9474364285364	一声不吭
94743642894264	一声不响
947436443748	一生何求
94743645426434	一省两地
94743645464942	一声令下
947436454874	一生九死
947436474364	一声声
9474364746	牺牲品
947436494274	怡声下气
9474364943	牺牲者
947436494643	自生自灭
94743649474	细声细气
947436494744	一生一世
9474365426	一神教
9474365426484	疑神见鬼
94743654264868	一身两头
9474365426494	一身两役
94743658	西什库
947436586	一神论
947436626226	自身难保
94743664	自启动
94743664524	紫气东来
94743674432	以身试法
947436744326	一身是胆
947436744426	一身是汗
9474367449426	以身试险
9474367464224	一身清白
947436926474	颐神养气
94743692647468	颐神养寿
94743692649464	颐神养性
9474369436474	一身正气
94743694484	疑神疑鬼
94743698486	以身许国
947436986486	以身殉国
94743698693	以身作则
947436986944	以身殉职
94743698946	一身五心
94743746	益切钦
94743748654	一切顺利
94743782654	一切权利
947438638	一妻多夫
94743926546	意切言尽
9474392698	一切万物
947439426548	一切照旧
947439436424264	一切正常
947439466474364	一切众生
94744	一世|一事|一十|一师|一时|义士|义师|以示|仪式|伊始|依恃|医士|医师|吸湿|吸食|喜事|姿势|姿式|子实|役使|意识|易事|滋事|移师|稀世|稀释|籽实|紫式|自恃|自食|衣食|衣饰|西市|西式|西施|议事|轶事|逸事|逸史|遗事|遗失
9474422	一十八
94744226426	一十八年
94744226484	一时半会
9474422648437	一时半会儿
9474422653	一时半刻
947442278	遗世拔俗
94744244664	以私害公
94744246643664	一时冲动
9474426264	意气高昂
94744286464	一事不明
9474428944	一事不知
94744289468	衣食不周
94744324364	一气呵成
947443264	自释放
947443486	自食恶果
94744376426	一十二年|一石二鸟
947443854	遗世独立|遗失独立
947443866426	一石多鸟
947443868	衣食父母
9474438746	吸食毒品
947444664986	以示公允
94744484	议事会
9474454	稀释剂
947445426	一时间
94744542646426	一石两鸟
94744542646464	一尸两命
947445464736	倚势凌人
94744548	一十九|一十六|意识流
947445486426	一十六年
947445664636	一世龙门
9474458378	遗世绝俗
947446464736	息事宁人
94744726	一十三
9474472653	一时三刻
947447266426	一十三年
947447267826	一十三拳
947447269426	一十三招
9474473	稀释热
9474474	一时期|细石器
947447424364	议事日程
947447426	易势迁
94744743642486	一室生春
947447436426	自视甚高
9474474367468	一试身手
9474474486	自食其果
947447454	自食其力
947447458	一十七路
9474474744	遗失启事
9474474826424826	一矢双穿
9474474926	自食其言
947448432	兹事体大
947448464	议事厅
9474484824	希奇古怪|稀奇古怪
947448624364	一气浑成
9474486486	以其昏昏
947448664736	一视同仁
947448685826	以石投卵
947448687484	以石投水
9474489424	一屁股债
94744926226	西式早餐
947449264534	遗世忘累
9474492736	以势压人
947449345426	以史为鉴
9474494	一是一
947449433	一失一得
947449436226	稀世珍宝
947449445426	一时之间
947449447826	一时之权
94744944942	一试之下
9474494494664	自始至终
94744944948	一时之秀
947449449826	一时之选
947449464	一时性|吸湿性
947449464824	意识形态
947449464824482	意识形态化
9474494744	一时一事
947449489464	衣食住行
94744949264	一式一样
947449664968	一时拥有
9474498	一十五
947449824364	一事无成|一失足成
94744984664	疑事无功
947449854264	一时无两
94744986426	一十五年
9474498968	衣食无忧
9474526	伊斯兰
9474526226	伊斯兰堡
94745265426	伊斯兰教
94745265426943484	伊斯兰教协会
947453944	一死了之
94745426474	一丝两气
94745426494664	一栖两雄
94745487426	一日九迁
94745493	以日继夜
9474586	希思罗
94746	一品|西秦
947462	伊斯玛
94746289486	以勤补拙
947463437	伊斯梅尔
94746364	西斯蒙
9474636649426	西颦东效
947464	一瓶|一轻|一顷|习平|依凭|喜庆|夷平|熹平|疫情|移情|西平
94746424364334	衣轻乘肥
9474642894	自情不息
947464326464	一平方米
9474643664736	以情动人
94746437224	一清二白
94746437248	一清二楚
947464378426	一平二调
94746464224	意思明白
9474646426	夷平面
947464664	一品红
947464742694	移情遣意
947464787484	一清如水
947464926	一清早
9474649264	西平王
947464945426	自轻自贱
9474649839464	怡情悦性
9474649869664	夷平作用
947466437224	一穷二白
947467894	一贫如洗
947468	一手|一首|吸收|异兽|惜售|易手|洗手|细瘦|自首
947468226226	一手包办
9474682426543	自首变节
94746828426	洗手不干
947468326	已收到
94746833644664	洗手奉公
9474683364944	洗手奉职
94746838724	一手独拍
94746843	一首歌
947468466454	易受攻击
9474684826478	吸收光谱
9474685423	以手加额
9474685426	洗手间
94746858	吸收率
947468626	易守难
94746868	翼手目
947468744	吸收式
9474687468	一首首
947468748	自首书
9474688868426	一手托天
94746892494	吸收外资
9474689344664	以守为攻
9474689438426	一手遮天
94746894748	吸收系数
94746894944	自收自支
9474689498	一手一足
947469244824	遗寝载怀
947469443	一琴一鹤
94746949426	一颦一笑
947472	伊斯帕
9474726226	一日三餐
947472638	一日三复|一日三覆
947474	一丝丝
9474742654	一日千里
9474744	嬉皮士
947474736	自欺欺人
9474748	子嗣数
94747485464	一日数惊
94748	一数|一束|以求|医书|医术|喜树|子书|字书|字数|希求|悉数|梓树|洗漱|稀树|稀疏|系数|自赎|自述|艺术|遗书|遗属
947482	戏耍|洗刷
94748224486	一树百获
947482269826	稀树草原
9474824	蟋蟀
94748242438	悉帅敝赋
9474826	洗涮
94748262837	伊斯坦布尔
94748264	一双|遗孀
9474826422662	西双版纳
94748264748264	一双双
94748264926	一双眼
9474828	艺术部
947483	伊斯特
9474838638	自求多福
947484	吸水|戏水|沂水|浠水|溪水|资水
94748424264548	细水长流
9474845464	紫水晶
947484547484	以水济水
9474845487484	以水救水
94748464	西斯廷
947484664	艺术宫
947484664986943	艺术工作者
94748482	艺术化
947484826	艺术馆
947484844664	悉数归公
947484868744	以水投石
9474848687484	以水投水
9474849426	沂水县|浠水县
94748494443	一水之隔
9474849464	吸水性
94748494983	以水洗血
94748534	艺术类
9474853944	一树了之
94748542	艺术家
947485426	喜树碱
947485426746	以疏间亲
94748543	艺术界|艺术节
94748586	艺术论
947486	一瞬|依顺|吸吮|异说|戏说|细说
947486326	一说到
94748634	艺术美
94748637744	一瞬而逝
9474865426	一瞬间
94748654744	一瞬即逝
947486786946	字顺索引
9474869362664	字顺文从
947486943	依顺着
94748694482	自说自话
947487426	艺术片
94748744	艺术史
94748746	艺术品
947488826	艺术团
9474894	艺术系
947489426	艺术展
94748942647468	艺术享受
947489443	一丘一壑
9474894466	一丘之貉
947489464	艺术性
9474894674264	艺术欣赏
9474894944	自树一帜
947489826	艺术院
947492649264	喜气洋洋
94749264946	益气养阴
94749264983	益气养血
947492654	一日万机
94749346426	以日为年
9474934744	一日为师
947494226	自弃自暴
94749426433	意气相得
947494264868	义气相投|意气相投
947494265426	嘻皮涎脸|嘻皮笑脸|嬉皮笑脸
94749433	意气自得
947494424264	一日之长
947494426	一丝一毫
94749444664	一日之功
947494454	一日之计
94749445426	疑似之间
947494492	一日之雅
9474944942	一气之下
94749454	自私自利
9474946	自私心
947494664248	一齐众楚
94749474264	一死一伤
94749474364	一死一生
94749478	意气自如
947494786	意气自若
94749664744	意气用事
9474968	一日游
94749826	亿日元
9474982678	稀奇元素
94749854	恣肆无忌
9476	西坡
947664	仪容|姿容|易溶|移送|稀松|西戎|遗容
947664587664	一荣俱荣
947664634	自溶酶
9476647478	移送起诉
94766478736	以容取人
94766498	自溶物
9476784	易破碎
94768	一艘|息肉
94768534264	以柔克刚
947687894	以肉去蚁
94768789464	以肉驱蝇
947689444264	以柔制刚
94768944934	一肉之味
9478	一如|一曲|习俗|吸入|吸取|异趣|意趣|戏曲|易趣|疫区|移入|系谱|紫苏|自取|自如|自诉|袭取|西区
947826	一圈|一拳|乙酸|乙醛|细软
947826322426	以权达变
9478263349464	一犬吠形
947826426	乙酸酐
94782666874	以权谋私
947826944	乙酸酯
947826944942	一算之下
94782694944	乙酸乙酯
947828326	一去不返
94782838	一去不复
94782838326	一去不复返
9478283832653	一去不复返了
947828484	一去不回
94783	一阕|乙炔|喜鹊|稀缺|遗缺
947832694264	易如反掌|易如翻掌
947839464	稀缺性
94783949826	稀缺资源
94784	一岁|易碎|细碎
94784246426	析取概念
9478436474364	异趣横生|逸趣横生
947845487426	一岁九迁
947847267426	一岁三迁
94784924743	一岁再赦|一岁载赦
9478549264	一如既往
94785832436	遗俗绝尘
94786	一所|一群|伊索|子孙|役所|滋润|细弱|自若|衣裙
947862438	悉索敝赋
947862638	悉索薄赋
94786439264	自取灭亡
94786468324	子孙后代
9478653	西索科
947865426	易损件
94786583586	逸群绝伦
9478658786	一损俱损
947867436474264	以弱胜强
94786786	一所所|一群群
94786926324	子孙万代
94786944224	逸群之才
9478694474264	以弱制强
9478736	自诉人
9478744	戏曲史
9478744426	一曝十寒
947874486	自取其祸
947874548	自取其咎
94787478	自取其辱
94787487436	以屈求伸
947876948	易如破竹
947886644664	异曲同工
94789264	易趣网
947892644826	一曲阳关
9478926494	一如往昔
947894524	一去一来
94789464	吸入性
9482	一沓|伊塔|西塔
94822	主坝|筑坝
948224	主菜|主裁|秀才|竹材
9482243	朱巴河
948224726	主裁判
948224744	朱白氏
948224926326	秀才造反
94822543	猪八戒
948226	主办|主板|主薄|助残|猪草|珠宝|竹板|羞惭|诸般
9482263264	主办方
9482263426	珠宝店
9482264	贮藏
948226438	朱邦复
9482264926	朱邦造
948226494664	诸帮众
948226586	诸保昆
948226736	主办人
94822674	助残日
94822674264	珠宝商
94822682664	诛暴讨逆
948226943	主办者
9482269464	珠宝行
948228	抓捕
94823	注册
948232426	注册表
9482326	抓饭
9482334	注册地
948234	贮备
94823426	注册号
94823453	诸贝勒
94823464	抓丁
948236	溴苯
9482364	逐层
948237	西塔尔
948237626724	抓耳挠腮
9482394364	注册证
94824	一台|一胎|主次|主笔|以太|仪态|修辞|助词|姿态|戏台|朱笔|祝词|祝辞|逐次|铸币|驻跸
9482426	主产|主潮|主编|助产|抓好|竹编|筑巢|袖标
94824263364	祝朝奉
948242634	主产地
94824264	主唱|主场|修长|猪场
9482426432468	抓纲带目
948242645464	朱长龄
94824264586	朱常洛
94824264986	朱常洵
948242678	主产区
948243	修车
94824326	一抬到
94824362264424	珠沉沧海
948243624784	珠沉璧碎
94824364	主城|修成|筑城|筑成|著称|诸城|铸成
9482436426	朱宸濠
9482436432286	铸成大错
9482436458	朱成矩
94824364744	诸城市
9482436478	主城区
948243648426	修承天
9482436494264	朱呈祥
948243698784	珠沉玉碎
948243698986	珠沉玉磒
948244	主持|住持|羞耻
9482443	修辞格
94824436474364	逸态横生
94824468	西太后
948244736	主持人
948244943	主持者
948244944946	羞耻之心
948244946	羞耻心
948245426484	珠璧交辉
948245664944	姿态控制
9482464	休兵|锈病
94824664	蛀虫
9482468	抓钩
948246894438	逐臭之夫
94824694	主宾席
94824746492643478	西太平洋地区
94824746832	修辞手法
9482478	伊泰普
948248	住处|逐出
94824824	姨太太
948248246247426	抓乖卖俏
9482482466647426	抓乖弄俏
94824826	修船
948248264	主创
948248264926448	珠窗网户
948248294	一塌刮子
9482486	抓获
9482486426244	朱唇皓齿
948248648426	抓获归案
94824866458	西台痛哭
9482486984326	抓获罪犯
94824888	一塌糊涂|一塌胡涂
9482489494	诛除异已
948249263264	仪态万方
948249264	以太网
948249267426	仪态万千
9482494	戏台子
94824983	修辞学
94824983542	修辞学家
9482524948278	抓来抓去
9482542692674264	抓尖要强
9482546	抓紧
94825467445426	抓紧时间
94825469482426	抓紧抓好
9482548	抓阄
948258	抓举
94826	一套|一摊|竹帛|筑波|紫檀|艺坛|驻波
94826224	专才
9482622493424364	转败为成
948262249344664	转败为功
9482622493474364	转败为胜
94826226	专版|转包|转报
94826226438664	转包合同
9482623	转侧
948262326736	抓拿犯人
9482623493494	转悲为喜
94826242	砖茶
948262426	转产|转变
94826242624364	转变成
9482624264	专场|专长|砖厂|砖场|转场
94826242648266426	转变观念
948262426736744	转变认识
9482624267494264	转变思想
94826242682438	转变态度
9482624269446364	转变职能
94826243	专车|转车
9482624364	专程|专诚|转乘
9482624364326	专程到
9482624364524	专程来
948262436474269264	专程前往
948262436478	专程去
94826243693494	转嗔为喜
94826246893494	转愁为喜
9482626	专案|抓挠|转播
9482626634	转氨酶
94826267826	转播权
9482626824	转播台
948262698	专案组
948262878	自叹不如
9482632	转发|转达
9482632454	以桃代李
94826326	转道
9482632634	转到第
948263264	专访|砖房
948263274	转发器
9482633649478	转风易俗
9482634	转递
948263426	专电|砖雕|转调
948263664	转动
9482636647486946	转动瞬心
94826366474869468	转动瞬轴
94826368742654	转斗千里
9482637	转而
94826375464	专而精
948263778	逐波而去
9482638	转赴
948263826	专断
948263878	自叹弗如
948264	一堂|一趟|喜糖|西塘|饴糖
948264226	妆扮|装扮
94826422624364	装扮成
9482642264948	庄帮主
948264234	装备
94826423428	装备部
948264234546454264	装备精良
948264234747826	装备齐全
948264234934948	装备维修
9482642426	装裱
948264243	撞车|装车
9482642436	撞沉
948264244848426	转海回天
94826424826	装船
94826426	专号|专干|专稿|撰稿|转告
948264264	转岗
94826426736	撰稿人
94826426868	抓苗头
94826432	壮大
948264326	壮胆|撞倒
9482643274364744	壮大声势
9482643364624742	装疯卖傻
9482643364986742	装疯作傻
94826434	转给
9482643426	装点
9482643464	壮丁|装订
948264364	专横
9482643642248	专横跋扈
9482643828934	壮夫不为
94826438736	庄夫人
9482643926	转个弯
948264426	壮汉|状告
94826443	壮歌|庄河
94826443744	庄河市
9482644664484	庄公惠
948264482454543	壮怀激烈
9482644826	壮观
94826448264	装潢
948264482646366426	装潢门面
948264484	撞毁
9482644845426	装鬼脸
948264486	装货
94826448736	庄户人
9482644888	装糊涂
9482645264	庄浪
94826452654	壮劳力
94826453	庄客
94826454	壮丽|撞击|撞机|装机
948264542	庄家|庄稼|装假|装甲
948264542243	装甲车
9482645422464	装甲兵
94826454234	庄稼地
948264542426	庄稼汉
9482645426	壮健|妆奁|撞见|装料|装殓
948264542736	庄稼人
948264542744	装甲师
9482645429862464243	装甲运兵车
948264543	壮烈
9482645439474364	壮烈牺牲
948264546524	装进来
9482645474364	撞击声
94826454766454264	装机容量
9482645664624742	装聋卖傻
948264566498692	装聋作哑
94826458	壮举|装具
94826458264	状况
948264586	壮阔
948264589426	庄聚贤
948264626	状貌|装满
948264634	壮美
9482646426	壮年
948264664	专攻
9482646647264	砖红壤
9482646649347468	转攻为守
948264669439264	装模着样
948264689869264	装模作样
948264734	装配
94826473424264	装配厂
9482647344664	装配工
948264734744	装配式
94826473474524	装配起来
9482647349426	装配线
94826474	撞死
948264742	装傻
948264742246645364	装傻充愣
94826474264	庄上|撞伤|撞墙
94826474264986744	装腔作势
948264743	装设
94826474366664484	装神弄鬼
948264744	壮士|壮实|妆饰|装饰
948264744226	装饰板
94826474428	装饰布
948264744482	装饰画
948264744746	装饰品
948264744946	装饰音
9482647449464	装饰性
94826474494946	装饰一新
94826474498	装饰物
94826474524	壮起来
948264745464986	壮气凌云
94826474624486	装死卖活
9482647464	装瓶
948264748	装束
9482647484	装睡
9482647486	壮硕
94826474886648	壮气吞牛
94826478	撞入|装入
9482647826	装蒜
948264785424364	装入例程
94826478694	装孙子
9482648	专户|转鼓
94826482	转化
9482648224364	转化成
948264824	状态
948264824326424364	状态方程
948264824468	庄太后
9482648258	转化率
948264826	专管|转换
9482648262426543	转换边界
94826482624364	转换成
948264826326432	转换方法
948264826326494264	转换方向
94826482634	转化酶
94826482648493	转换规则
9482648265244826	转换开关
94826482654944	转换机制
94826482674	转换器
948264826868	转换头
94826484	专柜|转会|转回|转归|转轨
9482648426	装填
94826484334	转会费
94826486	朱安国|砖混|转过
948264868	庄头
9482648693438	转祸为福
948264924	装载
94826492454	装载机
94826492454264	装载量
948264926	庄严|装药
9482649263264	庄晚芳
9482649264	壮阳
94826492654264	装药量
948264926783	怡堂燕雀
9482649269864824	装妖作怪
94826493648264468	庄文皇后
94826494	庄子|状子
94826494264	装箱
94826494265426	装笑脸
948264942674364	庄先生
948264943	装卸
9482649434664	装卸工
94826494354264	装卸量
9482649436	撞针|装帧
948264944	壮志|装置
94826494424364	装置成
948264944334	以汤止沸
94826494454649426	壮志凌霄
9482649445464986	壮志凌云
9482649449342468	壮志未酬
9482649462894	壮心不已
94826494664	庄重|撞钟
9482649468	庄周
948264948	庄主|装修
948264948264	装装
948264948264926494	装装样子
94826496334	以汤沃沸
948264968	装有
94826498	壮族|壮语|状物|状语
9482649826	庄园|庄院|状元
94826498264664	状元红
94826498265264	状元郎
9482649826948	庄园主
948264986	装作|装做|装运
94826498624364	庄允城
94826498946	庄无因
948265249482678	转来转去
94826526	专刊|专栏
9482653	专科|篆刻
9482653542	篆刻家
948265374364	专科生
94826539482693	专科专业
94826539839426	专科学校
94826539839826	专科学院
9482654	专利|专机|专辑|专集|传记|转机
94826542	专家|转嫁
94826542326	转嫁到
94826542542694	专家建议
948265426	转交|转脸|转角
948265426248	转角处
94826542678986	转角铺作
948265426944	专兼职
9482654293454	转嫁危机
94826542948664	专家系统
9482654298	专家组
94826543	专列|转借|转接
948265432	专利法
9482654334	专利费
948265434826	转接环
94826545426944	转机建制
948265458	专利局
94826546	转筋
94826547826	专利权
94826547826736	专利权人
948265494267486	传记小说
9482654946	转基因
9482654946983	转基因学
94826568	转口
9482656862694	转口贸易
9482658	转录|转炉|转矩|馔具
948265824	砖块
9482658244	自讨苦吃
948265826	专款
948265826948269664	专款专用
94826586	专论|转轮
94826586746874264	转轮手枪
9482662	转马
94826624	专卖|转卖
948266243426	专卖店
9482663478	自讨没趣
94826634987426	专美于前
94826636	专门
948266362664744	专门从事
948266363426242	专门调查
94826636482	专门化
94826636944744	专门知识
948266369464	专门性
9482664	主从
948266426	转念
9482664269445426	转念之间
948266438944	主从复制
9482664482694	主从关系
948266464	专名
94826649426	朱聪笑
9482668	砖木|紫檀木
94826726	转盘
948267264	转让
9482672643264	转让方
9482672645826	转让款
9482672654848264	转盼流光
94826736	专人|专任|转任
9482674	专司|砖坯
948267426	专擅|赚钱
9482674264	砖墙
948267436	转身
9482674364	转生
9482674364934224	转胜为败
94826744	专事|专使|砖石|转世
9482674454648664	转世灵童
9482674468	砖室墓
948267446843	转死沟壑
94826744848426	转日回天
948267468	专守|转售|转手|转授
948267468326624	转手倒卖
9482674689344664	转守为攻
94826747484	一潭死水
94826748	专属|专署|撰述|篆书|转述
9482674854645478	专属经济区
948267486	转瞬
9482674865426	转瞬间
94826748654744	转瞬即逝
9482674869445426	转瞬之间
948267664	转送
9482678	专区|赚取|转入|转速
948267826	专权|转圈
94826782637	转圈儿
9482678269474	专权恣肆
948267834942	转入地下
9482682	砖塔
94826824	转台
9482684	专题|篆体|转体
94826843326224	转铁蛋白
9482684394	转贴自
94826847426	专题片
9482684746423	专题评测
9482684826586	专题讨论
94826868	砖头|赚头|转头
94826868548968	转头就走
9482686894	转投资
9482692	砖瓦
948269224264	砖瓦厂
94826924	转载
9482692493438	转灾为福
94826926	砖窑|转弯|转眼
948269262265464	转弯半径
94826926248	转弯处
948269265426	转眼间
94826926665426	转弯抹角|转弯磨角
948269269445426	转眼之间
9482692926	砖瓦窑
9482693	专业|专责|转业
9482693286	专业村
948269332694	专业翻译
9482693384568	专业对口
94826934	转为
948269348	专业户
9482693482	专业化
9482693493426	转危为安
948269353	专业课
9482693586736	转业军人
94826936	专文|撰文|篆文
948269364	转增|转赠
9482693748	专业书
94826939464	专业性
948269398	专业组
9482694	专一|专恣|篆字|转义|转子|转椅|转移|转译
948269424264	自弹自唱
948269426	专线|转战
9482694264	专项|转向|转账
9482694264438664	专项合同
9482694264484482	专项规划
94826942645443	转向离合
948269426742654	转战千里
94826942894	专一不移
94826943	撰写|转写|转折
948269433426	转折点
948269434826868	转折关头
948269436	转诊
9482694364	专政|转正
9482694386744	转益多师
948269439464	转折性
94826944	一弹指|专制|专职|转制
9482694424	转移盖
9482694474524	专制起来
948269447464	一弹指顷
9482694494894	专制主义
948269458	转移率
94826946	专心|转印|转引|转阴
948269462436494	专心诚意
9482694634	转移酶
948269464	专营|转型|转行
9482694643426	专营店
94826946474	转型期
9482694647826	专营权
948269468	转轴
94826946944944	专心致志
948269469494	专心一意
9482694694944	专心一志
94826948	专修|专注|专著|撰著
9482694826	转转
9482694853	专修科
9482694943634	转移阵地
94826949464	专一性
948269494694	转移因子
9482694948264944	转移装置
94826949823	转移预测
948269498543	转义序列
948269664	专用|转用
948269664243	专用车
9482696649426	专用线
94826966494264	专用章
9482696649464	专用型
94826968	专有|转悠|转游
94826968646424	专有名词
948269687826	专有权
9482698	专务|转租|颛顼
948269826	专员|转院
9482698264664748	专员公署
94826983	转学
94826986	转运
948269862624364	专欲难成
94826986634	转座酶
948269869426	转运站
9482724	抓拍
948274	抓起
94827468	抓手
948276542674	抓破脸皮
948276542694	抓破脸子
948276642674	抓破面皮
948278	抓取
94828	修补|竹布|逐步
948284	珠翠
94828484484	逐步回归
9482849449436	珠翠之珍
948286	主存|贮存
94828624874	主存储器
9482884426	逐步提高
9482888448264	逐步推广
94828884546	逐步推进
948289267426	逐步完善
9482894364	诸部争
94828946424364	逐步形成
9482926	抓药
94829264	抓痒
948294	爪子
9482942	抓瞎
94829426868	抓小偷
9482948	抓住
94829482643464	抓壮丁
94829485498	抓住机遇
9482968	抓走
9483	伊特|希特|西特
94832	主打|主罚|秀发|竹筏|诸法|驻法
9483232	羞答答
948323426	朱大典
9483243	朱大哥
948326	主刀|主导|主犯|修道|嗅到|煮饭|祝祷|竹岛|诸岛
9483262436	朱丹臣
9483264	住房|绣房|驻防
9483264264	朱大娘
9483264744326	逐宕失返
948326498	朱芳雨
948326744	修道士
9483267826	主导权
948326943	主导者
948326944	猪繁殖
9483269826	修道院
94833	朱德
948334	煮沸
948336	羞愤
9483364	主峰|珠峰
94833642694	铢分毫析
948336494843426	逐风追电
94833694742	羞愤自杀
94834	住地|竹笛|筑堤|驻地
9483426	主殿|主调|住店|竹雕
948342694843364	逐电追风
9483464	修订|注定|铸锭
9483464226	修订版
9483464236	修订本
948346426	修订案
9483464426	修订稿
9483474	朱迪斯
948352	西特拉
948353	希特勒
948364	紫藤
94836426	伊藤博
94836426936	伊藤博文
9483664	主动|柱洞
9483664466454	主动攻击
948366454	主动力
9483664586	主动轮
9483664624	主动脉
9483664624226	主动脉瓣
9483664624548	主动脉瘤
9483664744	主动式
94836647826	主动权
94836649464	主动性
948366986	诸恶莫作
94836826	朱恩涛
94837	主儿|珠儿
9483728744	秀而不实
9483744	诸恶事
94838	主妇|主父|修复|嘱咐|猪肚|祝福
9483826784482	修短随化
948384	主队
94838424364786	逐队成群
9483848624364	修复过程
948386	诸多
948386282426	诸多不便
948386586626	诸多困难
948386626386	诸多矛盾
94838744	诸富室
94838744746	主副食品
9483894946	修复一新
9483944946	羞恶之心
9484	一体|习题|字体|异体|自体|议题|遗体
948423674649826	追本清源
9484236789826	追本溯源
9484236948234	追奔逐北
948424	修改|珠海|竹海|追逼
9484242	追查
948424264	追偿
948424267426	夕惕朝乾
948424293736	追查责任
9484244586	锥齿轮
94842464	追兵
948424664	锥虫
9484246642464	锥虫病
948424744	珠海市
948424945426	修改意见
948426	一天|一条|主干|修好|字条|猪肝|竹竿|竹篙|细条|西天|西田
9484262234	倚天拔地
948426244	朱高炽
948426326	主干道
948426326926	一天到晚
9484263664	朱汉东
9484264	竹杠|铸钢|驻港
9484264326	主航道
948426482674	移天换日
9484265426	倚天剑
948426543	一条街
9484265664	一条龙
9484268426	一天天|一条条
9484269426	一条线|主干线
94842694293454736	以天下为己任
9484269434	一天一地
948426944942	一调之下
948426946	一条心
9484269464368	一天星斗
9484269474	疑天徙日|移天徙日|移天易日
94842698	朱高煦
948428	追捕
94843	一帖|主格|字帖|祝贺|诸葛|逐个
9484326	追悼
9484326484	追悼会
94843267468	追到手
948432694454	锥刀之利
948432694466	锥刀之末
9484326944934	锥刀之未
94843269449664	锥刀之用
9484328498	珠歌翠舞
9484334	追肥
94843364	追风
948433642433426	追风掣电
948433647435464	追风摄景
948433649483426	追风逐电
9484336494874	追风逐日
948433649489464	追风逐影
948434	坠地
9484354264	诸葛亮
94843546	诸葛瑾
9484356646464	诸葛孔明
948436	主根|竹根
948436434	休耕地
948437	坠儿
948437426	锡铁山
94843744	吸铁石
9484398468	诸葛武侯
9484426	追赶
948442637524	追赶而来
94844362429826	追根查源
9484436746649826	追根穷源
948443674834	追根求底
9484436789826	追根溯源
948443693634	追根问底
948443698634	追根寻底
948448	椎骨
9484482	一体化
94844826	椎管
948448266249426	追欢买笑
948448267853	追欢取乐
9484482698653	追欢作乐
9484484	坠毁|追回|追悔
94844844354	追悔何及
9484484524	追回来
94844846654	追悔莫及
948448478	追回去
94844863866464	追魂夺命
948448638676	追魂夺魄
9484486524	追过来
948448674376	追魂摄魄
9484524948478	追来追去
948454	一体机|习题集|坠机|追击|追缉
9484542	追加
94845426	追剿|追歼|追缴
94845426726	椎间盘
9484542987826	追加预算
9484548	追究
9484549426	追击战
94845664	惴恐
9484586	坠落
9484626948234	追南逐北
948464	悉听|烯烃
94846426	追念|锥面
9484646494854	追名逐利
948464944942	一听之下
9484649862426	悉听尊便
9484664	主公|主攻|助攻|朱红|诸公
9484664224	祝鸿才
94846643426	诸宫调
948466498	朱洪武
948468	诸侯
9484682878	猪狗不如
948468486	诸侯国
948468726	朱厚磐
9484689264	诸侯王
9484689426	朱厚照
9484736	追认
94847364	追捧
948474	追思
9484742	追杀
9484744	一体式
94847454224	追思礼拜
94847468	追授
948474685464	自体受精
9484748	赘述|追求|追述
948474854628	追求进步
94847485494264	追求理想
9484748646454	追求名利
9484748943	追求者
9484748943654	追求真理
9484748946438	追求幸福
9484768	赘肉
948478	坠入|追溯|追诉
948478326	追溯到
9484784	追随
9484784943	追随着|追随者
94847854	追溯力
9484786	追索
948478654	夕惕若厉
9484787449426	追诉时效
94848	主顾|住户|修护|逐户
948482	绣花|驻华
9484826	主官|主管|主观|竹管|袖管|追讨
94848262	溴化钠
94848264	烛光|珠光|竹黄
9484826422674	珠光宝气
9484826448	朱广沪
948482647426	朱光潜|诸广山
9484826492	朱光亚
948482649468	主光轴
94848266854	主观努力
94848269423	主观臆测
9484826943826	主观臆断
94848269464	主观性
948482694894	主观主义
9484826983826	主观武断
948482942668	羞花闲目
948482943	绣花鞋
9484829436	绣花针
9484829436868	绣花枕头
948482946	溴化银
94848298	溴化物
9484834265664	绣虎雕龙
948484	休会|椎体|锥体
94848424264	主会场
9484849858	珠规玉矩
948484989464	珠辉玉映
9484854	朱古力
948486	主婚|烛火|竹棍|诸国
94848664946	一体同心
948486736	主婚人
948486744	修国史
9484894664768	朽骨重肉
9484926	赘言
94849264	追赃
9484934	追尾
9484936	追问
948493632634	追问到底
94849364	追赠
948494	坠子|异体字|追忆|锥子
948494264	追涨
948494264742343	追涨杀跌
948494378986	追者如云
94849438546	追昔抚今
9484944942	一提之下
94849464	追星|锥形
9484946498	追星族
948494674983	锥心泣血
9484948	追逐
94849484	惴惴
948494842826	惴惴不安
9484948646454	追逐名利
94849489426	追逐战
9484949264744	追忆往事
94849664	追踪
94849664226326	追踪报道
948496643426242	追踪调查
94849664744926	追踪实验
948498	赘婿
94849826743694664	追远慎终
9484982678548	追源溯流
9484982678744	追源溯始
9484986	追寻
9484986943	追寻着
94849869483426	追云逐电
94852474364	朱凯生
948526	主考|助老|朽烂|猪栏|竹篮
9485264	柱廊
948526478426	逐浪随波
9485264826	主考官
94852649264	逐浪网
94852694934	羞堪自慰
94853	主客|主课|休克|住客|竹刻|逐客
9485324264	主客场
9485324826	朱克川
9485338	朱可夫
948534	烛泪|珠泪
948534826	主客观
948535464	逐客令
948538426	诸乐调
948539436	竺可桢
94854	主力|主机|主理|主祭|伫立|修理|助剂|助力|助理|珠玑|秀丽|竹笠|竹篱|诸暨|逐级|锈迹
948542	休假|住家|朱家
94854226226	锈迹斑斑
94854238	朱家渡
9485424264	修理厂
9485426	主叫|主教|主料|主见|修剪|修建|修炼|修练|修脚|助教|朱利安|株连|注脚|珠帘|竹帘|竹简|袖箭|逐渐|铸件
94854262443	珠联璧合|珠连璧合
94854264	主将|主梁|主粮|主讲|珠江|贮量
9485426454898	珠江流域
94854264568	珠江口
9485426472654269468	珠江三角洲
94854264736	主讲人
9485426498	朱亮祖
94854265426	主教练
948542654898	诛连九族
94854267436	朱见深
948542694664	诸教众
9485426989464	珠联玉映
9485429424	朱家寨
948542948264	祝家庄
948543	注解|祝捷|竹节
94854324664	竹节虫
94854334	修理费
94854336543	逐级分解
948543744	竹节石
948543934683	助桀为虐
948544664	修理工
94854526	朱丽兰
948545426	主力舰
94854586	主力军
948546	竹林
9485464	驻京
9485464226	驻京办
94854642464	朱睛冰
948546498586	珠零玉落
948546742583	诛尽杀绝
948546744	诸进士
9485469436	竹林镇
94854694664	竹林中
948547426586	袖里乾坤
9485474524	修理起来
948548	主流|潴留|祝酒|铸就|驻留
94854824	祝酒词
9485482494826	珠流璧转
948548724	主流派
94854874334	修旧起废
9485489264326	逐流忘返
9485489436	朱九真
9485492	朱力亚
9485493	朱丽叶|朱利叶|茱丽叶
948549464	逐利性
9485494642426	逐机应变
948549826	助理员
9485664	主控|竹笼
9485664226	猪笼草
948568	主楼|住口|竹楼|竹篓|袖口
948568546946	绣口锦心
94858	住居|修路|筑路|著录|诛戮|逐句|逐鹿
948582	主跨
9485824	竹筷
9485826	猪圈
94858264	竹筐
948583	主角|嗅觉
94858354264	主角奖
948584	羞愧
9485846263264	羞愧难当
948586	休伦|侏罗|修浚|诸君|驻军
948586326	修罗刀
94858648	休伦湖
94858654	侏罗纪
948586744	侏罗世
94858694	侏罗系
948589466454264	诛戮忠良
94858946649826	逐鹿中原
9485894894	逐句逐字
94862	苎麻
948622452	卓柏卡
9486226	准保
9486226986744	捉班做势
9486234	准备
948623426	驻马店
9486234484	准备会
9486234546	准备金
948623454658	准备金率
94862426	桌边
9486243546	卓别林
9486248264	着床
94862494364	朱乃正
948626	主脑|住满|桌案|猪毛|羞恼|羞赧
9486269683364	卓奥友峰
948628	桌布
948628326	卓不凡
948628743649486	捉不胜捉
948629445426	竹马之交
948632626748	擢发难数
94863263224	捉刀伐笔
94863266748	擢发莫数
9486336336	卓芬芬
94863364289464	捉风捕影
9486336428983	捉风捕月
948634	秀美
94863426	准点
948634986	朱媚筠
948636	朱门
94863642486	朱孟春
9486364584	朱梦魁
9486365487682468	朱门酒肉臭
948637	准儿
94863728786	卓尔不群|卓而不群
94864237	准噶尔
9486423773634	准噶尔盆地
9486426	休眠|柱面|谆告|逐年
94864264867426	休眠火山
948642674	休眠期
9486426942633	逐免先得
9486426948264824	休眠状态
9486426948983	逐年逐月
948643	竹篾|诛灭
94864337	准格尔
9486433774	准格尔旗
948646	助您
9486464	休宁|修明|注明|羞明|著名
94864647426	祝铭山
948646478744	逐名趋势
94864649426	休宁县
948648226546	酌古参今
94864828786	卓乎不群
94864848462	休牛归马
94864872662	休牛散马
9486489486546	酌古准今
94865264	浊浪
948652694364	准考证
948652694364426	准考证号
948654	着力
94865426	卓见|捉奸|灼见
948654264	准将|酌量
94865426924248264	捉奸在床
948654269486748264	捉奸捉双
9486543	拙劣|谆诫
9486543426	着力点
94865464	拙荆
948654654269468	捉禁见肘|捉襟见肘
948654694685426	捉衿肘见|捉襟肘见
9486548	浊流
948658	涿鹿|着陆
9486583	卓绝
94865832	准据法
9486583426	着陆点
9486586	着落
9486586744	准军事
94865874	着陆器
9486589426	涿鹿县
948662	捉拿
948662326736	捉拿犯人
94866248426	捉拿归案
948662826326	捉拿逃犯
948662946647468	捉拿凶手
948664	一同|一桶|一统|一通|亿桶|异同|梓潼|系统|紫铜
9486642248664	一通百通
9486642264	捉迷藏
94866426	桌面
948664267826	系统安全
94866428	系统部
94866432694264	易同反掌
9486643298	系统发育
94866433694	系统分析
94866434	系统地
9486643426242	系统调查
948664384	系统对
94866443	子童阁
948664466424364	系统工程
948664482	系统化
948664482654	系统管理
9486644826549826	系统管理员
9486644863664	系统活动
9486645426448	一统江湖
948664543468	系统结构
9486645664944	系统控制
948664586	系统论
94866464645464	系统命令
9486647436454	系统升级
948664743664	系统启动
948664744744	系统实施
94866478265426	系统软件
948664824	自同态
9486648426942	一统天下
9486648664	一通通
94866493448	系统维护
9486649464	系统性
948664949826	系统资源
948664983	系统学
948666	捉摸|琢磨
94866628248	捉摸不出
948666283464	捉摸不定
94866628868	捉摸不透|琢磨不透
94866664	捉弄
94866664736	捉弄人
9486674236	逐末弃本
94866743236	逐末舍本
948668	主谋
9486686426	啄木鸟
948669264236	逐末忘本
9486726	卓然
94867264	桌旁
948672696824364	卓然有成
948673	灼热|着色
94867354	着色剂
948674	浊气
9486742	捉掐
94867426	桌前|灼烧
948674264	桌上|灼伤
948674264524	捉上来
948674364	准绳|擢升
9486743648474	捉生替死
9486744	准时|卓识|啄食|着实
948674432632	准时到达
948674498265426	卓识远见
948674524	捉起来
94867464	酌情
9486746424854	酌情处理
94867468	着手
94867484	浊水
9486748494	浊水溪
948674849449826	酌水知源
948674862626	捉鼠拿猫
948678	准入
9486783	准确
948678338	准确度
948678358	准确率
94867839464	准确性
94867839898	准确无误
9486784826	准入关
948678944	准入制
94868	一头|修女|字头|朽木|注目|洗头|珠母|瞩目|秀女|竹木|膝头|西头
948682436	一头沉
94868283426	朽木不雕
948682853	朽木不可
9486832	洗头发
9486837	一头儿
94868372436	一头儿沉
9486842694664	卓天雄
94868526462	珠穆朗玛
948685264623364	珠穆朗玛峰
9486854	注目礼
948685682464	铸木镂冰
948685869264	自投罗网
948686263426	朽木难雕
94868664	灼痛
9486868	准头
9486873	一头热
9486874484	朽木死灰
948687468	一投手
948687486934	依头顺尾
9486884	桌腿
94868987484	一头雾水
9486926	捉妖|着眼
94869263426	着眼点
948692698	着眼于
948693	准则
9486934	准尉
948693454	捉贼记
948693494869264	捉贼捉脏|捉贼捉赃
948694	卓异|桌子|桌椅|着意|镯子
9486942263364	桌椅板凳
9486942524	捉下来
94869426	准线|涿县
948694264	着想
948694278	捉下去
9486943649826	拙政园
9486944	准直
9486946	浊音
94869464	准星|卓行
94869464283364	捉影捕风
948694645498	酌盈剂虚
9486946474364944	准性生殖
9486946494898	酌盈注虚
948694664	着重
9486946643426	着重点
94869468	涿州
94869468744	涿州市
9486947426	桌子山
9486948	卓著|捉住|谆嘱
9486948264	茁壮
94869482642436494264	茁壮成长
94869486	灼灼|谆谆
94869486285826	谆谆不倦
9486948634	谆谆地
94869486426543	谆谆告诫
948694865426326	谆谆教导
948694865426484	谆谆教诲
9486948694838	谆谆嘱咐
9486968	卓有
948696824364548	卓有成就
9486968243649426	卓有成效
948696898265426	卓有远见
948698	准予|准许|琢玉|茁育
9486982436474	琢玉成器
9486983	卓越
948724	猪排|竹排|竹牌
948726	助燃|助跑
9487265426	珠三角
94872682494	朱三太子
94873	秀色|羞涩
948734	修配
94873424264	修配厂
94873433	朱培德
9487353226	秀色可餐
948736	主人|主任|助人
9487364664	主人公
948736542	主人家
94873693453	助人为乐
9487369345824	助人为快
9487369349826	主任委员
9487369364	主人翁
94873694744	主任医师
948737363364	诸色人等
9487374	修色斯
94874	休憩|休斯|修葺|朱批|朱漆|猪皮|秀气|竹器|逐日
948742	朱砂|诛杀
94874236	朱思本
9487426	主桥|修桥|修缮|秀山|竹山|竹桥|竹片|竹签
948742624	诸善必
948742633	诸善德
94874264	筑墙
948742648694	主少国疑
94874269426	竹山县
948743	注射|羞怯
94874354	注射剂
9487436	主审|主神|修身|柱身
94874364	诸生
9487436463498	休声美誉
94874365439464	修身洁行
948743674542	修身齐家
948743692649464	修身养性
9487436944	诸神执
94874374	注射器
94874386	休斯敦|休斯顿
94874393	注射液
948744	主使|主时|主食|修史|修士|修饰|柱石|注视|注释|猪食|诸事|锈蚀
948744484743	株式会社
948744542645426	铢施两较
948744543	朱世杰
94874498	修饰语
948746	主频|绣品
948746254	蛛丝马迹
9487464326	朱庆道
9487464744	朱清时
9487465485826	诸亲六眷
9487468	住手|助手|祝寿|袖手|驻守
948746872644826	袖手旁观
948747426	朱启钤
9487474854	蛛丝鼠迹
948748	休书|株数|注疏|绣球|著书|著述
94874824	主帅
9487482894	诛求不已
9487484	修水|注水|秀水
948748546426	竹书纪年
948748547486	著书立说
9487489838	诛求无度
9487489854	诛求无己
94874898926	诛求无厌
9487489894	诛求无已
94874942644826	休戚相关
948749436	朱祁镇
9487494843364	逐日追风
9487494946	修葺一新
9487498	朱祁钰
94874984664	休戚与共
9487664	祝融
94876643364	祝融峰
948766454	朱镕基
948768	猪肉
94878	主仆|主诉|住区|住宿|侏儒|注入|注塑|羞辱|诸如
948782424	诸如此比
9487824534	猪如此累|诸如此类
948782454	诸如此例
9487826	主权|珠算
948782694664	朱全忠
948783	朱雀
94878326	主渠道
94878334	住宿费
948786	住所|秀润|竹笋|竹荪
94878624534	诸若此类
94878634	住所地
9487869862	朽索驭马
94878744	注入式
9488	以图|希图|意图|稀土
94882	竹榻
948824	烛台
94882426543	珠胎暗结
948826	一团|疑团
9488264374	一团和气
9488265826	一团乱
948826582662	一团乱麻
94882662638	疑团满腹
94882666744	疑团莫释
94882674434	一团漆黑
948826926	一团糟
9488364	竹藤
94884	主体|主题|柱体|猪蹄
9488424	主题词
9488426	竹条|逐条
948842638786	朽条腐索
9488426934683	助天为虐
948843	铸铁
9488443	主题歌
9488453944	一推了之
9488464	主厅|竹亭
948846474	助听器
94884743653	主题深刻
9488478	主题曲
94884786586	主体群落
94884934546	以退为进
94884944942	一推之下
948849464	主体性|主题性
9488546748	稀土金属
948858264	稀土矿
94886	一拖|依托|洗脱
948863242426	以拖待变
9488637	一脱二
94886534	子拖雷
9488664	修通|竹筒|袖筒
948866432636894	竹筒倒豆子
948868	柱头|猪头|袖头
948868768	猪头肉
94886924886	一拖再拖
9488698	洗脱序
948884	主推|助推
94888474	助推器
948886	嘱托|驻屯
948886586	驻屯军
94888664484	异涂同归|异途同归
948886946642464	驻屯重兵
94889345824	一吐为快
94889826	稀土钻
9488982678	稀土元素
94892	秀雅|蛀牙
948924	主宰|猪仔|猪崽|驻外
948924486	驻在国
948924943	主宰者
948926	主演|主要|修凿|修造|岫岩|朱颜|铸造
9489264	休养|修养|蛛网
948926424363364	蛛网尘封
948926448	朱阳湖
948926466	蛛网膜
94892647436494	休养生息
9489264948264	蛛网状
948926626386	主要矛盾
9489267464	朱延清
94892694493	主要职责
948926968748	驻颜有术
9489274664	朱雅琼
94893	主业|主页|修业|竹叶
948934	主委|主谓|助威|诸位
948934284726	珠围翠绕
9489342849664	珠围翠拥
94893474364	助威声
94893494264868	臭味相投
948936	修文|朱文|朱温|注文|猪瘟|著文
94893694364	朱文正
948937464	竹叶青
94894	主义|主子|主席|主意|休伊|休息|修习|朱子|朱熹|柱子|注意|注资|珠子|秀逸|竹子|竹席|竹椅|竹溪|绣衣|著译|袖子|诸子|逐一|逐字
948942	驻扎
94894224542	诸子百家
94894232286	铸下大错
9489424	住宅
9489424568	住宅楼
948942478	住宅区
9489426	主战|主线|休战|休闲|住校|修仙|助战|注销|烛照
9489426226	休闲包
94894262264	诸小邦
948942624264	主战场
948942634	休闲地
948942638	休闲服
94894264	主张|主项|休想|助长|拄杖|竹乡|绣像|袖章|逐项
94894264526	诸长老
9489426482	助消化
94894264863664	休闲活动
9489426494	朱章义
948942649826	朱相远
9489426534	休闲类
948942654	朱瞻基
9489426724	主战派
948942674364	朱先生
94894267826	注意安全
9489426934	主纤维|竹纤维
9489426943	休闲鞋
94894269436	朱仙镇
94894269464824	休闲形态
9489426948264	休闲装
9489426968	休闲游
948942696894	休闲游戏
948943	绣鞋|著者
9489434	修昔底
9489436	助阵|袖珍
9489436236	袖珍本
94894364	主政|休整|修整|修正
9489436426	修正案
94894364943	主政者
9489436494894	修正主义
9489436744	袖珍式
94894368	诸子都
948944	主旨|主枝|主治|休止|住址|修治|竹制|竹枝|绣制
94894438	休止符
94894474	诸职司
948944746	竹制品
94894486	主席国|朱紫国
948944946	朱执信
9489449474364	主治医生
94894494744	主治医师
9489454	注意力
94894548	朱子柳
94894586	朱翊钧
948946	主因|主音|注音
9489464	主刑|主星|主营|修行|助兴|烛影|秀英|铸型
948946433474364	逐影吠声
94894644264	蛛形纲
948946478426	逐影随波
94894648	主心骨
9489464824	祝英台
94894648468	羞以牛后
94894649398	主营业务
9489464943	修行者
948946498	主星序
948946498674364	逐影寻声
94894664	注重
9489466422	朱重八
9489467826	朱信泉|珠心算
9489467894	逐新趣异
9489468	主轴|株洲|诸州
948946826548	铸新淘旧
9489468586	诸州郡
9489468744	株洲市
9489468934683	助纣为虐
94894692649464	修心养性
9489469468	注音字母
9489474	休息日
94894744	休息室
948947445426	休息时间
948947464	朱自清
9489478	休息区
948948	主修|修修|修筑
9489482	主抓
94894824	主席台
94894826	修撰
948948264	柱状
9489482828	修修补补
9489483	休伊特
9489483232	羞羞答答
948948326326	逐逐眈眈
948948464	休息厅
9489485426	羞羞脸
9489485868	朽株枯木
948948826	主席团
9489494	朱姊姊
948949426	朱希孝|竹溪县
94894943	主义者
9489494858	逐字逐句
9489494894	注意休息
9489498	朱子语
94894986	朱彝尊
9489498744	主一无适
9489664	猪鬃
9489664246	祝总斌
94896649264	诸宗王
948968	住友|猪油
94896824534	诸有此类
94896834	朱幼棣
9489685426	朱由检
9489689426	朱由校
9489689464264	住友银行
948969426468	助我张目
94898	主语|修武|助于|朱煜|珠玉|竹屋|茱萸|驻足
9489826	住院|祝愿|竹园
948982628	住院部
9489826334	住院费
948982658	主旋律
948982694	修园子
948982694264	朱元璋
948982698543	珠圆玉洁
94898284826	逐物不还
948983	休学|修学|助学|猪血|逐月
948983546	助学金
94898394874	逐月逐日
948984	住嘴
948984826526	驻足观看
948986	著作|贮运
9489867826	著作权
948986782632	著作权法
9489867826736	著作权人
9489874244	羞于启齿
9489892423	珠玉在侧
948989247426	珠玉在前
94898926	诸语言
9489893498	羞于为伍
94898946	朱祖荫
948989464	主序星
9489894826	著于竹帛
9492	咿呀|咿哑|希亚|希瓦|西亚|龇牙
9492326	一压到
94923478	西亚地区
949237326	自崖而反
94924	一再|一载|以外|意在|意外|移栽|紫外|自在|自外
949242426744	一再表示
94924247426	意在笔前
949243	子牙河
94924336426	意外风波
949243664326	西歪东倒
9492437634	自外而内
9492448264	紫外光
9492448633	意外获得
94924524944	意外开支
9492454354	自在阶级
949247344664	意在沛公
94924742643426	一再强调
94924743646464	一再声明
9492474866464	一再说明
9492482692	以牙还牙
94924926426	紫外遥感
94924926924	意在言外
949249426	意外险|紫外线
9492494838	一再嘱咐
949254	西瓦吉
9492543984	龇牙咧嘴|龇牙裂嘴
94926	一万|一早|一眼|一碗|一药|一遭|义演|乙烷|亿万|伊万|依言|医药|吸烟|喜宴|喜筵|字眼|异言|戏言|歙砚|洗澡|熠耀|紫烟|膝弯|臆造|西燕|西药|遗言
9492622624	一言半辞
9492622698	一言半语
94926234	一万倍
9492624	一万次
9492624364	已完成
9492624944	一言蔽之
9492628	一万步
949262832	一言不发
949262843	一言不合|一言不和
9492632432	以言代法
94926326	一要到
94926334	医药费
94926334736	以言废人
9492637	一万二|字眼儿
94926386	一万多
9492638643	一万多个
9492638658	遗簪堕履
949263866464	一万多名
949263869826	一万多元
949264	一样|一汪|以往|夕阳|子网|字样|宜阳|已往|希望|异样|弋阳|意杨|抑扬|滋养|益阳|移往|紫阳|自养|西洋|西王|西藏|资望|资阳|遗忘|颐养
949264236	子样本
9492643	一万个
94926432546	一网打尽
9492643478	西藏地区
9492643664	西往东
949264377436	一往而深
94926437944	一望而知
949264386286	抑扬顿挫
9492644269826	西藏高原
9492644664	夕阳红
949264466424364	希望工程
949264482	西洋画
949264482326	一氧化氮
94926448248	依样画葫
9492644824858	依样画葫芦
949264482826	一氧化碳
94926448326	夕阳古道
9492644858	依样葫芦
9492645426524	以往鉴来
9492645464	西洋景|西洋镜
94926454647436	颐养精神
949264546726	一网尽扫
94926468	西王母
94926474264	弋阳腔
949264742647436	以养伤身
9492647436	西洋参
9492647436244	意往神驰
949264744	益阳市
94926474647436	一往情深
949264826926	以眼还眼
949264842658	西藏天路
94926484266426	颐养天年
9492649264	一样样|喜洋洋
94926492693	西藏药业
9492649447426	一往直前
94926494942	夕阳西下
9492649494478	西藏自治区
949264982426	一望无边
9492649854	一望无际
949264987426	一往无前
9492649874664	希望无穷
94926498946	一望无垠
9492652624826	一眼看穿
9492654248	一言既出
949265426	洗澡间
9492654264	一万两
949265426498	一言两语
94926543	医药界
949265464	异烟肼
949265483464	一言九鼎
9492658	一万句
949265824	一万块
9492658736	以言举人
94926626546	一言难尽
949266426	一万年|亿万年
949266464	一万名
9492668638	伊万诺夫
9492668692	伊万诺娃
9492668693474	伊万诺维奇
9492672642264	一言丧邦
94926736646	亿万人民
9492674	洗眼器
949267426546	一言千金
949267484	一碗水|洗澡水|紫药水
94926748438267464	一碗水端平
9492678736	以言取人
949268264	一言堂
9492693432	一言未发
949269343464	一言为定
94926934484	以言为讳
949269424	一言以蔽
949269424944	一言以蔽之
94926943	吸烟者
94926944264	一言一行
9492694642264	一言兴邦
949269466433	一言中的
949269498	自言自语
9492698	一万余
949269826	一万元
94926983	医药学
9492698373	怡颜悦色
9492698634	溢言虚美
9492698698	以言徇物
94926987426	一万五千
949288	西雅图
9492924	一压在
9492942	一压下
9493	一业|一则|一叶|一夜|一页|子叶|子夜|洗液|细则|肄业|胰液|自责|艺业
94932468	一叶蔽目
9493334226	以噎废飡|以噎废餐
94933364548	一夜风流
94934	一位|一味|一尾|一维|以为|仪卫|依偎|席位|异位|异味|意味|意谓|易位|洗胃|滋味|熹微|疑为|移位|紫薇|细微|自卫|自慰|西魏
94934242243	细微差别
94934248	细微处
9493428583	依违不决
9493433	西为德
9493437	滋味儿
94934384	自卫队
949344664	西魏恭
9493446888	以为后图
94934482654	自卫还击
949345426453	依违两可
9493454354	自为阶级
9493458269436	以伪乱真
9493458269664	意味隽永
94934586	自卫军|西魏军
949346426	乙未年
94934743624264	意味深长
94934746434	夷为平地
94934748	一位数
949347826	自卫权
94934943	意味着
9493494364	异位症
94934944943	以微知着
94934944948	以微知著
949349874664	意味无穷
9493542426	以夜继朝
94935426	一夜间
94935474	以夜继日
94936	一文|伊蚊|佚文|咨文|异文|戏文|檄文|疑问|细问|自刎|自问|艺文|衣纹|西文|译文|轶闻|遗文|遗闻
949362	锡耶纳
94936224	紫文才
9493624	疑问词
9493624264	紫文长
94936286464	一文不名
9493628944	一文不值
9493632	紫文大
94936326	紫文道
949364	遗赠
9493642424	以文害辞
949364264	紫文刚
9493647426	一叶迷山
94936484968	以文会友
9493653	紫文可
94936535426	喜闻乐见
9493658	疑问句
94936582632	以文乱法
9493672628	一问三不
9493672628944	一问三不知
9493674	伊文思|伊文斯
94936742698	一闻千悟
949367474364	以闻其声
94936786464	一文如命
94936826	紫文叹
949369432	一问一答|自问自答
94936944942	一问之下
949369458	遗文逸句
94936946	紫文心
9493694744	遗闻逸事
949374364	肄业生
94937464	一夜情
9493934948	一业为主
94939426468	一叶障目
94939433	自业自得
9493944226	一噎止餐
94939445426	一夜之间
9493944748	一叶知秋
94939458	一则以惧
94939464	一夜性
94939494	一则以喜
949394968	一则以忧
9493989664	疑则勿用
9494	一一|一亿|一席|义子|义熙|乙烯|习习|习字|习艺|仔细|以西|依依|依稀|咨议|喜字|奕奕|嬉戏|字义|字字|孜孜|席子|异议|徙倚|恣意|意义|意译|戏子|椅子|洗洗|洗衣|熠熠|疑义|细细|自习|自已|自缢|薏苡|蜥蜴|西医|西子|西溪|议席
94942	一下|一眨|以下|膝下|西夏|西峡
949422264623364	希夏邦马峰
9494222926	一眨巴眼
94942262426	一字褒贬
949422654	一资半级
9494232674264	以下犯上|自下到上
949423774264	自下而上
949424	一亿次|西寨
9494243643364	习以成风
94942436478	习以成俗
9494243678	一洗尘俗
9494244926	以一持万
949424534534	义债累累
949424926474	徙宅忘妻
94942524	洗下来
949425426	一下脸
94942543426	以下几点
949426	一小|一展|一战|一招|一盏|一站|一线|义县|乙酰|依照|嘻笑|夕照|嬉笑|子痫|息县|戏校|易县|歙县|洗消|细小|翼展|胰腺|自小|自找|艺校|西站|西线|遗诏|驿站|黟县
949426224634	一笑百媚
949426226	一小包|一小半
949426226744	一招半式
94942624	胰腺癌
94942624264224	一展长才
94942626	乙酰胺
949426286	一小撮
949426323264	贻笑大方
9494263265426	乙酰胆碱
9494263364224	一瞻丰采
949426347664	以下内容
94942637486	一笑而过
949426384	一小堆
9494264	一丈|一乡|一向|一响|一张|一章|一箱|一项|义项|亿张|仪仗|依仗|倚仗|异乡|异相|异香|意向|意想|意象|滋长|细账|臆想|衣箱|西乡|西厢|议长|遗像|锡杖
9494264226424	自相残害
9494264226742	自相残杀
949426424364	子相承
94942642469464	衣香鬓影
949426428326	意想不到
9494264326	意想到
949426432646426	忆想当年
94942643364	喜相逢
94942643468	一展歌喉
94942643664	西向东
9494264384	仪仗队
9494264526	奚长老
949426454	西厢记
94942645464726	自相惊扰
94942645464968	自相惊忧
94942645664	西乡隆
94942645863826	议长论短
9494264626386	自相矛盾
949426468736	贻笑后人
9494264736	异乡人
949426474649826	一厢情愿|一相情原|一相情愿
9494264748	意向书
94942647484486	自相水火
94942647824	一向如此|异香扑鼻
94942648426524	异想天开
94942649264744	忆想往事
949426494244	一张一弛|一张一驰
94942649426	子相肖
9494264944942	一想之下
94942649464	意向性
9494264948664	意向系统
949426498768	自相鱼肉
94942654	乙酰基
949426542632	以小见大
9494265426744	一笑了事
9494265426944	一笑了之
9494265492	西西伯利亚
94942658	乙酰氯
94942658244	自找苦吃
94942662326	自找麻烦
94942663478	自找没趣
9494266862	嘻笑怒骂|嬉笑怒骂
9494267262468	一献三酬
9494267267468	一献三售
949426736944946	以小人之心
9494267436454	一线生机
94942674367468	一展身手|一显身手
949426744	一站式
949426744426	衣宵食旰
949426746424364	一笑倾城
949426746524	喜笑频开
949426789426	以战去战
9494268426	一线天
949426926	胰腺炎
94942692649426	以战养战
949426926524	喜笑颜开
94942694458	一线之路
949426944942	一战之下
949426944944	一笑置之
94942694664	易贤忠
94942694744	一招一式
94942694782694944	乙酰乙酸乙酯
94942698946	一展无垠
949427468	一下手
949427843	意下如何
949428242	一字不差
9494282486	孜孜不辍
949428324	孜孜不怠
949428468	一字不苟
949428568	一字不漏
9494285826	孜孜不倦
94942868	一下头
949428743	依依不舍
94942894	一字不易|孜孜不息
949428943	孜孜不懈
94942926	一下眼|一眨眼
94942936	西夏文
9494294	一下子
94942942	一下下
949429422	一下子把
949429424364	一下子成
949429426	一下站|西峡县
949429432	一下子打
9494294942	一下一下
94942949426	一下子站
94943	一些|一折|一着|医者|吸着|译者
9494322454	一泻百里
9494324526	以逸待劳|逸以待劳
94943247484	一衣带水
94943248	一写出
94943264224	一以当百
94943264744	一以当十|以一当十
9494326524	一一道来
94943287436	一着不慎
949433	细细的
94943326	一写到
9494336	洗衣粉
94943364224	以一奉百
9494337942	一泻而下
949434	细细地
9494349424	以资抵债
949436	一帧|一针|一阵|义诊|疑阵|自斟|自珍
94943632	一阵发
9494363364	一阵风
94943637	一阵儿
9494364	仪征|子政|西征|议政|资政
949436424926	义正词严|义正辞严
949436424983	义正辞约
949436432474	以政代企
9494364586	西征军
9494364742649826	字正腔圆
94943647448464	以正视听
9494364826	一整套
9494364826454264	一枕黄梁
94943648426	一整天
949436492624	义正严词
94943649438	一正一负
9494365426983	一针见血
949436589486	字斟句酌
94943694	一阵子
94943694264	一阵响
9494369436	一阵阵
949436949426	一针一线
949436949436	一阵一阵
94943694946	自斟自饮
949436949486	自斟自酌
94943698	一阵雨
949437	一一二
949437426	一些片
94943742654	一泻千里
949437744	易子而食
94943849464	一一对应
9494386	一亿多
949438736	以已度人
9494392654	一泻万里
9494393	一些则
94943944942	一遮之下
9494394664	一些种
9494398	吸着物
94944	一只|一支|一枝|一直|一纸|一致|乙酯|亿只|亿支|以至|以致|医治|子侄|字纸|已知|异质|意志|意旨|懿旨|抑制|抑止|易帜|益智|移植|紫芝|细致|自制|自治|自知|译制|资质|遗址|遗志|锡纸
9494422458	一致百虑
94944224926	一掷百万
949442265426	一知半见
94944226543	一支半节|一知半解
949442269826	以直报怨|以直抱怨
94944242	嘻嘻哈哈
949442486	一枝春
9494426786	意志薄弱
9494432	自治法
94944336	以义割恩
949443364744	颐指风使
9494438948	一枝独秀
94944482	一支花|一枝花
9494448264482	一枝黄花
949445264	喜之郎
9494454	意志力|抑制剂|自制力
94944544826	自治机关
9494454584	自知理亏
949445464	自治领
949445478	自知理屈
949445664936	一纸空文
94944568	字纸篓
94944626334	以指挠沸
94944636	西直门
94944636924	西直门外
9494466494	以夷攻夷
9494466543	细枝末节
9494466874	以职谋私
9494474	自治旗
949447426543	一知片解
949447426546	一掷千金|一纸千金
949447426586	一掷乾坤
9494474364	自治省
9494474494264	惜指失掌
949447468286	意志受挫
9494474744	颐指气使
94944748	移植术
9494478	自治区
949447826	自治权
94944783744	意志缺失
949447874364	以智取胜
9494478934	细致入微
949448	西子湖
9494482	一席话
94944826944	一以贯之
94944854	以资鼓励
9494486645426	资治通鉴
94944866494	一致同意
949448726	西子湖畔
9494489464	一意孤行
94944934486	一直未果
949449347436	一之为甚
949449426	自治县
9494494264	一枝香
949449426443	意志相合
9494494269464	抑制效应
949449446464	自知之明
94944945426	一致意见
9494494543	一枝一节
949449464	一致性|抑制性
949449468	自治州
94944947436	一之已甚
9494498	以至于|移植物
949449826264	意志轩昂
949449869664	抑制作用
94945252	稀稀拉拉
9494535426	依稀可见
949454	乙烯基|洗衣机|西西里
9494542624364	一字连城
94945426546	一字兼金
9494543	一系列
949454326	西西里岛
94945433	依稀记得
949454358	一一列举
949454526	以逸击劳
94945454	淅淅沥沥
94945464224	以一儆百|以一警百
949454744	以一击十
949458394	以疑决疑
94945858	字字句句
9494586586	稀稀落落
94946	一心|一新|吸引|吸音|字音|异心|悉心|洗印|滋阴|玺印|疑心|细心|细辛|自信|译音|资信
94946226226	疑信参半
949462464	疑心病
9494624826946	以心传心
9494626	西溪南
94946285826	一心不乱
949462894	自信不疑
949463458	洗心涤虑
94946347426	喜溢眉梢
9494637546	一饮而尽
94946379664	一心二用
949463869664	一心多用
949464	一应|义兴|乙型|习性|伊兹密|喜迎|字型|字形|宜兴|异型|异姓|异形|异性|息影|意兴|易行|移行|翼型|自性|自省|自营|自行|西兴|西营|西行
9494642263426	一星半点
9494642264	亿英镑
94946424	异形词
949464243	自行车
949464243724	自行车赛
94946424826334	逸兴遄飞
94946424854	自行处理
949464264726	意兴盎然
94946436426	洗心革面
94946437	伊兹密尔
949464394	洗心革意
949464426926	乙型肝炎
9494644364334	逸兴横飞
949464482628	移形换步
9494644826368	移星换斗
949464486726	自行火炮
9494645267426	意兴阑珊
949464543583	自行解决
9494645833464	自行决定
949464587826	一应俱全
949464736	宜兴人
94946474354	自行设计
949464744	宜兴市|自行式
94946474744	自行其事|自行其是
9494647824	亦应如此
9494647826	自营权
94946478626	遗形去貌
949464786726	意兴索然
949464789464	以刑去刑
94946482648	洗心换骨
9494648426542	自行添加
949464846426	洗心回面
94946492647468	颐性养寿
9494649426	宜兴县
9494649426494	异性相吸
949464944	以意逆志
9494649443	一迎一和
9494649449464	以刑止刑|以刑致刑
9494649824364	疑行无成
9494649854	恣行无忌
9494649873	义形于色|喜形于色|喜行于色
9494654	吸引力|自信力
94946542649664	一心两用
9494664	一中|一种|义兄|倚重|异种|意中|籽种|自重|资中|辎重
9494664226482	以众暴寡
9494664367436	义重恩深
94946645494	乙种粒子
9494664736	意中人
94946647826484	一中全会
949466484266426	以终天年
94946649264983	犀中望月
949466493474364	乙种维生
94946649424	自重自爱
949466494824	一中一台
94946649826	一中院
9494664986	习仲勋
949466646664	洗洗弄弄
949467436426	疑心生暗
949467436426484	疑心生暗鬼
949467888	徙薪曲突
949468	一周|益州|稀粥|西周|西州
949468586	益州郡
9494686426	一周年
9494686644664	一心同功
949468664484	一心同归
94946868	益州牧
9494692494	吸引外资
9494692648	喜新厌故
94946926548	喜新厌旧
94946934236	以信为本
949469344664	一心为公
94946936946	以心问心
949469426474264	一心向上
9494694265426	悉心照料
949469433	一心一德
9494694365824	席薪枕块
949469438	一心一腹
9494694458	自新之路
949469454	一心一力|一心一计
949469458	一心一路
94946946	自信心
94946948	吸引住
949469494	一心一意|移心移意
9494694946	洗心自新
94946949486	一饮一啄
94946966498	恣心纵欲
94946968924	遗音犹在
9494724524	一字排开
949472647264	熙熙攘攘
9494736	一亿人
949474	伊西斯
949474264286	一息尚存
94947426546	一字千金
94947426586	一字千钧
949474267426	熠熠闪闪
94947426748	一字千秋
9494743624264	意义深长
949474364484	熠熠生辉
94947436474	熠熠升起
9494748748	稀稀疏疏
949476647664	熙熙融融
949478	易宜曲
949478546	惜字如金
9494786786	子子孙孙
94948	一柱|一株|亿株|仔猪|医嘱|已修|易主|紫竹|自主|自修|自助|衣袖|译注|译著|资助|遗嘱|遗著
94948226	自助餐
94948232634	一抓到底
94948245426	锱珠必较|锱铢必较
9494826	一席谈|医专|易传|移转|自传|自转|艺专
94948263866364	一专多能
94948264	一幢|一桩|异状|戏装|翼状|衣装|西装
9494826432432	倚装待发
949482644358	西装革履
9494826454324264	乙状结肠
94948264543242645464	乙状结肠镜
94948264946473	以壮行色
94948265426	自转角
9494826744	自传式|自转式
949482674865426	一转瞬间
949482684	自传体
9494826926	一转眼
9494826946484	意转心回
94948269492	一砖一瓦
9494828748264	锱铢不爽
9494842434	以锥刺地
949485424364	遗嘱继承
9494854649464	自主经营
949486	一准|一桌|洗濯|衣着
94948632226	衣着打扮
94948664	子系统
94948736	系主任
9494874	西竺寺
9494874365464	自主神经
94948744	自助式
949487826	自主权
94948826783	以珠弹雀
94948926524	喜逐颜开
94948939464	衣绣夜行
9494893968	衣绣夜游
94948943	资助者
94948944426	遗珠之憾
949489464	自主性
9494898543	遗休余烈
949489863664	自主运动
9494926324	遗自万代
94949264934	恣意妄为
949492649464	恣意妄行
9494926926	一息奄奄
94949292	咿咿呀呀
949493424264	习以为常
9494934334	自以为非
94949343354	自以为得计
9494934744	自以为是
9494934944	以意为之
949494	喜孜孜|喜滋滋
949494226	一字一板
949494243	依依惜别
9494942644826	息息相关
9494942648664	息息相通
949494386	一字一顿
9494944242	一字之差
94949442426	一字之贬
949494434	一席之地
94949445426	一夕之间
9494944626	以子之矛
9494944744	一字之师
9494944926	以一知万
949494494	以夷制夷
949494534	一字一泪
94949458	一字一句
94949464	自熄性
94949468	一子一女
949494748	孜孜以求
94949484748	孜孜追求
94949494	仔仔细细
949494948	一字一珠
949494968	亦喜亦忧
94949684826	息息攸关
949498324	孜孜无怠
9494985826	孜孜无倦
9496	自我
949624262264	自我标榜
9496242634	自我贬低
94962426543	自我嘲解
949624269426	自我表现
94962454	自我刺激
9496248498	自我吹嘘
949626744	自我暗示
949626934	自我安慰
94962874	一卧不起
94963364	一窝蜂
94964246426	自我概念
9496424926	自我改造
9496426583	自我感觉
9496482654	自我管理
9496524526	依我来看
9496526	依我看
9496526524	依我看来
949654263464	自我鉴定
9496542698	自我教育
94965432426	自我解嘲
949664	一宗|义勇|习用|僖宗|医用|易用|熹宗|自用|袭用
949664326	一用到
9496643774264	一拥而上
9496643778	一拥而入
949664384	义勇队
949664586	义勇军
949664939426	自用则小
94966494438	一勇之夫
9496736744	自我认识
94967449426	自我实现
94967464426	自我清高
9496747464	自我批评
949676894	自我剖析
94968	乙酉|已有|益友|稀有|自幼|自有|自由|西游
94968226	自由操
94968226226	喜忧参半
9496822632	自有办法
949682264	自由邦
9496824	自由词
94968244543	以优吃劣
9496826984	自我陶醉
9496832484	自由发挥
949683264	自由党
949683264736	自由放任
94968326526	自由泛滥
94968327826	自有打算
94968342694	自由电子
94968366498	稀有动物
949683664986	自由动作
9496837	自幼儿
9496837986	自右而左
9496838	自由度
9496838494264	自由对象
949684264	自由港
94968426526	自我调侃
94968426543	自我调节
949684664586	自有公论
94968482	自由化|自由滑
9496854	西游记
9496854243	自由价格
94968542624	自由恋爱
949685426944	一走了之
94968546494364	自由竞争
94968546748	稀有金属
9496858684	自由落体
9496862694	自由贸易
949686269478	自由贸易区
949686426	自由鸟
94968642654	自有妙计
94968646	自由民
94968646948	自由民主
949686469483264	自由民主党
94968687436	自由女神
94968724	自由派
94968726626	自由散漫
94968736	自由人
9496874226	自由日报
94968744	自由式|自由诗|自走式
9496874424264	自由市场
9496874454264	自由矢量
949687468336	自由授粉
94968746946	自由拼音
949687484	稀有气体
949687494264	自由思想
9496878	嬉游曲|自由区
949687826	自由权
9496878265426	自由软件
949688	西沃图
94968824	自由态
9496884	自由体
9496884226	自由体操
949689264524	自由往来
94968926586	自由言论
94968934546	意犹未尽
9496894363264	自由振荡
94968944734	自由支配
94968944744	自由之石
9496894493	自由职业
9496894493943	自由职业者
9496894494	自由之子
9496894643664	自由行动
9496894694364	自由心证
9496894826	自有一套
9496894894	自由主义
9496894894264	自有主张
9496894924	自由自在
949689494	逸游自恣
949689664	自由泳
94968982678	稀有元素
94968982693	自由选择
949689843	自由组合
949689898	移有足无
94969267426	自我完善
9496934948	以我为主
9496942649264	自我张扬
9496944583	自我知觉
949694664946	自我中心
949694674264	自我欣赏
94969474364	自我牺牲
949694744	自我意识
949698648	自我作古|自我作故
9498	一五|一组|一隅|义乌|义务|伊吾|医务|呓语|唏嘘|喜雨|子午|宜于|异域|异族|异物|彝族|彝语|意欲|戏侮|抑郁|易于|洗浴|细语|细雨|自叙|自娱|自序|自愈|自诩|自语|自足|衣物|西域|西屋|贻误|遗族|遗物|驿卒|髭须
94982426498	一无长物
949824364748	一雨成秋
94982464	义务兵
9498246494944	义务兵役制
9498248	医务处
94982482698	以误传误
949826	一元|一员|亿元|医院|意愿|戏院|沂源|洗冤|自愿|自旋|自选|艺苑|西园|西缘|西苑|议员|议院|译员|资源|遗愿
94982622633	以怨报德
94982624826	医院船
949826326424364	一元方程
949826336734	资源分配
94982634	疫源地
9498263664986	自选动作
94982638744	一元复始
949826426748	一元函数
949826466494264	资源共享
949826482	一元化
949826482654	资源管理
9498264854	自愿互利
94982654	自选辑
94982654264	资源量
9498265439839464	资源节约型
94982658	洗冤录|资源库
949826586	一元论
94982674424264	自选市场
94982674684364	自旋守恒
949826747486	自圆其说
9498267484	资源税
9498267486	一元说
94982678	自选曲
94982684	衣原体
9498268826	议员团
94982694	戏园子
9498269438426	资源协调
949826944	一院制
94982694484	一缘一会
9498269464	资源型
9498269494	自怨自艾
94982832	一语不发
94982843	一语不合
94982853	亦无不可
949828944	一物不知
94983	一月|义学|医学|喜悦|怡悦|戏谑|易学|洗雪|自学|蚁穴|衣雪|西学|西岳
9498324264983	以血偿血
9498324364224	自学成才
94983243644664	自学成功
949832648	义无反顾|义无返顾
94983267468	易于反手
949832676	一语道破
949832694264	易于反掌
9498328	医学部
94983326432	自学方法
94983336	一月份
9498337486	一跃而过
949833774	一跃而起
94983424983	以血还血
94983484	医学会|吸血鬼
94983498	以玉抵乌
94983526	自学考
9498353	医学科
94983534	医学类
94983542	医学家
9498354264	医学奖
94983543	医学界
949835664636	一跃龙门
94983626748	易学难输
94983636454	自学能力
94983744	医学史
94983794	异戊二烯
949838	子虚赋
9498394	医学系
949839447464	喜悦之情
949839482693	医学专业
94983948664	自学系统
9498394983	以血洗血
949839826	医学院
9498398269426	医学院校
949839898	以学愈愚
9498426	异物感
949842664968	疑罪从有
94984266498	疑罪从无
949843264948	一醉方休
949843934	意欲何为
94984664	义务工
949848	子午谷
94985263664	义务劳动
94985267426	意与阑珊
949853	医务科
9498542698	义务教育
949854269832	义务教育法
9498543	一序列
949854326	恣无忌惮
94985464736	一语惊人
949854649464	一语惊醒
94985466364	以誉进能
9498548	习于久|子午流
949858	疑无路
949858654	贻误军机
94986	一尊|一座|习作|依循|咨询|喜讯|意蕴|疑云|移樽|紫云|细作|自尊|译作|资讯|遗作|遗训|遗韵
949862466424664	疑云重重
94986248	咨询处
9498624826524	喜讯传来
9498626646464	自作聪明
9498626968	子午卯酉
94986326626	自寻烦恼
949863426	咨询点
9498637968	自左而右
9498638265426	自寻短见
949863867464	自作多情
949864266426	细雨绵绵
94986426944	逸韵高致
94986484	咨询会
949865435464	一坐皆惊|一座皆惊
94986543736	自作解人
949865465464	一坐尽惊
949865467464	一坐尽倾
949865485426	移樽就教
949866269426	疑云难消
9498663648	自作门户
949867458	自寻死路
94986824	咨询台
9498693	咨询业
94986943	咨询者
94986946	自尊心
949869464	紫云英
949869474	一坐一起
94986947468	自作自受|自做自受
9498694894264	自作主张|自做主张
94986968	亿左右
949869826	咨询员
94986986	一座座
9498726326	一隅三反
9498736	义乌人|义务人
9498744	依序是|医务室|紫玉石
9498744248	一无是处
949874494	易于拾遗
94987482644826	一语双关
9498749436	异玉奇珍
94987633	一语破的
9498766454	贻误戎机
94987826	子午圈|益物权
949878624264	一无所长
949878624364	一无所成
949878633	一无所得
9498786486	一无所获
94987866364	一无所能
9498786744	一无所恃
9498786748	一无所求
949878678	一无所取
9498786936	一无所闻
9498786944	一无所知
9498786968	一无所有
9498789464	以鱼驱蝇
94988426942	疑误天下
949892	西徐亚
949892498	一误再误
94989262426	溢于言表
9498926924	溢于言外
949893474264	以誉为赏
949893494264	倚玉偎香
949894	子午仪|西语系
94989426	子午线
949894364	抑郁症
949894434	一隅之地
94989445426	一隅之见
94989445464	艺无止境
94989447486	一隅之说
94989454	自足自给
9498946424364	习与性成
94989466434	一语中的
949894664736	一语中人
9498946647436	贻误终身
949894744	一五一十
94989826	亿余元
9498982694664	义无旋踵
949898543	易于误解
949898736	自误误人
949898968	子虚乌有
9622	握把
962264	窝藏
962264486946	窝藏祸心
96226634	卧蚕眉
96234	我辈
962426	窝巢
96243	卧车
962464	卧病|我爱你
9624664	涡虫
96248264	卧床
962482642874	卧床不起
962486	龌龊
962637	沃波尔
962826	卧不安
96282694	卧不安席
9628269436	卧不安枕
96323364	沃达丰
96323364466474	沃达丰公司
96326	卧倒
963264	卧房|我党|我方
9632692434	卧倒在地
96328828	握发吐哺
9634	卧底
963426	窝点
9636	卧佛
96366498234	窝洞预备
963674	卧佛寺
963738	沃尔夫|沃尔弗|沃尔福
9637386	沃尔顿
96373874226	沃尔夫斯堡
963743546	沃尔格林
963752	沃尔卡
96375383	沃尔科特
963762	沃尔玛|沃尔马
963783	沃尔特
96378343	沃尔特河
963796	沃尔沃
96386	沃顿
96426	蜗杆
964264845464	握纲提领
9643	涡河
964822645664	卧虎藏龙
96484	我会
9648494742	卧轨自杀
964858	卧虎居
96486	我国|窝火
96526526	我看看
96542	我俩|我家
9654264	涡桨
9654269685426	我见犹怜
9654326	窝里反
9654368	窝里斗
96544364	窝里横
965453	沃里克
96546	握紧
965467826868	握紧拳头
965474	沃利斯
96548	涡流
965664	卧龙
9656644264	卧龙岗
96568	倭寇
9658	卧具|莴苣|蜗居
96586	我军|沃伦|涡轮|窝轮|蜗轮
9658643	沃罗格
9658654	涡轮机
9658664374	沃罗涅日
966264	窝囊
966264334	窝囊废
96626474	窝囊气
96636	我们
9664224	庸才|总裁|用材|综采
96642245426	总裁兼
9664224546	用材林
9664224664	总罢工
9664226	总参|拥抱|用餐
966422666828	总参谋部
966422666894264	总参谋长
9664226943	拥抱着
9664234	永备
96642343774	拥被而起
966423454	永贝里
966424	宗祠|总比|永磁|用笔|用词
96642426	总产|总编|涌潮
966424264	总厂|永昌|用场|纵长
9664242654	总编辑
9664242654264	总产量
96642426944	总产值
966424283264	用词不当
9664243	永别|用车
966424364	总成|总称|永城
96642436454	总成绩
9664244	泳池
96642464	总兵|用兵
96642464787436	用兵如神
96642464926568	拥兵玩寇
96642464944326	用兵之道
966424649448	拥兵自固
9664246494744	用兵一时
9664246494934	拥兵自卫
966424649494664	拥兵自重
9664248	涌出|用处
966424826	永川
9664248428948	永垂不朽
96642486	永春
96642494654264	用鼻音讲
966426	永安|纵波
966428	总部|永不|用布
966428234726	永不背叛
9664282426946	永不变心
96642833654	永不分离
9664284826	用不惯
9664286	永存
96642866643	永不磨灭
96642874264	用不上
9664287426546	纵步前进
966428926224	永不言败
96642892674	永不言弃
966428936	用不闻
966428942645426	永不相见
966428943	用不着
96642894626	永不自满
96643	总额
966432	宗法|用法
96643233	宗大德
9664324	拥戴
966432454	总代理
966432466494826	永达工专
9664326	用到|甬道
96643264	宗方|用房
9664326433649426	用方风险
96643264749664	用当其用
966432649436	总方针
96643274866464	用法说明
966432944626	用法指南
9664334	总得|用费
96643345247486	总得来说
966433474736	用非其人
966433478624264	用非所长
966433524526	总的来看
9664335247486	总的来说
966433526	总的看
966433526524	总的看来
9664336	总分
96643364	永丰|永登
966433649445426	纵风止燎
96643374264	用得上
9664337486	总的说
9664337486524	总的说来
966434	用地
96643426	总店|用典|用电
96643426468	用钓钩
9664342654264	用电量
96643464	永定
9664346443	永定河
96643464636	永定门
96643464636924	永定门外
96643474644364	用地平衡
96643664	涌动
966436643869826	勇动多怨
9664366454	永动机
966436649826	总动员
9664368	勇斗
966436832488	勇斗歹徒
9664377868	庸耳俗目
966437926944	总而言之
96643798668	勇而无谋
966438	总督|拥堵|永福|用度
96643838	总督府
9664384	总队|纵队
966438494264	总队长
9664386	勇夺
9664386934	总吨位
96643893736	总负责人
9664426	勇悍|勇敢
966442624369486	勇敢沉着
966442633736	勇敢的人
96644264	总纲|总行
966442674269426	勇敢善战
9664426943	勇敢者
966442698934	勇敢无畏
966443	总和|永合|永和|纵隔|综合
966443248	综合处
96644332	综合法
96644332983	综合大学
9664434	棕黑
9664434664	雍和宫
966443482	综合化
96644348654	综合国力
966443534	综合类
966443549664	综合利用
966443568	综合楼
96644364	永恒|纵横
9664436422443	纵横捭阖
9664436424424364	纵横驰骋
96644364248267486	永恒传说
96644364282426	永恒不变
9664436452443	纵横开合|纵横开阖
96644364542	纵横家
966443645426286	纵横交错
9664436454264826	纵横交贯
966443645426944	纵横交织
9664436464744	综核名实
96644364826	纵横谈
966443648426942	纵横天下
966443649464	永恒性
966443649478	纵横自如
966443724	综合派
9664437246464	综合排名
96644374	综合司
96644384	综合体
9664439426	综合消
96644394354	综合者理
96644394364	综合征|综合症
96644394454	综合治理
9664439464	综合型|综合性
96644398	综合语
96644664	佣工|总共|总工|总攻|棕红|用功|用工
9664466424364744	总工程师
96644664484	总工会
9664466448638	用功过度
9664466454	宗弘历
9664466473	棕红色
9664466474	总公司
9664466474524	用功起来
9664468	总后
96644683264	总后方
966446874628	总后勤部
966448	拥护|永固|用户
9664482	永华
96644824	咏怀
9664482436498	用户程序
9664482458	用户词库
96644826	总管|纵观|纵贯|综观
96644826326	纵贯道
966448264	棕黄|用光
96644826434	宗皇帝
96644826473	棕黄色
9664482684358	纵贯铁路
966448326584	用户反馈
966448336458	用户登录
9664484	总会|总归|总汇|永徽
9664484847426	纵虎归山
9664485436426	用户界面
9664486	用活|纵火
966448626	纵火案
9664486326	纵火犯
9664486464	用户名
966448658264	纵火狂
96644867426	纵火烧
9664486984	纵火罪
966448748	用户数
966448943	拥护者
96644894474264	用户至上
966448945426	用户意见
96644894823	用户注册
96644898748	用户需求
96645222	宗喀巴
9664524	用来
9664524966478	用来用去
9664526	总揽|慵懒|纵览
9664526327826	总揽大权
96645264	永康|涌浪
9664526782658	总揽全局
966453	永乐
966454	勇力|总机|总理|总计|总集|拥挤|永利|永历|永济|用力|踪迹
9664542	总价|永嘉
96645426	宗教|总监|永建|泳联|用料
9664542628	总监部
966454264	宗匠|总量|用量|甬江|邕江
96645426482	宗教画
96645426543	宗教界
96645426744	宗教史
96645426868	总教头
9664542688	宗教徒
96645426944	总监制
96645426944426	总角之好
966454269464	宗教性
96645426983	宗教学
96645428526	拥挤不堪
9664542944	总价值
9664543	总结|纵裂
96645432436586	永劫沉沦
96645434	永历帝
9664543484	总结会
96645438	总理府
96645438664946	永结同心
96645439464	总结性
96645448638	用力过度
96645454264	宗李谅
9664546	佣金|拥进|涌进|用劲|用尽
9664546326432	用尽方法
96645464	永靖|纵令
966454644826	总领馆
9664546454	总经理
96645464744	总领事
966454647444826	总领事馆
966454694654	用尽心机
9664547426	宗李乾
96645478	永济渠
96645478668	用计铺谋
9664548	永久|涌流|纵酒
966454824843	永久磁铁
9664548482	永久化
966454854264	总流量
96645489464	永久性
9664549426	永吉县|永济县
9664549432	用力一打
966454944	宗李治
96645494724	用力一拍
9664549474	用力吸气
96645664	总控
966458	庸碌|总局|棕榈|用具|用率|甬路|痈疽
9664583	永诀
9664583724	总决赛
96645853	棕榈科
9664586	总括|总论|拥军|纵论|综括
966458624646	拥军爱民
9664586968748	拥军优属
966458748	棕榈树
9664589426	总路线
966458968	棕榈油
9664626	用脑|鬃毛
9664626248638	勇男蠢妇
96646364	勇猛|总能
96646364486426	勇猛果敢
96646364486736	勇猛过人
966463645464546	勇猛精进
9664636474269426	勇猛善战
966463649447426	勇猛直前
96646426	宗庙|永年
9664642654	总面积
96646464	永宁|永明
9664646474	永宁寺
966464649426	永宁县|邕宁县
966468	总目|纵目
966468749264	纵目四望
96646898269264	纵目远望
9664724	宗派
966472494894	宗派主义
9664726	纵然
96647264263364	勇攀高峰
966473	壅塞|拥塞|棕色
9664736	佣人|庸人|用人
9664736283264	用人不当
96647362894	用人不疑
966473638	宗人府
96647364826	用人观
9664736568	总人口
9664736944326	用人之道
966473694726	庸人自扰
966473698	总任务
96647369894	用人勿疑
966474	勇气|涌起
96647426	用膳|用钱
966474262294	总瓢把子
966474264484	总商会
966474264786748	综上所述
96647426787484	用钱如水
9664743	宗社|总社
96647436	宗神|纵深|纵身
96647436248	纵深处
966474364	永生|永胜
96647436426	纵深感
9664743649664744	永生永世
966474369464	纵深行
9664744	勇士|宗室|宗师|总师|总是|永世|纵使
96647446269264	永世难忘
96647449874664	永世无穷
96647452454264	总起来讲
9664745247486	总起来说
9664745464	总司令
966474546428	总司令部
9664746	宗亲|用品
96647464	总评|永平|永清|纵倾|纵情
966474644324264	纵情歌唱
966474647436473	纵情声色
9664746478498	纵情遂欲
966474649426	永清县
96647468	永寿
9664746878	总收入
9664746894264	用手掌
96647474498	勇气十足
96647478624264	用其所长
9664748	总数|总署|用书|综述
96647484	用水
9664748454264	涌水量|用水量
966474854	总书记
96647486	永顺
9664748648	总枢纽
96647498	总鳍鱼
96647664	纵容|雍容
966476642876	雍容不迫
966476643238	庸容大度|雍容大度
96647664342692	雍容典雅
96647664482484	雍容华贵
966476649228	雍容雅步
96647664942692	雍容闲雅
96647686426	纵剖面
966478	宗谱|庸俗|总谱|拥入|涌入
96647826	总算|涌泉
966478482	庸俗化
9664789264944	纵曲枉直
96648	蜗牛
9664824	总台|永泰
9664826	咏叹|泳坛|纵谈
96648263426	咏叹调
966484	总体
9664842694634	用天因地
9664842694664326	勇挑重担
966484368	宗铁穆
96648437926	总体而言
96648452432	总体开发
96648464946643426	永停终点
9664849426	总体战
9664849464	总体性
96648664	总统
9664866438	总统府
966486645464	总统令
96648664944	总统制
9664868546226	用头巾包
966488	总图|用途
966492474423	永载史册
9664924942426	用在一朝
966492494744	用在一时
9664926	用药
966492649426	枞阳县
966492649447426	勇往直前|永往直前
966492654264	用药量
9664926926	宗完颜
9664926926494	宗赞王子
966492696649464	庸言庸行
966493	总则
9664934	勇为
966493454	总危机
9664934942	宗维侠
96649358	宗耶律
966493585664	宗耶律隆
9664936	纵纹
966494	宗子|庸医|泳衣|用以|用字|用意|粽子|综艺|雍熙
96649426	总校|总站|总线|涌现|纵线
966494264	总帐|总长|纵向
96649426468	宗赵构
96649426474354	纵向设计
966494267464	宗显庆
966494283264	用字不当
9664943	勇者|用者
966494324526	用逸待劳
966494324826	综艺大观
9664943264744	用一当十
96649432858	勇者不惧
96649433464	总协定
96649436	永镇
966494364	宗正|总政|雍正
96649436424646	拥政爱民
96649436494428	总政治部
966494369826	宗贞元
966494374364	勇者胜
9664944	宗旨|总之|总值|总支|用纸|综指
9664944248	总支出
966494428	总支部
966494428543	用之不竭
9664944289264	永志不忘
96649443924	用意何在
9664944484	总指挥
966494448428	总指挥部
966494478668	用智铺谋
966494498646	用之于民
96649454368	综艺节目
9664946	永新|用印|用心
966494638	用心读
96649464	永兴|用刑|踪影
96649464326	永兴岛
9664946494	总星系
966494649426	永兴县
9664946526	用心看
96649465426458	用心良苦
966494654354	用心竭力
966494664	宗兄|棕熊|永中|甬钟|臃肿
96649468	永州|纵轴|雍州
96649468464	用心听
9664946846454264	用心听讲
96649469426	永新县
966494694263	用心险恶
9664946966494	用心用意
9664947426	综艺片
9664948	宗主
9664948264	总装|泳装
966494826423428	总装备部
966494826448298	总状花序
966494838	宗主督
9664948468	宗朱厚
9664948486	宗主国
96649487826	宗主权
966494893	宗主爷
966494894	宗朱翊
966494934	总以为
9664949826	总医院
966496645858	庸庸碌碌
966496649874664	永永无穷
9664968	拥有|棕油|用友|用油
966496854264	拥有量
966496858	拥有率
96649687826	拥有权
9664968943	拥有者
9664968948426	总有一天
966498	勇于|勇武|宗族|总务|永续|用于|用武|用语|纵欲
966498248	总务处
966498248264946	勇于创新
96649826	总院|永元|永远
96649826338664	永远的痛
96649828	总务部
9664983	用学|用血|踊跃
96649832626	拥雾翻波
966498524886	勇于开拓
96649854678	勇于进取
9664986	用作|用做
96649862426	纵坐标
966498736286	勇于认错
966498747464	勇于批评
9664987826	总预算
966498826786	勇于探索
96649894434	用武之地
9664989445464	永无止境
966498948944	永无休止
9668	倭奴
967364	窝棚
967426	涡扇
9674364	我省
967437448	握蛇骑虎
96744	卧室|卧式|我市
967468	握手
967468326243	握手道别
96746892643	握手言和
9674689264826	握手言欢
96749448	卧旗息鼓
9678	卧铺|窝铺
967826	握拳
9678268689426	握拳透爪
96782686894264	握拳透掌
96786	莴笋
96787426	卧铺票
96787448264	握素披黄
9682	卧榻
968224	油彩|油菜
968224426	有才干
968224482	油菜花
96822494	油菜籽
968224968744	有财有势
968226	右半|奏报|幽草|游伴|邮包|邮报
968226336498	有暴风雨
9682264	友邦|油藏
968226968926	有板有眼
9682296	有把握
96823	右侧
968234	有悖
96823437524	有备而来
968234724	尤杯赛
96823498	有悖于
968234984826	有备无患
968236	奏本
9682364	油层|油泵
9682369689826	有本有源
96824	友爱|右臂|幽闭|由此|诱逼|走避|釉瓷
968242	油茶
9682424	邮差
9682426	右边|有变|游遍|诱变|走遍|邮编
968242633693	游标分页
96824264	悠长|有偿
968242643568	有潮河口
96824264948267264	有偿转让
968242649683826	有长有短
968242652244	游标卡尺
968242654354	有产阶级
96824265454	由表及里
968242693454	忧谗畏讥
9682426943	有产者
96824269474	有朝一日
968243	有别|邮车
968243224	有词打词
96824364	又称|有成|游程
968243642264	由城邦
96824364744	邹城市
9682436494264	右丞相
9682436494548	由承已久
96824387486	游辞浮说
96824398	有别于
968244626334	有翅难飞
96824474343	有耻且格
96824482	渥太华
9682448269426	有碍观瞻
968244826944	由此观之
96824496824826	有吃有穿
96824496843	有吃有喝
96824526524	由此看来
96824535426	由此可见
968245394364	由此可证
9682453944	由此可知
968245424	由此及彼
96824546	由此进
9682464	油饼
9682464582686894	有病乱投医
96824649426	有病找
96824664	幼虫
9682468	忧愁
968246824226	有仇必报
968246896824264	又臭又长
968248	幼畜|幼雏|走出|邮储
96824826	油船|游船|邮船
96824826492654	有创造力
968248264946426	又创新高
9682486	邮戳
968248688	游春图
96824943646464	由此证明
96824947486	有此一说
9682494968926	有鼻子有眼
968249683264	游必有方
9682496872	又爱又怕
9682498	有碍于
96826	右岸|幽暗
96826234	尤伯杯
96826234724	尤伯杯赛
9682624226	有案必办
9682624242	有案必查
9682628226	有案不办
968262854	有案不立
96826326983	由博返约
9682648	由博古
9682653242	有案可查
968265354	有案可稽
9682674	邹伯奇
96828	油布|诱捕|走步
9682833	由不得
968283364	由不得你
968283664	走不动
9682848678	走不过去
968286	犹存
96828624548	有错必纠
9682862482648	走村串户
968286548424	有错就改
96828693424	有错则改
968289468	有步骤
96832	奏法|犹大|诱发|走法|邮发
968322494	有法必依
968322894	有法不依
96832326984	诱发犯罪
968324	优待|有待
96832498	有待于
96832523443	幼发拉底河
968325394	有法可依
968326	诱导|走道
9683264	右方|有方|油坊|游方|游荡|走访
9683264243586	又当别论
968326428484	游荡不归
96832642854	游荡不羁
96832643426242	走访调查
968326454264	油当量
9683264948	有房住
968326744	有道是
968326968744	有胆有实|有胆有识
96832698946	有犯无隐
9683296862	又打又骂
968329689426	有大有小
9683332645426	有的放箭
968334	友非|邮费
96833426	邹德浩
968336	忧愤
9683362436454	忧愤成疾
96833626	走得慢
968336286	有分寸
9683364	优等|油灯
968336474364	优等生
9683364968482	有风有化
968336496898	有风有雨
96833696843	有分有合
9683374364	尤得胜
96833744	有的是
96833943	有德者
9683394826	有得赚
96834	有底|诱敌|走低|邮递
9683426	优点|有点|走掉|邮电
968342628	邮电部
9683426326	有点烦
968342637	有点儿
968342658	邮电局
9683426786	邮电所
968342693	邮电业
9683432	诱敌法
968343264744	有的放矢
96834743678	诱敌深入
968349426	油地毡
968349426748	诱敌战术
968349826	邮递员
968349896	有敌无我
9683664	游动|走动
968368	有否|游斗
96836898744	右都御史
96837	右耳|幼儿|诱饵
96837542698	幼儿教育
96837543	尤二姐
9683774	幼儿期
968379826	幼儿园
96838	优抚|有毒|走读
9683848498	又复归于
968386434	有多黑
9683874364	走读生
968387484	有毒气体
96838866494264	有福同享
9683894438	有夫之妇|有妇之夫
96838946649264	有负众望
9683898	由父祖
968389834	走伏无地
968424	有害
9684247436498	有害生物
9684249854	有害无利
9684249894	有害无益
968426	友好|有感|油耗|油膏|走高
9684263364546	油干灯尽
9684263732	有感而发
9684264	油港|油缸
968426474	走钢丝
968426486546	油干火尽
968426526	油橄榄
9684269264	邹高阳
96842696832	又高又大
96842696834	有高有低
9684269684824	有好有坏
96842698	有感于
968432853	有何不可
968434	油黑|黝黑
968434265426	有何高见
9684342694264	有何感想
96843484426	有何贵干
9684354265426	有何见教
968435664	由贺龙
96843642668	有何面目
9684364946	有恒心
96843696834	有根有底
96843696858	有根有据
968438324264	有何特长
968439445426	有何指教
968439494	有何意义
9684396898	游戈有余
9684664	有功|油工|走红
968466478542	忧公如家
96846649247436	有功在身
9684664926474	忧公忘私
9684664943	有功者
96846649442436	有功之臣
968466496894826	又红又专
968468	优厚|右后|走狗|邮购
968468636	走后门
96846863637	走后门儿
96848	幽谷|游湖
968482	优化|油滑|油画
9684824	诱拐
9684824267486	有话好说
968482453	又坏了
9684824984	诱拐罪
968482542	油画家
9684825482464	走花溜冰
9684825487484	走花溜水
9684826	忧患|攸关|有关|油管|油罐
96848264	幽光|油光|游逛
96848264535426	油光可鉴
968482646266426	油光满面
96848264926474364	游光扬声
968482649687468	又黄又瘦
96848269426	有管腺
968482694744	忧患意识
9684826984664	忧患与共
96848269874364	忧患余生
968482746454264	有话请讲
9684829267486	有话要说
9684829447486	有话直说
968484	优惠|幽会|有悔|有轨|有鬼|油灰
96848432498	优惠待遇
968484326	又会到
9684843426243	有轨电车
96848446649464	优惠供应
96848448267484	优惠关税
9684844863664	优惠活动
96848452	优惠卡
968484524	游回来
96848458	走回路
9684846694826	游回磨转
96848478	游回去
968484868	走回头
96848486858	走回头路
968484924	又会在
968484968	又会有
968486	幽魂|有货|油锅|游魂|诱惑|走火|走过
96848624264	走过场
96848624646	忧国哀民|忧国爱民
96848633644664	忧国奉公
968486524	游过来
96848654	诱惑力
968486626868	有国难投
96848678	游过去
96848678336	忧火如焚
96848678542	忧国如家
9684867866	走火入魔
968486926474	忧国忘私
96848692647436	忧国忘身
96848693424	有过则改
968486944	有过之
96848694448264	诱惑之光
968486944982854	有过之无不及
968486968646	忧国忧民
96848868	有骨头
968489445426	悠忽之间
968524	奏凯|由来|走开|走来
96852494548	由来已久
96852496878	游来游去|走来走去
9685249689264	有来有往
96852498	有赖于
96852498484	有来无回
968526	幽兰|有劳|游览
968526243	游览车
9685262436454	忧劳成疾
9685263426	游览点
9685264	游廊|走廊
96852664264	尤老娘
96852678	游览区
9685269687426	有老有少
96852826	尤卡坦
96852826226326	尤卡坦半岛
96853	游乐|游客
9685324264	游乐场
968534	油类
9685354264	游客量
96853649685426	有棱有角
96853736	邹可仁
968537426	有了钱
9685394428	游客止步
968539826	游乐园|邮科院
96854	右击|尤里|有利|有力|有机|有理|游击|游历|游离|游记|邮寄
968542	有假|有加|油价
968542482	邹家华
96854253484	有家可归
9685426	右脚|幼教|油料|邮件|釉料
968542637326	由简而繁
96854264	优良|右江|有奖|油亮
96854264326948	优良单株
9685426448	走江湖
96854264865426	油浇火燎
96854264926	有良言
9685426494294	有两下子
968542649863364	优良作风
968542654	有机玻璃
9685426744	有件事|黝帘石
968542688674	油料脱皮
968542692642486	有脚阳春
968542694	有教益
968542694498	油料植物
968542698	有鉴于
96854269824	有鉴于此
968542698534	有教无类
968542698698	油料作物
968542736	尤甲仁
968542943647826	有价证券
968542968568	有家有口
968542985426	有加无减
96854298744	有价无市
9685429894	有加无已
968543	优劣|游猎|游街
9685432482694264	走街串巷
9685433269826	犹解倒悬
9685433364	有接缝
96854334	有机肥
968543345426	有机肥料
96854336744	有理分式
9685435464	走捷径
968543744	优劣势
96854374494664	游街示众
96854384	游击队
968543849826	游击队员
96854396838	有节有度
968543968424	有借有还
968543984826	有借无还
96854426748	有理函数
968544324364	有机合成
9685448243	有机化合
968544824664	有机化工
96854482983	有机化学
96854482983542	有机化学家
9685452	尤里卡
968545324364	有机可乘
968545388	有利可图
96854539826	有例可援
9685453986	有迹可循
96854546	有机磷
9685458	有机氯
968546	友邻|幽禁|有劲|走近|走进
96854628944	有禁不止
96854634	有林地
968546379826	由近而远
9685464	优伶|幼龄|幽灵|幽静|油井
9685464289464	有令不行
9685464549464	有令即行
968546496894	又惊又喜
9685464989426	有惊无险
968546549826	由近及远
96854658	走近路
968546968248	有进有出
96854698884	有进无退
968547265426	有机染料
96854744	有理式
96854748	有理数
9685478	游击区
968547826	有机酸
968548	悠久|有救|油流
9685484	有机体
9685484265426	有利条件
968549249426	有例在先
968549265426	有机颜料
968549426	游击战
96854942694364	游击战争
9685494294	有几下子
96854944	有机质
968549474	尤利西斯
9685496824	有利有弊
9685496853	又饥又渴
96854968542	优礼有加
96854968543	有理有节|有礼有节
9685496858	有理有据
9685498	尤利乌|有利于|有机物
9685498736	有己无人
96854987464	有理无情
9685664	有空
968566424664	有孔虫
9685664744	有空时
9685664744944	犹恐失之
96856649245426	有空再聊
9685664943364	游龙戏凤
968568	走漏
968568336474364	走漏风声
968568543234	有口皆碑
9685686262426	有口难辩
968568626336	有口难分
968568626926	有口难言
968568842654	走漏天机
968568942694	走漏消息
96856898946	有口无心
968568989464	有口无行
96858	右路|幽居|忧惧|忧虑|油库|走路|邮局|邮路
9685824968426	又快又好
9685824968626	有快有慢
96858264	油矿|铀矿
96858264248264	铀矿床
968584	有愧
96858426	忧虑感
9685849447468	有亏职守
9685853242	有据可查
9685853968	有路可走
968586	友军|油轮|游轮|邮轮
9685862436	有君臣
96858626926	有苦难言
968586464926	有句名言
96858968626	又哭又闹
968589689426	又哭又笑
96862	走马
96862326736	走马到任
968623364	走马灯
9686238736	走马赴任
968624	莜麦
968624242674464264	有奶便是娘
968624826482	走马观花
96862482654264	走马换将
96862526482	走马看花
968625464	走马岭
968626248264234	走南闯北
96862632694	由难到易
96862686643264	有难同当
9686269426	油毛毡
9686274	尤纳斯
9686274264736	走马上任
9686294264824	走马章台
968634	优美|幽美
96863437924	由内而外
96863448265464	优美环境
968634542	优美加
96863468	有眉目
968634968	有没有
968636	幼嫩|幽门|忧闷|油门
9686362482648	走门串户
968636326	有门道
96863637	有门儿
9686364	优孟
968636474264736	忧能伤人
96864	油泥|油腻
9686426	右面|幼年|幼苗|釉面
968642698983	有年无月
968643464	由你定
96864426	油腻感
968646	游民
9686464	又名|幽冥|有名|油腻腻
968646474	有名气
968646478	奏鸣曲
96864649264744	有名亡实
9686464968744	有名有实
96864649689464	有名有姓
968646498744	有名无实
96866	幽默|油墨|油膜
96866426	幽默感
968669689264	有模有样
96868	幼女|柚木|游牧|窝头
96868243644826	游目骋观
96868244	由藕池
96868466438	有目共睹
9686846645426	有目共见
96868466474264	有目共赏
9686848242486	有女怀春
96868646	游牧民
96868736	游牧人
968689838	有目无睹
968724	右派
968726	悠然|有染|油然|走散
9687263774364	油然而生|由然而生
96872649687468	有胖有瘦
968726543	尤三姐
9687269433	悠然自得
968726968542	有三有俩
96873	忧色|有色|釉色
968732654	有色玻璃
96873546748	有色金属
968736	友人|右衽|有人|游人|诱人|走人
9687362269664	由人操纵
96873633694	游人分析
9687363426242	游人调查
96873649498263264524	有朋自远方来
96873678944	游人如织
96873696898	游刃有余
9687373694664	有色人种
9687392648264	有色眼光
968739265464	有色眼睛|有色眼镜
96874	右旗|尤其|幽僻|忧思|忧戚|油气|油漆|游丝|游憩|走私
968742	油砂|诱杀
968742264	油气藏
9687424826	走私船
9687426	友善|右前|有篇|有钱|诱骗|走俏|邮票
96874263264	右前方
968742633	有善德
968742636898744	右佥都御史
96874264	右上|忧伤|有伤|游赏|走上|走强
96874264224	釉上彩
968742643264	右上方
968742643364482	有伤风化
9687426437942	由上而下
968742644823426	油腔滑调
968742645426	右上角
9687426494264942	由上向下
9687426494364484	走上正轨
96874264944942	由上至下
9687426736	有钱人
9687426787436	由浅入深
96874269265464	游山玩景
96874269267484	游山玩水
9687426968482	有牵有挂
9687426968744	有钱有势
96874269687484	有山有水
96874269689426	有钱有闲
9687429426748	诱杀战术
96874326	走私犯
9687432674	走私贩私
96874336543	有丝分裂
9687436	幽深|有神|走神
96874364	优生|优胜|有声|有生
96874364226	有声版
9687436434269464	有声电影
968743643774824	由盛而衰
9687436454264	优胜奖
96874364543224	优胜劣败
96874364543824	优胜劣汰
968743645454264	有声力量|有生力量
9687436463474	有声没气
968743647426	有声片
96874364748	有声书
968743649346464	忧盛危明
96874364943	优胜者
968743649446426	有生之年|犹生之年
9687436494524	有生以来
9687436496873	有声有色
9687436496898	优生优育
96874364983	优生学
968743649874	有声无气
9687436498744	有声无实
9687436586	有神论
9687436749826	忧深思远
968743785426	由奢入俭
968744	优势|幼时|有事|有失|有时|油石|油饰|游士|由是|诱使|走势|走失|走时
96874424364946	有失诚信
96874433694	油势分析
9687444664986	有失公允
968744468	有时候
9687444828	优势互补
968744634744	有事没事
968744848664	有失体统
96874488	走势图
968744934	尤世威
9687449426	尤氏笑
96874494264748	有事相求
968744944744	有识之士
968744944748	有事之秋
96874494494664	由始至终
96874494524	有史以来
96874494664786	优势种群
96874496894664	有始有终
96874496898	有始有卒
96874498269464	有失远迎
968744985664	有恃无恐|有恃毋恐
9687449894664	有始无终
9687458524	走起路来
968746	油品|邮品
9687463264968	走亲访友
9687463454	有气没力
9687464	友情|右倾|幽情|有情|油瓶
9687464539826	有情可原
9687464736	有情人
968746473694664	有情人终
968746496858	有凭有据
968746496894	有情有义
9687468	右手|走兽
96874684269426	游手好闲
96874688689426	游手偷闲
9687473	有起色
968748	奏疏|幼树|有数|有求|鼬鼠
968748249464	有求必应
9687482643364	有双凤
9687483	尤斯特
9687484	油水|游水|游说|走水
968748426	油气田
9687484524	由谁来
96874869689426	有说有笑
96874889464	有期徒刑
96874898	有求于
96874898736	有求于人
96874926494264	游思妄想
968749347426	油漆未乾
968749837	有死无二
96874984	走私罪
9687498484	游骑无归
968749854	有气无力
9687498926	有气无烟
9687664	忧容|油松|邹容
968766454354	有溶解力
968766462432	有容乃大
9687684823826	优柔寡断
96878	有如|有趣|油区|犹如|走入
9687826	有权|油酸
9687826968744	有权有势
9687833426	优缺点
9687837	有趣儿
9687838	优素福
968784	幽邃
968786	有所|有损
96878624264	有所长
968786248264926	有所创造
968786288664	有所不同
96878628934	有所不为
96878628944	有所不知
96878632674264	由弱到强
968786424546	有所改进
9687864247426	有所改善
96878674	有所思
9687867426546	有所前进
96878684426	有所提高
9687868876	有所突破
968786934	有所为
9687869364542	有所增加
96878694454	有所致力
9687869486234	有所准备
96878698	有损于
968786986934	有所作为
9687869894	有损无益
9687874364	邹普胜
968787436948	有如神助
9687898484	有去无回
9687898524	有去无来
96878987436	有屈无伸
9688	沃土
96882	犹他
968824	犹太
968824486	犹太国
9688245426	犹太教
968824542688	犹太教徒
968824736	犹太人
968824824	邹太太
968826	釉陶
968826336	邹韬奋
968826944	游坦之
96882698436	游谈无根
9688278	由他去
968829468	犹他州
96884	幼体
9688426	油条|油田
968842628936	有条不紊
968842637	走调儿
96884263754264	由天而降
968842654	有条理
968842663474	有天没日
968842696854	有条有理
96884269874	有天无日
96884534	有蹄类
9688464	游艇
9688664	幼童|油桐|油桶|邮筒
9688683366426	油头粉面
9688684825426	油头滑脸
96886863458	走投没路
968868634626	有头没脑
968868634934	有头没尾
9688689685426	有头有脸
968868968626	有头有脑
968868968934	有头有尾
9688689858	走头无路|走投无路
96886898626	有头无脑
96888	右图
968884	右腿
96892	优雅|幼芽|幽雅|油压
968924968924	优哉游哉|悠哉悠哉|悠哉游哉
968926	右眼|右腕|幽燕|有研|油烟|油盐|游玩|蚰蜒|走眼|邹衍
96892628744	有眼不识
968926287448247426	有眼不识泰山
96892637326	由檐而繁
9689264	悠扬|有望|有氧|走样|酉阳
9689264968524	有往有来
96892649839264	有样学样
96892654	有眼力
9689265426428	油盐酱醋
96892658	走弯路
9689269249426	有言在先
968926968224	又摇又摆
96892698948	有眼无珠
96893	有责
968934	右卫|尤为|幽微|有味|有违
968934242647464	有违常情
96893424944	有则改之
9689347426423	走为上策
9689347426454	走为上计
96893474264943	走为上着
968934934926	犹为未晚
9689349687468	有为有守
9689362432	有问必答
9689364985426	有增无减
968936498786	有增无损
96893649894	有增无已
9689368874	尤文图斯
9689368874384	尤文图斯队
96893696832	有问有答
968936989464	有文无行
96893926	油页岩
96894	优异|友谊|右翼|奏议|幼子|有喜|有意|有戏|有益|柚子|油渍|游医|游子|游弋|游息|游戏|游移|游艺|游资|犹疑|邮资
968942	油榨|油炸|游侠
9689423264	右下方
9689423774264	由下而上
968942426	走一遍
968942436454	优异成绩
9689424364826	游戏尘寰
968942524	游下来
9689425426	右下角
9689426	优先|优闲|右舷|奏效|幼小|悠闲|攸县|有效|有线|有闲|有限|邮展|邹县
968942624364336	有效成分
968942632632	由小到大
9689426329426	优先发展
9689426336643	有效分蘖
96894263426	有线电
96894263426482	有线电话
96894263426744	有线电视
96894264	右掌|奏响|奏章|幽香|油箱|油香|诱降|走向|邮箱
968942642482648	走乡串户
9689426428986	有章不循
9689426453986	有章可循
9689426466474	有限公司
9689426468624	优先购买
968942647426524	走向前来
96894264742678	走向前去
968942648	优先股
96894264826426	有线广播
968942648298	有限花序
96894264968244	有张有弛
968942654	优先级
968942658	有效率
9689426682426	有限目标
968942674	有效期
968942674324364	有效射程
968942674894	有效数字
96894267826	优先权
96894268664	有线通
9689426885464	有效途径
9689426926454	优贤扬历
9689426934748	有效位数
968942693638	有效温度
968942693736	有限责任
968942694	有效字
9689426942648	优先照顾
96894269426748	有限小数
96894269433	悠闲自得
9689426944	有效值
96894269464	有效性|有限性
968942694924	悠闲自在
9689426968468	有先有后
9689426982632	有限元法
9689426982693	优先选择
968942698944	幼小无知
9689427658	走下坡路
96894283464	游戏补丁|游移不定
9689428583	犹疑不决
9689429426474264	由下向上
968943	友协|奏折|有些|有着|游者
96894326526	游资泛滥
96894326626	由易到难
9689433426	悠着点
968943364	友谊峰
968943394	有一得一
96894364	邮政
96894364242662	邮政编码
9689436458	邮政局
96894364786	邮政所
96894364989426	有征无战
9689437426	走着瞧
9689437626	由易而难
968944	优质|幼稚|有志|有治|油纸|油脂|油质|釉质
9689442464	幼稚病
968944289246426426	有志不在年高
96894448	犹之乎
96894454645426	油脂精炼
968944726	油纸伞
968944826	友谊关
9689448336	友谊股份
968944842693	有枝添叶
968944943	有志者
968944943744	有志者事
968944943744546424364	有志者事竟成
968944944744	有志之士
9689449454	诱之以利
968944948664	有志一同
9689449687826	有职有权
96894496893	有枝有叶
96894498	有志于
9689449824	有志于此
9689449826	幼稚园
96894498744	有志无时
968944987826	有职无权
968945324364	有隙可乘
9689454	游戏机|游艺机
9689454265264	有益健康
96894546	邹逸麟
968946	忧心|有心|油印|诱因|诱引
9689462466424664	忧心忡忡
9689464	有幸|有形|有性|油性|游兴|游行|走形
96894642437	游心骇耳
96894645664	邹应龙
968946474364944	有性生殖
9689464786426	有形损耗
9689464925426	有性杂交
9689464942426	有形资产
96894649873	忧形于色
968946498744	有行无市
96894654	有心力
9689465424264	有心力场
96894664	优种|有种|由衷
96894664426943	由衷感谢
9689466448	有种乎
96894664736	有种人
96894664944926	由衷之言
968946736	有心人
968946736744	有心人士
96894674336	忧心似焚
96894678336	忧心如焚
968946789464	忧心如醒
9689468	右肘|幽州
9689469347426	有心为善
968946968548	有新有旧
9689469687464	有阴有晴
96894696894	有心有意
9689469854	有心无力
96894724	友谊赛|走资派
96894726634	游戏三昧
96894736744	游戏人世
9689474	有意思
96894742	游嬉恰
968947426248	有以善处
96894744	有意识
96894746854	有吸收力
9689478265426	游戏软件
968948	优秀|幼主|有助
968948264	油状
96894826548426	有赚就好
968948464	游戏厅
96894854264	优秀奖
968948623434	有准备地
9689486586	有着落
96894874364	优秀生
968948943	优秀者
96894898	有助于
96894926	走一遭
96894949826	友谊医院
9689496873	有姿有色
96894968934	有滋有味
96894968968	有喜有忧
9689498	有益于
968949837	有一无二
9689498424	有益无害
968949894	有意无意
96896	优渥
9689664	有用|油棕|游泳
968966424264	游泳场
9689664244	游泳池
9689664384	游泳队
96896644826	游泳馆
9689664724	游泳赛
968966494	游泳衣
9689664944224	有用之才
96896649443264	有勇知方
9689664968668	有勇有谋
968966498668	有勇无谋
968968	优游|幽幽|悠悠|悠游|游走|走走
9689682426493	悠悠长夜
968968283464	游走不定
968968283826	优游不断
96896833	悠悠的
968968436	邹侑根
96896843626	又有何难
9689684848	悠悠忽忽
96896848624264	走走过场
968968526526	走走看看
96896853934	犹有可为
968968784983	悠悠岁月
96896884648464	走走停停
9689689264	悠游网
968968926744	悠悠万事
9689689433	优游自得|悠游自得
96896894744	优游自适
9689689478	优游自如
96896894786	优游自若
96896894924	优游自在|悠游自在
96896898784	优游卒岁
9689689898	犹犹豫豫
968969834	有我无敌
9689698736	有我无人
96898	优于|优裕|优遇|尤物|幼鱼|忧郁|有余|有序|有无|有误|油污|游鱼|犹豫|由于|走卒|鱿鱼
968982488464	游鱼出听
9689824926	有无必要
9689826	优选|幽怨|幽远|悠远|有源|有缘|游园
96898262426	邹元标
968982632	优选法
9689826336	有缘分
96898263664	邹远东
96898265426	有远见
96898265426926	有源减噪
9689826742654	有缘千里
96898283464	犹豫不定
9689828583	犹豫不决
96898287426	犹豫不前
968983	优越|奏乐|游学|走穴
968983426	优越感
968983664926	犹豫动摇
9689839249426	有约在先
9689839464	优越性
968983968534	有血有泪
968983968768	有血有肉
968984	有罪|油嘴
96898424548	有罪必究
96898428548	有罪不究
968984482743	油嘴滑舌
968984634743	有嘴没舌
968984634946	有嘴没心
96898482	有序化
9689849447436	有罪之身
968986	走运
968986243586	又作别论
96898654645664	游云惊龙
9689869426	游迅笑
96898694264968	由左向右
9689874524	犹豫起来
96898934583	犹豫未决
96898942648664	有无相通
9689894364	忧郁症
968989464	有序性
96898968768	有鱼有肉
9693	沃野
969344358264	我为歌狂
9693498768	我为鱼肉
9693742654	沃野千里
9694	窝子
96942524	卧下来
969426	我校
9694278	卧下去
9694432653	我知道了
96946	我心|窝心
9694624264326	卧薪尝胆
969464	我行
9694643	沃兹涅
9694649678	我行我素
969466496864	我中有你
9694694548	我心依旧
96948	握住|窝主
969498	我一语
9696	窝窝
96968	握有
9696868	窝窝头
969826	我院|斡旋|涡旋
9698482498	握瑜怀玉
96984986426	我醉欲眠
969866298	握云拿雾
96989349264	我武惟扬
9698943986	握雨携云
9822	五把|五霸|序跋
9822286364	欲罢不能
98224	五彩|五百|育才
98224226526	五彩斑斓
98224246336	五彩缤纷
9822428	五百步
9822432	许财发
9822433	于才德
98224336	五百份
9822433624364	五彩纷呈
9822437	祖拜尔
98224386	五百多
982243866426	五百多年
9822438668	五彩夺目
9822443	五百个
98224468	徐才厚
9822454	五百里
9822454264	五百两
982245824	五百块
982246426	五百年
982246464	五百名
9822472546	五彩洒金
9822474	五百匹
98224926	五百万
9822492654264	五百万两
98224944943	五彩纸屑
9822498	五百余|徐柏玉
982249826	五百元
9822498482	无才无华
98224986426	五百余年
98226	五保|午餐|玉版|瘀斑|舞伴|虚报|预报
9822628744	无般不识
9822632	无报答
98226424494364	鹬蚌持争
982264424	余沧海
982264486	于邦国|吴邦国
9822648	五保户
982264822468	玉惨花愁
98226484	午餐会
98226494264368	鹬蚌相斗
98226494264934	鹬蚌相危
9822649426494364	鹬蚌相争
98226548	无残留
9822654834	无保留地
982266265464	虚报冒领
9822674	郁保四
9822694	乌蚕衣
98226948	吴宝柱
982269826	玉版宣
982269862468	雾惨云愁
982296	无把握
9823	预测
98234	五倍|吾辈|武备|玉杯|祖辈|豫北|预备
98234226	预备班
98234384	预备队
982344664	徐悲鸿
9823494	五倍子|预备役
982349823	无背无侧
98236	愚笨|祖本
982364	五层
982364986	雨层云
9823692654	无本万利
982369468	于本周
98239464	预测性
9824	五次|余次|务必|御笔|无比|无碍|榆次|武比|玉璧|舞弊|虚词|语词|谀词|谀辞|遇刺|郁闭|阻碍|雾霭|鱼刺
98242	误差|鱼叉
98242243	无差别
982422482634	误差传递
98242286	无差错
982426	无产|无边|渔产|物产|玉蟾|畜产|续编
982426248673	无边春色
982426336438	物产丰富
9824263364983	无边风月
98242636	鱼朝恩
9824264	五场|五常|圩场|无偿|无常|武场|武昌|浴场|渔场|狱长|舞场|许昌|鱼肠
982426426	于长安
98242643364	吴长风
9824264466494	无肠公子
9824264484	吴长贵|无常鬼
9824264533826	无肠可断
98242645426	鱼肠剑
982426454264	于长江
9824264744	许昌市
98242647464	吴长庆
98242647486	吴昌硕
98242647494	武昌起义
982426478	武昌区
98242649426	武昌站
98242649426983	无偿献血
982426494694664	语长心重
982426498	武昌鱼
98242649826948	无偿援助
98242654354	无产阶级
98242654354482	无产阶级化
98242658424	无边苦海
98242674	预产期
982426746	渔产品|畜产品
982426786944	物超所值
982426943	无产者
9824269464	五边形
9824269824	无边无碍
9824269854	无边无际
9824269892	无边无涯
98242698926	无边无沿
98242698946	无边无垠
982427464	吴茶清
98242783826	无岔区段
98242944	误差值
98243	五车|租车|组别|鱼鳖
9824326484	五次犯规
98243364	玉笔峰
982436	戊辰|无尘
98243628	无尘布
982436326736	无尘道人
98243632694264	无尘道长
9824363426	无沉淀
9824364	五城|五成|余程|宇称|武城|玉成|组成|育成
98243642264	于城邦
982436428336	组成部分
982436436	吴承恩
9824364634	组成酶
9824364634548	无成没就
98243646643826	鱼沉鸿断
982436474744	玉成其事
982436478	五成谱
982436494	无诚意
98243649436	于城镇
98243649464	吴承瑛
98243649826	组成员
9824364986	祖承训
9824365426	无尘剑
982436744	无尘室
982436926586	鱼沉雁落
98243694	无尘衣
9824374	无车日
98244	五尺|无耻|浴池|羽翅|舞池|鱼池|鱼翅
9824424847364	无耻吹捧
982443	无词歌
98244326	五尺道
9824454237	足尺加二
9824474894	五尺竖子
98244785426	予齿去角
98244847486	虚词诡说
98244866494	五尺童子
98244942548	无耻下流
982449447826	无耻之犬
982449448664	五尺之童
9824494488	无耻之徒
98244944968	无耻之尤
98245268426	虚辞滥调
9824633644826	雨鬓风鬟|雾鬓风鬟
98246426	于祠庙
9824643464	吴丙丁
98246443	徐兵河
9824647436946	无病呻吟
98246494944	无病自炙
982464986664	寓兵于农
98246498744	足兵足食
9824664	五重|鱼虫
98246649436	于崇祯
9824664944	祖冲之
9824664968	五重奏
9824664986	武崇训
98246664936	舞笔弄文
982468	武丑
982468926436	雨愁烟恨
982469864826	雾鬓云鬟
9824744	榆次市
98248	五处|余出|余处|吴楚|御厨|悟出|无处|育雏
9824822647436	无处藏身
9824826	武川|渔船|祖传|租船|误传
982482637	玉钏儿
9824826474264	无创伤
9824826478	误闯入
98248265264	于川康
9824826643264	祖传秘方
982482694	武川西
9824828924	无处不在
982483426	无触点
982485378	无处可去
9824853826	无处可逃
9824854	预处理
982485464736	语出惊人
982486	愚蠢
98248634	愚蠢地
98248664744	与此同时
9824869826	玉春院
98248744869445826	吴楚七国之乱
9824874968	无出其右
9824894	五出戏
9824929464	无此雅兴
9824934	吴次尾
9824942644826	与此相关
982494326	与此一道
98249436	吴爱珍
982494478	榆次之辱
9824949464	五笔字型
98249684826	与此有关
982498	无次序
9824984826	与此无关
9824986	徐爱云
9826	余波|武安|玉帛|组胺|预案
982622	选拔
9826224	选材
98262245426	原材料
9826226	元宝|原版|原班|玄参|萱草
98262264	援藏
982622648426	怨苍天
982622653	玄参科
982622673662	原班人马
98262267426	元宝山
982622724	选拔赛
9826234	玄悲
9826236	原本|选本|院本
982624	怨艾|悬壁|悬臂|愿挨|旋臂
98262426	元朝|原产|选编
9826242634	原产地
982624264	园长|圆场
98262426448238	悬肠挂肚
9826243426526	悬车告老
982624364	宣城|宣称|远程
9826243642434	冤沉海底
982624364542698	远程教育
982624364944	袁承志
9826243649664	元成宗
98262436498	源程序
98262439446426	悬车之年
9826243944744	悬车致仕
9826243944784	悬车之岁
9826244849426	原璧归赵
9826246386948	喧宾夺主
98262464	援兵
982624646662	选兵秣马
9826246478486	钻冰取火
982624664	原虫
9826246644826	袁崇焕
98262468	冤仇
9826246854658	远愁近虑
9826247426	悬臂桥
98262474658	选词频率
9826248	原初|原处|远处|选出
982624826	宣传
98262482628	宣传部
9826248262894264	宣传部长
982624826326	宣传单
982624826384	宣传队
9826248264	原创|圆窗|钻床
982624826482	宣传画
98262482649464	原创性
982624826526	宣传栏
98262482653	宣传科
98262482674	宣传日
9826248267426	宣传片
982624826746	宣传品
982624826943	宣传者
9826248269464	宣传性
9826248269468	宣传周
9826248269826	宣传员
98262484	悬垂
9826248428948	远垂不朽
98262486	元春
982626	冤案|原案|喧嚣|悬案|渊博|远安
9826264	轩昂
98262674364	喧嚣声
9826269426	远安县
98262694744	喧嚣一时
982628	宣布
98262833	怨不得
98262833736	怨不得人
9826285426746	远不间亲
982628944	远不止
982628982694	愿不愿意
98263	员额
982632	元法|原发|宣发|远大
98263222638	远大抱负
982632368	元大都
9826324	元代
98263243	袁大哥
982632462	源代码
9826324664	袁大洪
9826326	元旦|远道
982632624	悬胆鼻
982632637524	远道而来
98263264	远房|远方|院方
98263264524	远方来
9826326474674	远房亲戚
982632682426	远大目标
982632736	袁大人
982632742624364	远大前程
98263274824	袁大帅
982632868	冤大头|袁大头
9826329464	原发性
982633	宣德
98263332	玄德大
9826334	宣肺|远非
9826335426	玄德见
9826336	怨忿|怨愤|缘份|缘分
982633624	玄德乃
98263364	元丰|原封|旋风|选登
98263364283664	原封不动
98263364543224	悬灯结彩
982633646464	元凤鸣
982633649343664	原封未动
982633694546	缘分已尽
98263378	玄德入
982633784	玄德遂
982633924	玄德再
982633936	玄德问|玄德闻
98263394	玄德自
982633946	玄德引
982634	原地|园地|源地
98263426	原点|圆点|圆雕|悬吊|选调
982634264826	悬吊管
982634283664	原地不动
9826343246464	原地待命
9826343294826	原地打转
9826343426	远地点
98263464	原定|园丁|圆顶|选定
98263664	远东|钻洞
982636643478	远东地区
98263664486542	远东国家
9826366454	原动力|原动机
9826366458	远东局
98263664643364	钻洞觅缝
9826369426	宣恩县
982637	旋儿
982637934583	悬而未决
982638	宣读|怨毒|悬浮|选读
9826382245426	原辅材料
98263826	选段
9826384	怨怼
9826385426	原辅料
982638736	袁夫人
98263874	宣抚司
982638744	宣抚使|袁督师
98263893	悬浮液
982638946649264	远渡重洋
98263898	悬浮物
982642478986	轩盖如云
9826426	原告|原稿|圆号|宣告|钻杆
98264264	远航
9826426646	袁汉民
982643	原核|宣和|悬河|煊赫|缘何
9826433866426	悬隔多年
9826435426434	悬隔两地
9826436	怨恨
98264374498	选歌试舞
982643943486	悬河泻火
9826439437484	悬河泻水
982643946649264	远隔重洋
982643948486	悬河注火
9826439487484	悬河注水
982643968868	冤各有头
98264664	员工|宣工|旋宫
9826466424364	元宫城
98264664326	袁宏道
982646644264	袁红岗
98264664924	远红外
982646649249426	远红外线
9826466494	袁公子
9826468	猿猴|选购
982646894	悬钩子
982648	原故|圆弧|玄乎|缘故|远古
9826482	原话|喧哗|圆滑|宣化|悬挂|芫花|远华
9826482454654	远怀近集
98264826	圆环
982648264	圆谎
9826482649464	旋光性
98264826626	袁冠南
982648267464	玄幻情
982648274364	喧哗声
982648324	元古代
9826484	圆规|旋回
9826484334	袁贵妃
982648458	冤鬼路
982648543	元古界
98264854744	悬壶济世
9826486	冤魂
9826486332464	钻火得冰
98264864264	袁姑娘
9826486486	圆滚滚
98264893	袁姑爷
982648936482	远古文化
982648936744	悬壶问世
9826489464	圆弧形
9826524	原来
98265247824	原来如此
9826526	元老|绚烂|选刊
982652648498	绚烂归于
982653	远客|选课
9826535243264	远客来访
982654	原理|原籍|园里|圆寂|旋即|玄机|璇玑|绚丽|轩机|远离|选辑|选集|钻机|院里
9826542	冤家|原价|怨家|远嫁
982654228626	冤假错案
9826542384868	冤家对头
98265424364	袁继成
9826542589424	冤家路窄
98265426	元件|原件|原料|原胶|圆脸|圆角|宣教|援建|远见|远角|远郊|选料
982654264	原谅|宣讲|悬梁|沅江
9826542642448	悬梁刺骨
982654264484	宣讲会
982654264586	袁将军
98265426493	袁将爷
98265426494546	悬梁自尽
982654265464664	远交近攻
98265426926	原料药
982654269264426	钻坚仰高
9826542694494894	原教旨主义
982654269486744	远见卓识
98265428294264	远嫁他乡
9826543	癣疥|钻戒
982654326	轩机道
982654386224	绚丽多彩
98265438668	绚丽夺目
98265438694	绚丽多姿
982654394454	癣疥之疾
9826546	园林|愿谨|远近|钻进
98265462446464	远近驰名
98265464	圆领|沅陵|远景|钻井
98265464267826	玄机妙算
98265464384	钻井队
98265464546244	钻井进尺
9826546468	悬铃木
9826546474354	钻井设计
9826546542648	远近兼顾
9826546543944	远近皆知
9826546744	园林式
98265467468	宣金受
98265469366464	远近闻名
9826548	援救|源流
9826548548	圆溜溜
9826549426	袁继咸
98265664	圆孔|悬空|钻孔
9826566474	悬空寺
982656647464	袁隆平
9826566494	钻空子
982658	冤苦|旋律|玄苦|远虑|远路|选举|选录|钻具
982658226426	选举罢免
982658264	选矿
98265826424264	选矿厂
98265832	选举法
98265832744	玄苦大师
98265854	远距离
9826586	元军|援军|院落
9826586426	圆括号
982658736	选举人
9826587436668	远虑深谋
9826587826	选举权
982658944	选举制
982662	源码
9826626	原貌|喧闹|圆满
9826626243644664	圆满成功
9826626543583	圆满解决
982662674364	喧闹声
982662692624364	圆满完成
9826634	原煤|园内|袁枚|选煤|选美|院内
9826636	辕门|远门|院门
98266364	圆梦
982664	无从
98266424294364	无从查证
98266424364	许从成
98266426	元年|悬念|玄妙
9826642654674	远年近日
98266426546784	远年近岁
9826643	冤孽
9826645426324	无从交代
9826646	选民
98266464	原名
9826646454264	原明亮
982664647436	玄冥神
982664647464	元明清
982664649826	圆明园
982664748674	无从说起
9826648	旋钮
98266482674	无从谈起
982664854265426	钻牛角尖
9826649427468	无从下手
982664944484	无从置喙
98266494867468	无从着手
982664982693	无从选择
9826666464	元末明
9826668	元谋
9826668736	元谋人
982666874367826	远谋深算
98266689426	元谋县
982668	原木|圆木|怨怒|炫目|眩目
98266854649436	圆木警枕
9826685826438	怨女旷夫
98266878486	钻木取火
9826724	选派
9826726	原判|喧扰|圆盘|宣判|渲染
98267263226	轩然大波
98267264	喧嚷
982672694258	轩然霞举
9826726943	旋绕着
982672694548	喧扰已久
982673	原色
9826734	元配|原配|选配
9826736	原人|猿人|选人|选任
98267369664	元仁宗
98267369868	远人无目
982674	元气|冤死|怨气|缘起|远期
982674246648426	怨气冲天
98267426	元山|圆山|袁绍|远山|选票|院前
982674264	悬赏|院墙
982674265467484	远山近水
982674267426	袁姗姗
9826742694826586	旋乾转坤
9826743	远射
98267436	渊深
982674364	原生|怨声
982674364366498	原生动物
9826743647474	喧声四起|怨声四起
982674364824	原生态
982674364924326	怨声载道
982674364944	原生质
98267436494498	原生植物
9826743649826643	旋生旋灭
9826743946649264	远涉重洋
9826744	元始|元氏|原始|宣示|宣誓|源氏|炫示|玄石|远视|钻石|院士
982674428586	原始部落
982674432694664	原始反终
98267444664743	原始公社
9826744524	袁世凯
9826744542464	选士厉兵
9826744542694664	原始见终
982674454534	原始积累
9826744546	原始林
98267445664	钻石珑
982674458264	钻石矿
9826744736	原始人
9826744743484	原始社会
982674474858	原始数据
9826744786	原始群
9826744824	袁时泰
982674492694664	原始要终
98267449426	袁士霄
98267449464	原始性
982674494664	袁时中
982674498	元世祖
98267449898	源氏物语
9826745426	元器件
98267454268426	怨气连天
9826746	远亲|选聘
98267462638	怨气满腹
98267462878	远亲不如
98267462878546546	远亲不如近邻
98267464	冤情|原平
98267464548543	源清流洁
982674645487464	源清流清
9826746546546	远亲近邻
982674654674	远亲近戚
9826746546968	远亲近友
98267468	元狩|元首|援手|选手
9826748	圆熟|圆球|悬殊
982674824	元帅
98267484	原水|沅水
982674842854354653	远水不解近渴
98267484543	远水解
9826748454828	远水救不
9826748634	元顺帝
98267486482	原说话
98267494	袁思怡
9826749826643	缘起缘灭
982676	原坡
98267664	元戎|圆融|选送
9826768	渊薮
982678	元曲|元素|冤屈|园区|园圃|垣曲|远去|选入|选区|选取|选曲|钻入
98267826	圆圈|源泉|组氨酸
9826782658624	揎拳裸臂
982678265867468	揎拳裸手
98267826586948	揎拳捋袖|揎拳捰袖|揎拳攞袖|揎拳裸袖
98267826744	圆圈式
9826782698948	揎拳舞袖
98267838426	元素符号
98267848784	怨入骨髓
9826786	圆润|悬索|玄孙|院所
98267867426	悬索桥
982678674983	悬若日月
982678948264	玄素庄
9826789826	元曲选
9826824468	宣太后
982682498	元太祖
9826826	钻探
98268364	喧腾
9826836474364	喧腾声
9826836494548	喧腾已久
9826836494744	喧腾一时
982684	原体|选题
98268426	悬挑|远眺
982684263664	圆跳动
9826842658648	喧天锣鼓
98268426643364	钻天觅缝
982684267834	冤天屈地|钻天入地
98268426968736	怨天尤人|怨天忧人
98268426982634	冤天冤地|怨天怨地
98268435426	玄铁剑
98268435464	玄铁令
982684394664	玄铁重
9826844354	猿啼鹤唳
98268464	悬停
98268464742654	渊停山立
98268664	元通|圆筒|圆通|宣统|玄痛
982686649464	圆筒形
9826868	圆头|源头|远投|钻头
98268684867484	源头活水
9826868548786	钻头就锁
9826868643364	钻头觅缝
9826868948	鼋头渚
982688	玄菟|远途
982692	俞伯牙|悬崖
9826924	员外|援外
98269245264	员外郎
9826924566494664	悬在空中
98269248294264	远在他乡
982692484262426	远在天边
9826925362	悬崖勒马
98269258324	悬崖绝壁
9826926	原岩|原盐|喧噪|宣言|怨言|炫耀|钻研
98269264	元阳|冤枉|原样|原阳|宣扬|愿望|玄奘|远扬|远望|远洋|鸳鸯
9826926424826	远洋船
98269264326	鸳鸯刀
9826926437	袁杨二
9826926458	冤枉路
98269264586	远洋轮
982692647426	冤枉钱
9826926494	玄奘译
982692649824826	远洋渔船
98269264986748	远洋运输
982692649893	远洋渔业
98269265426	圆攒尖
9826926744	玄言诗
98269267474	怨言四起
9826926748	宣言书
982692727468	悬崖撒手
982692742624	悬崕峭壁|悬崖峭壁
98269294826744	悬崖转石
982693	原则|原野|选择
98269334	选择地
9826934	原位|原味|原委|宣威|宣慰|鸢尾
982693424	原位癌
9826934646	袁伟民
982693474	宣慰司
9826934934	苑维玮
98269354	悬液计
9826936	原文
9826936224	袁文才
98269365426	源文件
98269367494264	愿闻其详
98269374264	原则上
9826937486	宣夜说
9826937826	选择权
98269384	选择题
982693866494	原则同意
9826939464	原则性|选择性
982694	元子|原义|原子|原意|园子|园艺|圆子|悬疑|愿意|旋子|旋翼|源自|缘自|院子|院系
98269424264	园艺场
98269424364	原子城
98269426	元宵|原先|宣召|宣战|远销|选战|选线|院校
9826942637	原贤二
982694264	玄想|选项|院长
9826942644664	袁相公
982694264826	宣诏官
98269426543	元宵节
98269426586364	选贤举能
982694267366364	选贤任能
982694269826	宣诏员
98269426986364	选贤与能
9826943	宣泄|渲泄
982694326	原子弹|袁锡藩
9826943264	元义方
9826943269464	原子反应
9826943269464384	原子反应堆
98269436326	玄贞道
98269436326736	玄贞道人
982694364	远征
982694364586	远征军
982694364626	远征难
9826943649826	宣政院
9826944	原值|原址|宣纸|远志|选址
98269443	原子核|原西河
98269443326	原子核反
98269443726	远至迩安
9826944826478	原子光谱
98269449826934	原汁原味
98269454264	原子量
982694543468	原子结构
982694586	袁熙坤
9826946	元音|原因|圆心|愿心|援引|钻心
98269462448	钻心刺骨
98269463464984	原心定罪
9826946364	原子能
98269464	原型|原形|圆形|无暗影|远行|选型|钻营
9826946422458	原形败露
982694642458	原形毕露
982694643664	玄英洞
9826946454	原型机
98269464734	袁行霈
982694647486	原型说
98269464824	袁应泰
982694649664	元英宗
982694649826	元兴元
982694664	元凶|原种|吴伯雄|园中|选中|选种|院中
98269466424264	原种场
982694664286934	远中错位
98269466454744	旋踵即逝
98269468	圆周|宣州|袁州
9826946832	悬肘法
9826946858	圆周率
982694689863664	圆周运动
98269469882	原因无他
982694748	原子束
9826948	原主|原著|圆柱|圆珠|援助|纂修|远瞩|选修|选秀
982694824	圆珠笔
982694826	旋转
98269482624264826	旋转变换
9826948264	原状|原装|圆状|选装
98269482643426482	原装电话
9826948267426586	旋转乾坤
982694826744	旋转式
9826948267494664	旋转起重
98269482684	旋转体
9826948269468	旋转轴
98269484	圆锥
98269484269426	远瞩高瞻
9826948448298	圆锥花序
98269484789426	圆锥曲线
9826948486	援助国
982694849436	圆锥阵
982694849464	圆锥形
982694853	选修课
98269486	圆桌
98269486426	圆柱面
9826948646	原住民
9826948648494	圆桌会议
9826948693	悬浊液
9826948826	原子团
982694884	圆柱体
98269489464	圆柱形
98269493	园艺业
98269494	袁紫衣
98269494664	原子钟
982694983	园艺学
9826949874	原子武器
9826949874264	钻隙逾墙
98269498748	原子序数
982696	旋涡|漩涡
98269664	援用|选用
9826966424264	元永昌
98269664326	袁宗道
98269664336454	渊涌风厉
9826966434	袁宗第
98269664426	袁宗皋
98269664626	宣宗南
98269664744	玄宗时
9826968	原有|原油|原由|缘由|苑囿|远游|远走
982696833694	原油分析
9826968426334	远走高飞
9826968826543	选优淘劣
98269688294264	远走他乡
9826968868	冤有头
98269688689424	冤有头债
9826969464986	旋涡星云
982698	冤狱|原无|原物|宣武|源于|玄武|玄虚|缘于|远祖|远足|选育|院务
98269826	圆圆|渊源|源源|许博渊|轩辕|远源|远缘|远远
98269826236236	原原本本|源源本本
98269826283826	源源不断
9826982628583	源源不绝
982698262878	远远不如
9826982633	圆圆的
9826982634	远远地
9826982637524	源源而来
98269826379264	悬悬而望
98269826542543	远缘嫁接
98269826546546	远远近近
9826982654824264	源远流长
98269826743633	轩轩甚得
98269826926478	远远望去
9826982694264226	冤冤相报
9826983	元月|圆月|玄学|选学
9826983336	袁雪芬
9826983636	玄岳门
98269839874264	钻穴逾墙
98269839894	钻穴逾隙
9826983989826	钻穴逾垣
9826984	原罪
98269848	玄武湖
9826986	元勋|原作|眩晕
982698636	宣武门|玄武门
98269867436	雾暗云深
9826987487468	衒玉求售
98269878	圆舞曲|宣武区
9826988426	宣叙调
982698926	玄武岩
982698947468	衒玉自售
9828	五步|五部|余部|无不|舞步|雨布|预卜
98282436458	语不成句
982824364744	五步成诗
982824848	足不出户
9828248636	足不出门
98285264	于步廊
98285354	愚不可及
9828583568	誉不绝口
982858448	足不窥户
9828589464	足不履影
98286	五寸|无存|无措|无错|渔村
98287426986	武不善作
9828743	五步蛇
9828787426	恶不去善
982886854	语不投机
982893736	语不择人
98289486	玉不琢
98289848	足不逾户
982898744	无补于世|无补于事|无补于时
982898926	需不需要
983	余额|豫鄂|足额|阻遏
9832	乌发|五发|五大|愈发|无法|武大|武打|蓄发|虚发|语法|须发
983224	月白|祖大弼|粤菜|雪白
98322433647464	月白风清
98322464	无法比拟
98322473	月白色
983226	学报|雪暴|雪板|雪豹|月报
9832262424	薛宝钗
983226526	阅报栏
98322832	无大不大
98322848265464	预发布环境
98323264936	无法访问
983233642484	雨打风吹
983233694	语法分析
983234	吴大帝|粤北
983236	血本
9832364	雪崩
98323698484	血本无归
983238	郁达夫
98324	五代|五袋|削壁|玉带|血癌|雨带
9832424	吴达海
9832426	学潮
98324262364	跃变层
98324264	血肠
98324264484	血常规
98324264983	越长越
983243	吴大哥|徐大哥
9832436	血沉
98324364	学成|薛城|雪城
98324364484524	学成归来
983243645464	越城岭
983244	乐池|雪耻
9832442262468	雪耻报仇
98324438486	雪耻复国
9832464	学兵|月饼|阅兵
9832464744	阅兵式
9832467482644826	雪鬓霜鬟
983246748264626	雪鬓霜毛
9832468	血仇
983248	月初|跃出
98324826946	薛传薪
98324826983	越传越
983248432	无法回答
98324854264	无法估量
98324894488	穴处之徒
98324894498	穴处知雨
98324989264	勿怠勿忘
983253	祖大乐
983253744	无法可施
98325394264	无法可想
98325426244	五大连池
9832543224	须发皆白
98325664	于大龙
98326	五道|午饭|宇道|御道|悟道|无道|絮叨|舞刀|舞蹈|血案|许道|误导|遇到|鱼贩
98326224	组蛋白
98326226	无担保
983262464	舞蹈病
98326364	乌达盟
98326384	舞蹈队
983264	五方|余党|无妨|无方|武当|租房|组方|阻挡|预防
983264266478	欲当从速
98326428	无法弥补
98326448	无房户
9832646426	五方面
983264724	无党派
983264724736744	无党派人士
9832647426	武当山
98326474263364546478	武当山风景区
98326492248	五方杂处
98326494428	无纺织布
983264944646	无方之民
9832649464	预防性
98326498724	无党无派
98326542	武道家|舞蹈家
98326586626	遇到困难
98326666474264	舞刀弄枪
98326736	须道人
98326746898	足蹈手舞
983268664	吴道通
983268826	舞蹈团
9832692647464	蓄淡养青
9832694	吴道子
983269464	误导性
9832698362	舞刀跃马
9832698626	无烦无恼
983272628	五大三粗
9832736	徐大人
98327364	吴大鹏
98327367468	无法忍受
98327426	武打片
9832746494	无法平息
98327468	祖大寿
9832748	徐大叔
9832748264284	雨打霜摧
983274866464	无法说明
98328	学步|学部
98328546	学不尽
98328786	岳不群
98328926	无恶不造
98328934	无恶不为
983289349826	学部委员
98328986	无恶不作
9832926484	无法挽回
9832926548	无法挽救
9832942	俞大侠
98329422	无法自拔
98329426	吴法宪
983294647664	无法形容
9832948494	无法追忆
9832968	俞大猷
9832982426	无法无边
9832983	语法学
98329858	于法无据
9832988426	无法无天
983298948264	误打误撞
9833	五德
98332	削发|学法|约法|越发
983326	学到|穴道|约旦
9833264	越方
98332643	约旦河
983326439426	约旦河西岸
9833264926	粤方言
983326526	学到老
98332652698	血刀老祖
983326736	约旦人
9833272694264	约法三章
9833293464	削发为尼
98332948264	岳大壮
983334	学费|岳飞
9833347869664	学非所用
983336	学分|月份
9833364	学风|雪峰
98333647426	雪峰山
983336476898	血风肉雨
9833369264934	越分妄为
983336944	学分制
98334	与非|学弟|无非|月底|租费|育肥|雪地
98334247486	虚废词说
98334636	与非门
9833464	约定
98334642436478	约定成俗
983346426968	乌飞免走
98334643	薛定谔
98334647824364	约定俗成
9833488968	乌飞兔走
9833498	雾非雾
983353	乌得勒
9833586	伍德罗
98336	五分|祖坟|组分|鱼粉
983362424	无分彼此
98336334	雨纷飞
9833633694	组分分析
983364	五凤|五封|五峰|五等|无缝|无风
9833642874	无风不起
98336428745264	无风不起浪
9833644264482624264	无缝钢管厂
9833645426	无锋剑
983364568	五凤楼
9833647262445264	无风三尺浪
983364743645264	无风生浪
98336474498	五风十雨
983364745264	无风起浪
983364842694	无缝天衣
983364926426	无风扬波
9833649426	无风险
9833649436	玉蜂针
983364946898	魆风骤雨
9833649865264	无风作浪
9833664	粤东|越冬|跃动
98336643264944	越冬防治
9833664636	月洞门
983366498698	越冬作物
9833694664	五分钟|余分钟
98337	悦耳|月儿|约尔|越儿|雪儿
983372874	学而不思
9833728926	学而不厌
9833796893744	学而优则仕
98338	乐府|学府|岳父|月度|约夫|阅读
98338224426	学富才高
983384	乐队|雪堆
9833858	学府路
9833868	岳父母
983386983426	越多越好
98338736	岳夫人
9833874	阅读器
98338744	乐府诗
98338943	阅读者
9833898243	学富五车
98338986426	学富五年
98339426	须得先
983394264	胥德章
9833944	徐德志
9833946	吴德馨
98339464	于德性
9833983	须得学
9833986364	无德无能
9834	五帝|余地|无敌|玉帝|租地|足底|雨滴|雾滴
983424	学海|粤海|血海
98342474362468	血海深仇
9834249892	学海无涯
983426	五点|学好|污点|玉雕|租佃|约稿|约翰|血汗|语调|雨点|雪糕
983426226	雨点般
983426244	蓄电池
98342663474226	约翰内斯堡
98342674	约翰斯
9834267426	血汗钱
98342674386	约翰斯顿
983426944	租佃制
98342698326	无颠无倒
983426986	约翰逊
98342853	无敌不克
98343	乐歌|约合
98343264744	无的放矢
9834343364426	月黑风高
983436	血痕|雪恨
98343664	无底洞
983437445426	约个时间
983439426934	越隔纤维
9834426	无敌号
983443	乌第河
9834537664	无地可容
98345426	武帝建
98345664	无敌龙
9834586	无敌军
9834634	乌迪内
983464	屋顶|无定|武丁|武定|续订|预定|预订
98346432	无定法
98346438	吴定富
98346443	无定河
98346492694664	五鼎万钟
9834649464826	无定形碳
983464946484	无定形体
9834649826	武定远
9834664	乐工|学宫|学工|月宫|血红|越共
9834664326224	血红蛋白
983466478	血红素
983466494	月工资
983466498	乐工舞
98346649826	薛公远
98347468	无敌手
98348	月湖|雪谷
983482	学画|月华|血花|雪花
983482242634	雪花遍地
9834824	武帝太
9834824249464	约化概形
983482426	雪花膏
9834826	血管
98348264	月光|血光
98348264787484	月光如水
98348264944924	血光之灾
98348265426474	学官两栖
9834826548	血管瘤
98348269464	血管性
98348269464482	血管硬化
98348269466494	学贯中西
983484	学会|月桂|粤桂|约会|越轨
98348426942	无敌天下
98348478	学回去
9834849464934	越轨行为
983486	越国|越过|跃过
9834864826	薛国观
983486524	学过来
9834936	玉帝闻
983494248	无地自处
9834947664	无地自容
98349826	武帝元
9834988426942	无敌于天下
983524	悦来|雪莱
9835247464	岳凯平
983524983	越来越
98352498334	越来越低
9835249835824	越来越快
9835249837426	越来越少
98352498378	学来学去
98352498394664	越来越重
983526	学刊|月刊|阅览
98352637	岳老二
9835264634	越抗美
983526726	岳老三
983526744	阅览室
983526986426	学老于年
98353	学科|约克
983534	血泪
983534226226	血泪斑斑
9835342449428	越雷池一步
9835343364	学雷锋
9835345426944	血泪交织
983534744	血泪史
9835349464546	血泪盈襟
983535426743	学科建设
98353586	约克郡
983539482693	学科专业
98354	乐理|学历|学理|学籍|月季|约计|血迹|越级|阅历|雪梨|雪鸡
983542	削价|学家|岳家|越加
98354226226	血迹斑斑
98354226526	越级报考
9835426	削减|学联|约见|血检|雪莲
983542624364	削减成
98354262824364	学剑不成
9835426326	削减到
98354264	月亮|血浆|雪亮
983542647436	月亮神
9835426482	雪莲花
9835426626324	削尖脑袋
983543	学界|血竭|越界
983544664	雪里蕻
98354482	月季花
98354542698	学历教育
983546	学林|跃进
9835464	学龄|月令|月经|月龄|越境|越岭|雪景
9835464378664	学龄儿童
9835464486386	月经过多
98354645664	血玲珑
98354647426	学龄前
983546546	血淋淋
98354658	跃进路
983548	学究|血流
98354824364248	血流成杵
9835482436424826	血流成川
9835482436443	血流成河
98354878948	血流如柱|血流如注
98354943	学历者
9835664426	雪龙号
983568736736	血口喷人
98358	乐律|穴居|粤剧|血库|血路|越剧|跃居
9835822736	约鲁巴人
9835824	血块
9835824983426	越快越好
9835826	阅卷
983583	约略
98358324726	越狙代庖
983583364986	月露风云
983583494	跃居第一
983584	血亏
983586	月均
98358674364364	月落参横
98358694642436	月落星沉
983587468934	跃居首位
983587489826	岳麓书院
9835893924	穴居野外
9835894364	薛居正
9835894484	月露之体
9836	浴佛
98362	跃马
983624	血脉
983624942648664	血脉相通
983626	越南
983626466424263264	越南共产党
983626482	越南话
983626736	越南人
983626746494264	血脑屏障
98362693584	月满则亏
983626942694364	越南战争
983629264664	跃马弯弓
9836342264364	月没参横
9836426	学年|血尿
9836426983434	越描越黑
9836464	学名
9836464742654	月明千里
9836464946494	月明星稀
98366	月末|约摸|约莫
983664	旭东|舞动|豫东
983664424	于东海
98366493432	无动为大
98366494493	无冬之夜
9836649894664	无动于中|无动于衷
9836664	学农
9836664987484	血浓于水
98368	与否|五斗|岳母|悦目|武斗|武都|许都|雾都
98368248	五斗橱
98368482	薛慕华
983685426	越女剑
98368586	武都郡
9836893454	削木为吏
983689426	武都县
98368943926	五斗折腰
9837	乌尔|五二|五儿|育儿|许二|鱼儿|鱼饵
983724	学派
983726	俞二伯|血泡|跃然
983726468944	学然后知
9837264689442898	学然后知不足
98372649454	月攘一鸡
98372694474264	跃然纸上
98373	月色|约瑟|血色
9837324	育儿袋
9837338	约瑟夫
983736	学人|雪人
98373632568	血盆大口
983736484	薛仁贵
983736898	乌尔都语
983738	吴尔夫
983739346264	月色微茫
98374	乐器|学期|约期|血丝|血气|跃起
9837426	学前|月票|跃迁|雪山|雪橇|雪片
9837426224748	学浅才疏
98374264	跃上|雪上
98374264542748264	雪上加霜
983742649863664	雪上运动
9837426542698	学前教育
983743	学社|学舌|雪茄
9837432644264	血气方刚
98374363774	跃身而起
98374364	学生|跃升
98374364248	学生处
98374364326426	学生档案
98374364484	学生会
9837436494364	学生证
98374364948264	学生装
983743674	乌尔根奇
983743926	雪茄烟
983744	乐师|学士|学时|学识|月蚀|月食|越是
983744646	薛石民
98374494664	岳师兄
983744982626	学识渊博
98374524744	学期开始
983746	月琴|血亲
9837464	削平|约请|血清|雪青
98374642464	血清病
9837464326224	血清蛋白
983746478	血清素
9837464983	血清学
9837468	削瘦
983748	学塾|学术|月球|约数|约束|血书|血球|雪球
9837482247426	学疏才浅
98374826	血栓
9837482824364	学书不成
9837484	血水|雪水
983748482	学术化
98374848494	学术会议
98374854	约束力
983748543	学术界
9837486	学说
983748744	学术史
983748826826	学术探讨
98374884265426	约束条件
983748882684	学术团体
9837489464	学术性|约束性
983749449664	血气之勇
9837494664	血气胸
98375664	于二龙
98376	血泊
983762468	鬻儿卖女
9837664	雪松
983768	血肉
9837684364334	血肉横飞
98376854	血肉己
9837686648	血肉模糊
983768942645426	血肉相联|血肉相连
98376894478	血肉之躯
98378	乐曲|乐谱|学区|月入|月浦|跃入
98378248265464	学如穿井
9837826	越权
9837826744	月全食
983782854	学如不及
9837833647426	学如登山
9837836269826	月缺难圆
9837854838	越区就读
983786	削弱
98378647484	学如逆水
9837874364	乐曲声
98378748926	月入数万
9837942	俞二侠
98379837	呜儿呜儿
98379868	无儿无女
9838	五度|五服|五毒|五福|余幅|余毒|徐福|无度|无毒|无氟|武夫|渔夫|渔父|祖父|虚度|虚浮|误服|误读|迂腐|预付|鱼肚|鱼腹
983824	月台
98382463448	雪胎梅骨
9838248638	愚夫蠢妇
983826	乐坛|五段|无端|月坛|武断|续断|阻断
9838264	学堂|血糖
983826626744	无端闹事
98382673744	无端惹事
9838267436224	五短身材
98382674364744	无端生事
983826746424264	语短情长
98382694493	无端指责
983826948264364	武断专横
9838269869426	雨断云销
98382894264	无毒不丈
9838289426438	无毒不丈夫
98384	五对|五队|组队
98384226542	组队参加
9838424	无毒害
9838426	雪天
9838437864	削铁如泥
9838439874364	削铁无声
983846453	雪停了
98384826	徐复观
9838524	许福来
98385426	五毒教
9838546	祖福临
98385826	预付款
9838587826	五毒俱全
98386	五朵|余吨|愚钝|许多
98386234	许多倍
9838624	许多次
983863494	许多第一
983864626	物阜民安
98386463364	物阜民丰
98386465264	物阜民康
9838658	许多路
9838664	学童|血统
983866426	许多年
9838664586	血统论
983866464	许多名
9838674364742	予夺生杀
9838678	武敦儒
983868	祖父母
983868426	许多天|许多条
9838694664	许多种
9838698386	许多许多
9838744	于富室
9838746	无毒品
9838784983	虚度岁月
983878698	足敷所需
98388	学徒
9838826	乐团|雪团
983884664	学徒工
98388944	学徒制
983894	迂夫子
983894267468	无福消受
98389445426	迂腐之见
98389447264	无服之丧
98389464	无毒性
98389474364	虚度一生
983896868	无独有偶
983898586	无父无君
9838986326	雨覆云翻
98389869664	无副作用
98392	月牙|血压
98392334	学杂费
983924	雪灾
9839248634	血压过低
9839254	血压计
983926	月岩|越窑
9839264	学养|血样|越洋
98392643426482	越洋电话
9839264468	越王勾
9839264568	岳阳楼
98392646426	岳王庙
9839264744	岳阳市
983926494226	雪旺细胞
983927826	月牙泉
983929464	月牙形
98393	学业|月夜|血液|越野|雪夜
98393243	越野车
983932464	血液病
983934	学位|穴位|越位
9839347426	岳维山
98393494364	学位证
9839353	血液科
983936	学文|学问
983936426	学问好
983936542	学问家
98393693454	学问为济
983936982626	学问渊博
98393724	越野赛
98393726	越野跑
98394	学习|学医|学子|学系|学艺|月子|月息|粤西|血洗|血渍|血衣|靴子
98394226	学习班|血细胞
9839424	血债
9839424534534	血债累累
9839424664	血吸虫
98394246642464	血吸虫病
9839424827426	月下花前
9839424983424	血债血还
9839426	学校|学衔|血战|血站|越战|雪线
9839426226	血小板
983942632634	血战到底
98394264	乐章|学长|岳丈|月相|月香|血象
983942674364	岳先生
98394269837436	越陷越深
98394269839664	越战越勇
983943	学者|靴鞋
98394364	血症
983943654	岳贞黎
98394366454	学习动机
9839439464	学者型
983944	学制|月氏|血脂
983944687436	月之女神
983944934646	削职为民
9839454	学习机
98394546768	约一斤肉
983946	乐音|月薪|血印
9839462	薛姨妈
9839464	月影|血型|血性|血腥
9839464326224	血影蛋白
983946442694	血性汉子
983946462637	血性男儿
983946474	血腥气
98394664	血肿
9839466474	岳钟琪
983946647664826	雪中送炭
9839468	岳州|越州
9839474	薛西斯
9839474946	月异日新
983948	越秀
983948583436	削株掘根
98394878	越秀区
98394943	学习者
983949449664	学以致用
983949464	学习型
983966478948	血涌如注
98396649837426	越用越少
983968	学友
9839682464	血友病
98396878624364	学有所成
9839687869664	学有所用
9839689839826	越走越远
98398	乐舞|学武|学组|月余|月租|粤语|血族|血污|血瘀|血虚|血雨|越狱|雪域|鳕鱼
9839826	学员|学园|学苑|学院|血缘|雪原
9839826384	学员队
98398263894664	学院附中
9839826482694	血缘关系
983982658	学院路
9839826724	学院派
983983	学学
98398324726	越俎代庖
98398334	月租费
98398337	薛月儿
983983526	学学看
98398394744	跃跃一试
983983983	越学越
98398398744	跃跃欲试
98398546	月租金
983986246645426	血运重建
983986373364	月晕而风
9839864826	血循环
9839868	岳武穆
9839874458	削足适履
983989445464	学无止境
9839894643364	血雨腥风
98398984	越狱罪
98422	嘴巴
984236	嘴笨
98424	徐海|无害|诬害|遇害
984242	最差
9842426	嘴边|嘴馋
98424264	最长
984243664	徐海东
984243794264	欲盖尔彰|欲盖而彰
98424482	余海华|无害化
98424586	于海军
984246268426	欲海难填
984246494264	欲盖弥彰
9842474364	于海生
9842474369264	遇害身亡
98424744	乌海市
984248	最初
9842486	嘴唇
984249264	于海洋
98426	五号|吴晗|序号|御寒|无憾|武汉|物耗|组稿|罪案|虚寒|虚汗|虚耗|诬告|语感|预告|预感
984262426	于汉超
984262426454264327426	武汉长江大桥
98426248	于汉初
9842632	乌干达
9842632983	武汉大学
984263364	无焊缝
984263664	徐高栋
98426384	武汉队
984264	五行|余杭|宇航|武冈|浴缸|渔港|续航|鱼缸
98426422986	五行八作
9842642464942	五行并下
98426454	续航力
98426458	宇航局
98426458942	五行俱下
9842649826	宇航员
9842654466432983	武汉理工大学
9842664	余毫米
98426668	俞汉谋
98426743	于豪奢
98426744	武汉市
984267474264	足高气强
98426749264	足高气扬
984269366826	嘘寒问暖
984269426	武汉站
98426943	诬告者
98426968	鱼肝油
9842842474	罪不该死
98428524946	最不开心
9842853748	罪不可赎
9842874364948	罪不胜诛
984287664743	罪不容赦
984287664948	罪不容诛
9843	五个|余个|吴哥|愈合|无何|无核|渔歌|组合|组歌|组阁|罪恶|阻隔
98432	最大
9843224	无核白
98432354	罪大恶极
984324364	组合成
984324664983748	最大公约数
98432482	最大化
98432546944	醉打金枝
9843258443	最大亏格
984326	罪犯
984326492674	罪当万死
984326924	醉倒在
98432748	最大数
984327664948	罪大容诛
98432943	最大者
98432944	最大值
984333694	组合分析
984334	罪恶地
984337	乌戈尔
98433724364	组合而成
98434	乌黑|最低|租给
984342364	最底层
984342458	组合概率
9843426	罪恶感
984343426	最低点
98434369826	罪恶根源
98434542	最低价
9843466458	罪恶工具
9843482	无核化
984348269464	罪恶贯盈
9843486542	无核国家
98434944	无给职|最低值
9843534534	罪恶累累
984358	吴哥窟
98436	五根|须根
98436226	徐根宝
98436268426	欲壑难填
98436326736	无根道人
984363748	无根而固
984364	五更|五横|玉衡
9843648426	五更天
9843654	无痕迹
9843694498	无根之物
984369834	无根无蒂
984369862468	雨恨云愁
984374	吴哥寺
9843743694664	罪恶深重
9843744	组合式
984378	无核区
9843789426	组合曲线
98438268426	罪恶滔天
984384	组合体
9843942694264	罪恶昭彰
98439426948	罪恶昭著
984394434	罪恶之地
984394466424364	五个一工程
984394494664	乌合之众
984394645464	罪恶行径
98439464934	罪恶行为
984394694264	组合音响
9843948264	组合装
984396894264	无何有乡
9843968948	物各有主
98439874	无核武器
98442424874	罪该处死
98442472	最还怕
98442492674	罪该万死
984426	最好|最高|醉汉
9844262364	最高层
9844262426	最高潮
984426248	最高处
984426329826	最高法院
984426336	最高分
9844263364	最高峰
9844263426	最高点
98442654	最高级
984426542	最高价
9844265426	最高检
984426736646329826	最高人民法院
984426943	最高者
984426944	最高值
984468	最后
9844688664343	最后通牒
984482	醉话
984484	醉鬼
984484486	最惠国
984486	罪过
98453664	嘴啃泥
98454	嘴里
984542	最佳
984542482	最佳化
984542543	最佳解
9845426	嘴尖|嘴脸|嘴角
98454274454	最佳时机
984542943364	罪加一等
98454294367664	最佳阵容
984542944	最佳值
984546	最近
984548	醉酒
98454822633	醉酒饱德
9845824	嘴快|最快
984584	罪魁
9845844867468	罪魁祸首
984634	最美
9846364849426	最能体现
9846426264234	晬面盎背
984643	罪孽
984643743694664	罪孽深重
9846464	罪名
98464743694664	罪逆深重
98466	最末
9846632926	罪莫大焉
984664	乌共|务工|寓公|愚公|无功|武功|蓄洪|蜈蚣|误工
98466424	五公祠
984664287468	无功不受
98466428746858	无功不受禄
984664334	吴虹飞
98466437326	无功而返
9846643758	无功而禄
98466437884	无功而退
984664384	武工队
984664424	无公害
9846644869426	武功国小
98466454	五公里|余公里
98466454647436	愚公精神
9846647369826	务工人员
9846647426	武功山
9846647464	余公顷
984664746858	无功受禄
98466478	徐鸿儒
9846647826	吴宏权
984664826	许宏涛
984664944	许宏治
984664947426	愚公移山
98466498	徐宏祖|徐弘祖
98468	午后|屋后|无后|武侯|污垢|物候|虚构|足够|预后|鱼钩
9846824	武侯祠
984682486786	雨后春笋
9846893432	无后为大
984689426	无后效
9846898654	无后座力
984736	罪人|醉人
98474	嘴皮
9847426	最少|罪愆
98474264	最强
98474264542984	罪上加罪
98474264946	最强音
9847426498626	嘴上无毛
9847426884326	醉山颓倒
9847426926	最前沿
9847436	最深
98474364636474	醉生梦死
9847462	最起码
98474636474364	醉死梦生
9847464	罪轻
9847464743224	嘴清舌白
9847494	嘴皮子
9847826	最全|醉拳
984787426474364	最速上升
9848	五古|五户|五股|五谷|余股|呜呼|无故|无辜|渔鼓|玉壶|芜湖|裕固|预估|鱼骨
98482	五华|五花|无华|物化|组画|羽化|裕华|郁化|雨花|雾化|鱼花
9848222636	五花八门
984822664	玉花骢
98482287486	无话不说
9848228826	无话不谈
98482322264	五花大绑
984824	无怪|虚怀|足踝|醉态
98482426454264327426	芜湖长江大桥
984824267486	无话好说
984824326	无坏道
9848244326	无故迟到
98482448	无怪乎
98482478648	虚怀若谷
98482486	无花果
984824924	呜乎哀哉|呜呼哀哉
984824984826	无怪无关
984825263664	物化劳动
984825332	无话可答
984825354264	无话可讲
98482537486	无话可说
984826	乌桓|五官|五环|徐缓|无关|武关|武官|玉环|羽冠|虚幻|鱼贯
984826248	武官处
98482628744	虚幻不实
9848263258	无关大局
9848263284	无关大体
98482637248	鱼贯而出
9848263778	鱼贯而入
984826379464	鱼贯而行
9848264	余光|玉皇
98482642426	郁光标
98482642486	徐光春
984826432	许光达
98482643234	玉皇大帝
984826434	武皇帝|许皇帝
9848264426	无广告|许广汉
9848264468	许皇后
98482645426	玉皇剑
9848264548983	五黄六月
9848264664944	无关宏旨
984826474	徐光启
98482647426	玉皇山
984826474364	吴光胜
984826474473	五光十色
98482647464	许广平
984826478	渔光曲
984826482	徐冠华
98482649474264	虚晃一枪
984826494942	虚晃一下
9848264949426	虚晃一招
98482649826	于光远
98482653	五官科
984826542	于管家
9848265464543	虚幻境界
984826546926	无关紧要
98482686649264	无关痛养|无关痛痒
9848269264	武关往
9848269426	乌桓校
984826946494	物换星移
98482694664	吴冠中|玉棺中
984826947436	无官一身
9848269474367464	无官一身轻
984826948	余观主
9848274262	五花杀马
98482744	雨花石
98482768	五花肉
98482824	雨花台
984828336	五谷不分
98482853	无乎不可
98482874364	五谷不升
984829824	无挂无碍
984829826	御花园
984833643364	五谷丰登
98484	与会|乌龟|余晖|余辉|徐汇|族规|无悔|武会|污秽|纡回|舞会|语汇|误会|迂回
9848426	嘴甜
984842694658	嘴甜心苦
9848428526	污秽不堪
984843242426	与会代表
98484326	五规范
984843426243	无轨电车
98484486	与会国
98484524	徐会来
9848453	乌龟壳
9848454264	武惠良
9848454264543	无规降解
984845464	于桂陵
98484546643	玉圭金臬
9848458	无规律
98484586	于贵君
98484626726	五鬼闹判
98484736744	与会人士
984847426546	迂回前进
9848478	徐汇区
9848478943	迂回曲折
984848426226	物归天宝
984848664486	迂回通过
984848664944	与会同志
9848492674364	无规噪声
98484934546	与鬼为邻
9848493684	迂回问题
98484942658	迂回线路
984849426748	迂回战术
98484943	与会者
984849464934	迂回行为
98484968	武会友
9848498	徐辉祖
984849826948	物归原主
984849863664	无规运动
984849898	无毁无誉
98484989826	无悔无怨
984854	乌骨鸡
984854264	五虎将
98485826482	五胡乱华
98486	吴国|无果|无过|欲火|武火|渔火|祖国|虚火|许国|许婚|误国|雨果
984862466474364	浴火重生
98486286	无过错
984863664	吴国栋
9848638	于国赋
98486426	鱼骨庙
984864334	祖国各地
984865426	吴国剑
9848654264	渔获量
98486586	吴国伦
98486636	与或门
984866874	与狐谋皮|与虎谋皮
9848674264	徐国强
9848674744	誉过其实
984868	嘴头
98486824	吴国太
984868426646	误国殄民
9848684267464	雨过天晴
98486866494	祖国统一
984869264646	误国殃民
9848694664	吴国忠
9848736	无故人
98487426454264	五虎上将
98487436946	无故呻吟
9848744	芜湖市
984874424	五湖四海
984878394	无故缺席
9848842694	与虎添翼
9848894264946	醉吐相茵
98489254264	五谷杂粮
9848943	无辜者
98489445826	五胡之乱
984898	裕固族
984926	最早|醉眼
98492694647664	醉眼惺忪
98493	罪业|罪责
984934	最为
98493626826	罪责难逃
98493648464	醉翁亭
984936494494	醉翁之意
98493743694664	罪业深重
98494	醉意
9849426	最先|最小
984942633624	最小分词
98494264	醉乡
9849426482	最小化
9849426942638	最小限度
9849426944	最小值
98494364	罪证
9849449465824	嘴直心快
984946	最新|醉心
9849464	嘴形|嘴硬|罪行
98494643626	罪盈恶满
9849464364946	最新更新
9849464534534	罪行累累
984946492674	罪应万死
98494664	最终|最重
98494664226236	最终版本
98494664482694264	最终幻想
98494664682426	最终目标
98494664966448	最终用户
9849469464	最新型
984948264	罪状
98496824546	最优逼近
984968482	最优化
984968946433	罪有应得
984968968484	罪有攸归
9849826	最远
9849826326	最远到
98498334	罪与非
98498334984	罪与非罪
984984	最最
984985826443	醉舞狂歌
984986986	醉醺醺
984988847426	醉玉颓山
9852	乌拉
9852226	乌拉草
985237	乌拉尔
98523743	乌拉尔河
98523758678	乌拉尔军区
9852377426	乌拉尔山
9852377426624	乌拉尔山脉
98524	无赖|虚开|诬赖|雨来
9852452	于莱喀
9852484	乌拉圭
9852498	愈来愈
9852498386	愈来愈多
9852498426	愈来愈好
98524986664	愈来愈浓
985249873	愈来愈热
98524987426	愈来愈少
98526	御览|渔捞|玉兰|虚劳|阻拦|雨涝|预览
9852622886	乌兰巴托
98526242286364	乌兰察布盟
9852628	乌兰布
98526284374266	乌兰布和沙漠
9852632	乌老大|武老大
985263364	五老峰
98526379264	鱼烂而亡
985264	五郎|阻抗
9852642683	乌兰浩特
9852643583	鱼烂河决
985264466498	与狼共舞
98526482	玉兰花
985264924	俞康宰
98526748	玉兰树
98526789264	鱼烂取亡
98526882364	鱼烂土崩
9852692543	鱼烂瓦解
9852693	徐老爷
98526948	许老秀
985269894	无靠无依
985274	于拉栖
98527426	乌拉山
985283742674	乌拉特前旗
9853	五颗|娱乐|徐克|无可|许可|预科|鱼科
9853226	预科班
9853242626	无可辩驳
985324264	娱乐场
985324364	娱乐城
985324586	无可比伦
98532464	无可比拟
9853246426	无可避免
98532494264	无可比象
985326934	无可安慰
98532853	无可不可
985332626	无可反驳
985333494	无可非议
98533364426	无可奉告
9853368736	无可否认
98534	五类|族类|物类|鱼类|鱼雷
985343634	无了根蒂
9853446643464	五雷轰顶
9853458248464	鱼雷快艇
9853468334	无可厚非
985348464	鱼雷艇
9853484926	无可讳言
9853526	乌克兰
9853526736	乌克兰人
985354	于克里
9853548926	无可救药
9853586	徐克俊
985362443	无可奈何
985364	预冷
98536464948264	无可名状
98537664	五棵松
98537664736	无可容忍
985378	娱乐区
98537826	娱乐圈
985378324	无可取代
98537843	无可如何
98538426	于乐调
9853842684	无可挑剔
985384324	无可替代
9853926484	无可挽回
985393	娱乐业
985393234	无可责备
985394	于乐艺
9853942654264	无可限量
985394364	许可证
9853943642426	无可争辩
98539436494	无可争议
98539442426	无可置辩
9853944484	无可置喙
985394493	无可指责
985394494	无可置疑
9853946	喻可欣
98539464	娱乐性
9853982853	无可无不可
985398948	无了无休
9854	乌利|乌力|乌里|乌鸡|五级|五里|余力|余悸|余里|勿吉|屋脊|屋里|无几|无力|无机|无极|无理|无礼|无稽|无级|无际|武力|武技|污迹|淤积|物力|物理|狱吏|玉立|祖籍|续集|胥吏|舞姬|蓄积|虚礼|足迹|郁积|阻击|阻力|雨季|预计|鱼际
98542	五加|五家|余家|余架|屋架|徐家|御驾|愈加|无价|渔家|物价|瑜伽|瑜珈|虚假|许家
98542226	无价宝
98542234	喻家碑
9854224264	叙家常
9854226	渔家傲
9854228636	物价部门
9854233494264	物价飞涨
98542364	物理层
9854242443	物价改革
98542426234	无级变倍
985424264	徐家岗
98542426478	伍家岗区
98542426482	物理变化
985424326	物极必反|物极必返
9854246	徐继斌
985424664986	物价工作
985424826	吴基传
98542482654	物价管理
985424826944	物价管制
98542484	徐家汇
98542486	无假货
9854253484	无家可归
9854253484943	无家可归者
9854254	乌贾基
9854258	物价局|许嘉璐
985426	五件|五建|五联|五角|五间|余件|余间|午觉|午间|屋角|愚见|无聊|无间|物件|物料|组件|组建|续建|羽箭|舞剑|足尖|足联|足见|遇见|预料|预见
98542628284	无坚不摧
98542628326	预料不到
985426289426	无坚不陷
985426324	无肩带
98542632568	五角大楼
985426326	无间道|预料到
9854263264	许见方
98542632934	无聊乏味
9854263826	无间断
9854264	乌亮|乌江|五两|五辆|余粮|余辆|吴江|屋梁|无疆|无量|武将|郁江|雨量
985426438	吴良辅
9854264424	乌梁海
9854264586	吴将军
98542647426	无量山
9854264744	吴江市
985426474634	五讲四美
9854264748	无量数
985426478424	乌梁素海
9854264826	五连冠
98542649258	鬻良杂苦
985426493	五粮液
98542649426	吴江县
98542649436	乌江镇
9854264944948	无疆之休
9854265264	于建康
9854265324364	无间可乘
985426543	欲了解
985426646	吴建民
985426744334	无间是非
98542674474	虚骄恃气
98542692	无尖牙
98542694424	语简意赅
98542694494664	预料之中
9854269464	五角星|预见性
98542694664	吴健雄
9854269468	俞莲舟
9854269826	武连元
9854269853	寓教于乐
9854269863664	雨帘云栋
9854269894	无间无隙
985427426494264	物价上涨
9854274694364	御驾亲征
98542784	于嘉瑞
9854294264	许家祥
98542944226	无价之宝
98542944748	物价指数
98542944984	欲加之罪
98542946	吴家馨
985429466434	武家兄弟
98542948264	吴家庄
98542983	雨夹雪
9854298744	无家无室
98543	五届|五戒|五节|序列|御街|渔猎|租借|租界|组接|误解|郁结|阻截
98543269464	物理反映
985433364	无接缝
9854334	租借地
98543345426	无机肥料
98543347484	无机废水
985433694	无极分子
985434	无礼地
985434944	物理地址
9854356645426	无界空间
98543794664	无疾而终
98543868	无接头
98543944	无节制
985439664	祖列宗
9854426	无力感
985443	五里河
9854466454	物理攻击
9854482	徐立华
985448243	无机化合
98544824398	无机化合物
9854482983	无机化学|物理化学
98544848426	无力回天
9854486	无级棍
9854526482	雾里看花
98545324364	无机可乘
985453624	无计可奈
985453744	无技可施|无计可施
985453748	无迹可求
98545388	无利可图
985453986	无迹可寻|无际可寻
985454	于黎丽|徐力里
985454264	物理奖|物理量|蓄积量
985454264326	物极将返
9854543583	无力解决
98545464664	无力进攻
98545487468	五积六受
985458	无纪律
98546	乌金|于今|五斤|五金|余烬|无尽|榆林|武林|武进|浴巾|玉林|租赁|租金|育林|足金|雨林|雨淋|鱼鳞
98546226	吴劲草
985462443	无计奈何
985464	五岭|五经|徐经|武岭|武经|武警|武陵|物镜|育龄|芜菁|虚惊|语境|谕令|预警
98546424364	许景澄
98546428384	武警部队
98546432224	无精打彩|无精打采
985464326	于玲范
985464326736	玉灵道人
98546437524	无胫而来
98546437586	五零二落
98546437944	无胫而至
985464379464	无胫而行
98546437968	无胫而走
985464534	徐静蕾
98546454	预警机
9854645426	吴敬琏
98546464	无计名|无记名
9854646426726	鱼惊鸟散
98546472634	五经扫地
985464736	徐镜人
98546474	武经七
9854647426	武陵山|雾灵山
98546474726	五零四散
98546474986	语惊四座
98546484	吴金贵
985464842693	物竞天择
9854649264	巫陵王
9854649269826	雨井烟垣
98546493	徐敬业
9854649424264	虚惊一场
985464944486	欲令智昏
9854649464	吴令英
98546494645826	雨零星乱
9854649464726	雨零星散
9854649664	许敬宗
985464966428	武警总部
9854649664926	武经总要
9854649826	武陵源
9854654264	于津梁
98546586	御林军
985466744	物理模式
985466858	五金模具
9854674	无尽期|足临泣
98546744	武进士|玉林市
98546744634	武进士梅
9854674498	武进士徐
98546747424	雨淋日晒
9854674944	雨淋日炙
98546749664	物尽其用
985467664	鱼鳞松
985468426942	误尽天下
985468823	鱼鳞图册
985469394	纡金曳紫
985469426	武进县
9854694264	喻林祥|胥金章|郁金香
985469449826	语近指远
9854694664	武林中
98546968543	于今犹烈
985469869426	雾鳞云爪
985469874664	无尽无穷
9854698948	无尽无休
9854736	屋里人
9854742642426	无理强辩
98547436	吴立身
9854744	无理式
98547468736	虚己受人
985474748	无计其数
9854748	无理数
98547826	无机酸
9854786	物理所|许立群
985478626	无理取闹
98547863264	无级缩放
9854786624	无计所奈
98548	乌桕|五九|五六|叙旧|物流|许久|酗酒|预留
98548224	五六百
985482249826	五六百元
9854824	五六次
9854824326	物救必反
9854828	五六步
9854833694664	五六分钟
985484	无机体
9854843	五六个
9854854	五六里
98548548	乌溜溜
9854864	五六米
985486426	五六年
985486464	五六名
9854874	吴六奇
985487426	五六千
9854874266426	五六千年
9854874269826	五六千元
98548744	五六十
9854874443	五六十个
9854874454	五六十里
985487446426	五六十年
98548744784	五六十岁
98548784	五六岁
985488426	五六天
98548926	五六万
9854893	物流业
9854894264	五六丈
98548944	五六只
985489464	武九姓
9854898946	无旧无新
985489898	无咎无誉
985492	乌里亚|叙利亚
9854924	无例外
9854926	无机盐
9854926748	无理要求
985492736	叙利亚人
98549278824	乌里雅苏台
985493326	物极则反
9854934	乌里韦
98549343364	鬻鸡为凤
98549345426	物力维艰
98549374824	物极则衰
985494	于祭仪|物理系|玉玑子
98549422	无力自拔
98549426	阻击战
985494264484	物离乡贵
98549426542	无力招架
9854943	蓄积着
9854944826	无稽之谈
98549464944	物理性质
9854948464	虚己以听
9854948494434	无立锥之地
985498	五里雾|无机物
9854983	物理学
9854983542	物理学家
9854983543	物理学界
9854984826	与己无关
98549869664	雨迹云踪
985498736	于己于人
985498744	无济于事
985498944	无立足之
985664	乌龙|五龙|玉龙|育空|虚空|鱼龙
9856642242426	鱼龙百变
985664234	玉龙杯
985664242	乌龙茶
9856642878	无孔不入|无空不入
98566443	育空河
98566448692	鱼龙混杂
9856645464	乌龙岭
98566458	乌龙驹
985664748	乌龙球
985664944683	祖龙之虐
9856649458	祖龙一炬
9856649837426	玉龙雪山
98568	五口|峪口|鱼篓
98568224	无口才
9856822674	无寇暴死
98568944542	五口之家
9858	五具|五句|五局|五律|五路|寓居|愚鲁|无惧|无路|武举|武库|渔具|玉露|祖居|祖率|祖鲁|舞剧|语句|语录|豫剧|雨具|雨露
98582	虚夸
985824	五块|愉快
9858248474364	嘘枯吹生
98582498426	愈快愈好
985826	五卷|余款|鱼卵
9858264	五矿|钨矿
985826434	徐匡迪
98583	五绝|欲绝|武略
985833826	无决断
985836664	吴觉农
985839464265464	足厥阴肝经
985839826	无绝缘
98584	无愧
9858498	无愧于
9858498946	无愧于心
985853	乌鲁克
985853826	无路可逃
985853968	无路可走
98586	五轮|序论|无菌|无论|渔轮|绪论|舆论|迂阔
9858642694	虚论高议
985864334	无论何地
9858648	乌伦古
98586482726	舆论哗然
985864848	乌伦古湖
985865426	武论剑
98586543	舆论界
985866464	吴俊明|徐俊鸣
98586726	预扩散
98586744	无论是
985867484	无论谁
985867843	无论如何
98586874	乌鲁木齐
98586874744	乌鲁木齐市
985869369264	无论怎样
98586944586	迂阔之论
985874434	足履实地
9858748	无拘束
98588664	武拒统
98588826	舞剧团
98589264	于居洋
9858942548	恶居下流
98589828	无拘无促
98589838	无拘无缚
985898534	欲哭无泪
98589874	无虑无思
985898748	无拘无束
985898968	无虑无忧
9862	武麻
98622	作罢|运八
986224	云彩|做菜|韵白
986226	云板|云豹|佐餐|作伴|作保|做伴|坐班|寻宝|旬报|柞蚕
98622637	作伴儿
9862264	左膀|座舱|蕴藏
986226454264	蕴藏量
986226496824	左膀右臂
98622674	柞蚕丝
9862269689664	左抱右拥
98623	左侧
9862336744	五马分尸
986234	尊卑
9862342426626	坐北朝南
98623428336	尊卑不分
9862364	云层
986236989468	云奔雨骤
9862393496	运策帷幄
98624	余脉|作弊|作词|做爱|坐次|左臂|座次|无奈|运笔
986242	巡察|巡查
9862426	坐标|坐禅|左边|座标
986242638	孕产妇
98624264	作伥|寻常|尊长
986242642249464	寻常百姓
98624264744	寻常事
986242649448	循常习故
986242674	坐便器
986242694	坐标系
98624269468	坐标轴
986243	作别|坐车|晕车
986243326	坐车到
986243524	坐车来
9862436	匀称
98624364	作成|做成|尊称|运城|郓城
986243644824826	做成花环
98624364744	运城市
986243649426	郓城县
9862436494264	左丞相
9862437546	循次而进
98624378	坐车去
986243926	晕车药
986244	训斥
9862443	无奈何
98624474262364	坐吃山崩
98624474265664	坐吃山空
986246	云鬓
98624664	尊崇
9862468	寻仇|运筹
986246824874	运筹出奇
986246858374364	运筹决胜
9862468742654	运筹千里
986246893496	坐筹帷幄|运筹帷幄
9862468983	运筹学
9862468989826	云愁雨怨
98624742644826	作壁上观
98624744	做爱时
986248	作出|做出|运出
98624826	坐船|左传|晕船
98624826326	坐船到
986248264	坐床
98624826498348	云窗月户
98624826498394264	云窗月帐
98624826524	坐船来
9862482678	坐船去
98624826926	晕船药
986248524	匀出来
9862486326	与那国岛
98624894824	作出姿态
986249643	无奈我何
98624986	做爱做
98626	云安|作案|侮慢|巡按|左岸|羽毛|豫南|遇难|阻挠|雨帽
986262	许妈妈
986262436494264	遇难呈祥|遇难成祥|遇难成详
986263364626	羽毛丰满
986263768	五男二女
9862664	遵从
98626736	作案人
986267426	羽毛扇
98626748	羽毛球
98626748384	羽毛球队
98626748724	羽毛球拍|羽毛球赛
986267826486	誉满全国
986267826748	誉满全球
986268426942	誉满天下
98626943	遇难者
9862698386	鬻矛誉楯
98628	巡捕
986282466494	坐不重席
9862824848264	坐不垂堂
986282694	坐不安席
986283264	巡捕房
986284249464	坐不改姓
98628486	左不过
986285426	做不了
986285848264	坐不窥堂
986287464	左步青
986294645664	无马行空
9863	作恶
98632	作法|作答|做法
986324	坐待
9863249464	恽代英
986326	作到|做到|做饭|巡道|晕倒|殉道|训导|运到
98632633647464	云淡风轻
9863264	作坊|允当|寻访|巡防|左方
9863267264636	左道旁门
986326943	殉道者
9863269838	云翻雨覆
986329424	作法自弊|作法自毙
986334	作废|运费
9863364	作风|坐等|尊奉|遵奉
986336422698	迅风暴雨
986336428226	作风粗暴
9863364289464	寻风捕影
986336438582	作风浮夸
98633644869464	作风过硬
9863364926546	作风严谨
986336494869464	寻风捉影
98633863826	作恶多端
98634	乌梅|云滴|五枚|余枚|坐地|妩媚|宇内|屋内|愚昧|物美|舞美|运抵|须眉
9863426	坐垫|座垫
98634269478	运掉自如
986343369264	坐地分赃
986343664736	妩媚动人
9863438694	妩媚多姿
986345425426	物美价廉
986345426224	须眉交白
98634582364	五内俱崩
9863458336	五内俱焚
98634586468	愚昧落后
9863462637	须眉男儿
9863462694	须眉男子
9863464	坐定
98634736	虞美人
9863474354	舞美设计
98634768926	愚眉肉眼
9863478336	五内如焚
98634843	坐地铁
9863494482	坐地自划
9863498944	愚昧无知
98636	五门|余门|午门|屋门|玉门|郁闷
986362853	郁闷不乐
986364	无能
986364289426	无能不晓
9863645464	吴梦玲
9863646364	雾蒙蒙
9863646464	吴孟明
9863647426	乌蒙山
986364826	玉门关
98636493454	无能为力
98636493494	无能为役
986364944234	无能之辈
9863649854	无能无力
98636568	禹门口
9863664	作东|做东|运动
986366424264	运动场
98636642464	晕动病
986366438	运动服
9863664384	运动队
9863664426	运动感
9863664484	运动会
986366448638	运动过度
986366454264	运动量
9863664542654264	运动健将
98636647426	运动衫
986366474365464	运动神经
9863664743654649826	运动神经元
9863664744	运动史
98636649426	运动战
9863664943	运动鞋
98636649464	运动型|运动性
9863664948264	运动装
98636649826	运动员
9863664983	运动学
9863674	郁闷死
98636744	玉门市
986368	熨斗|芸豆
9863698724	无门无派
98637	左耳|昨儿
9863728744	遵而不失
9863732424	坐而待弊|坐而待毙
98637324326	坐而待旦
9863743	昨儿个
98637586326	坐而论道
9863798744	遵而勿失
98638	云浮|佐夫|孕妇|巡抚|驯服
9863826	云端
98638265426	寻短见
986384	作对|匀兑
9863848	寻杜谷
986386	云朵
9863869687426	左躲右闪
98638736	尊夫人
986389689468	左辅右粥
9863898	云拂羽
9864	五米|余米|忤逆|污泥|淤泥|玉米|虚拟|阻尼
98642264	玉米棒
9864226494	玉米棒子
986424	云海
98642464	玉米饼
986426	五年|五面|余年|作好|做好|尊号|屋面|欲念|武庙|祖庙|育苗|蕴含|蕴涵|讯号|鱼苗
9864264	云冈|云航|巡航
9864264226526	徐娘半老
9864264326326	巡航导弹
986426474458	云冈石窟
986426474866	寻行数墨
986426489464	乌面鹄形
986426494	武娘子
9864264986768	做刚做柔
98642654482	五年计划
986426583586	语妙绝伦
9864267426	余年前
986426747464	乌鸟私情
9864268426942	语妙天下
9864269449264	无冕之王
9864269863	做好做恶
986426986324	作好作歹|做好做歹
986428624874	虚拟存储器
9864289426	忤逆不孝
98642898	愚迷不悟
98643	云和|余孽|污蔑|诬蔑|运河
98643334326	巡戈飞弹
9864336	玉米粉
986434	玉米地
986436	寻根
9864364	作梗
98643654834	寻根究底
98643693634	寻根问底
986436948434	寻根追底
9864378	运河区
98643944926	训格之言
986443426	与你何干
986448	玉米糊
9864482	虚拟化
986454394	须弥芥子
98646	愚民|渔民
98646248424	与民除害
986464	五名|余名|域名|无名|无宁|无明|武宁|毋宁|虚名
98646426	玉米面
98646433	吴铭德
986464364744	与民更始
98646436894664	榆瞑豆重
98646438	武铭夫
986464486	无名火|无明火
98646448674	无名火气
98646454394	域名解析
98646464	玉米螟
986464643486	无名孽火
986464744	无名氏
986464748234	无名鼠辈
9864647486	勿宁说
9864649426	武鸣县
9864649426234	无名小辈
986464942698	无名小卒
986464944	无名指
986464944234	无名之辈
986464944486	无名之火
986464944744	无名之师
98646494478	无名之朴
986464946494664	无名英雄
98646494664	徐明忠
9864649466438	无名肿毒
986464986542	无名作家
9864649893	无明无夜
9864664	作工|做功|做工
98646866453	与民同乐
986468934	左后卫
98646942	吴敏霞
986469436454	与民争利
9864726326	五迷三道
98647426	须弥山
9864744543	虚拟世界
98648	五牛|作古|坐骨|寻呼|训诂
986482	作画|坐化|循化|训话|遵化|驯化
9864824	作怪
9864824285826	坐怀不乱
98648247445426	运乖时蹇
9864826	做官|寻欢|循环|运管
986482624364224	坐观成败
986482632	循环法|循环阀
986482632638	循环反复
98648264368	左光斗
98648264548	寻花觅柳
986482648368	坐观虎斗
986482649426	左光先
986482654546	循环基金
9864826586	循环论
986482662	循环码
9864826724	循环赛
9864826724543	循环排列
986482674	循环器|循环气
9864826744	循环式
9864826744826	循环器官
986482674548	循环气流
98648267484	循环水
9864826786	循环群
986482684	循环体
9864826926438	循环往复
98648269426524	循环展开
98648269426748	循环小数
9864826944	循环制
98648269464	循环性
9864826948664	循环系统
986482694874	循环注气
9864826983826	循环无端
986482698653	寻欢作乐
986482936548	寻花问柳
9864829426	遵化县
98648384	五牛队
986484	云贵|作鬼|做鬼|寻回|尊贵|巡回|训诲|运回
98648432658	循规蹈矩
9864844269826	云贵高原
986484524	运回来
9864845426	作鬼脸|做鬼脸
986484724	巡回赛
98648474364	荀慧生
9864847468548	循规守旧
98648478	运回去
986484926	左回焉
98648492624264	巡回演唱
986484926248	巡回演出
9864849426	巡回展
9864849867436	做鬼做神
9864854	寻呼机
986486	做活|殉国|运货
98648624364	左国城
98648637	做活儿
98648664924	与你同在
98648678	晕过去
98648684265664	云过天空
98648692647436	徇国忘身
9864874365464	坐骨神经
98648824	寻呼台
986489264	寻呼网
9864893	寻呼业
98648968726	左顾右盼
98649442484	无米之炊
986494434	鱼米之地
986494494264	鱼米之乡
98649464	虚拟性
986494867484	污泥浊水
9864986	须弥座
98652	左拉
98652453	运来了
98652474248	云开日出
986524946	寻开心
986526	坐牢|旬刊|熏烤
98652624968	尊老爱幼
98653	作乐|作客|做客|坐客|逊克
986534	迅雷
9865342854	迅雷不及
986534285492637	迅雷不及掩耳
9865343364543	迅雷风烈
98653642263364	坐冷板凳
98653642426	左冷禅
98654	云集|佐理|勋绩|坐力|寻机|巡礼|座机|循例|晕机|迅即|迅疾|运力
986542	作价|作假|作家|尊驾|询价|运价
98654224	做礼拜
9865424832	迅即出发
9865424854	迅即处理
9865426	云间|佐料|作料|作贱|作践|坐监|寻见|巡检|左联|左脚|训练|韵脚
9865426226	训练班
986542624264	训练场
98654262426434	训练场地
986542628	训练部
986542632653	作奸犯科
98654264	云量|浔江|运量|驯良
986542647426	坐江山
98654264826	训练馆
9865426498	左良玉
986542653	训练课
98654265426	训练舰
986542658	训练局
986542674	训练器
98654268826	训练团
98654269438	作茧自缚
98654269454	作贱自己
98654269464	训练营
986542696878	训练有素
986542786	作家群
986542826	坐立不安
986543	殉节|蕴藉|训诫|迅捷
98654394	左杰伊
986546	云林|云锦|左近|运进
986546243643364	运斤成风
9865464	云岭|匀净|尊敬|巡警|训令
9865464426748	寻径函数
986546448268426	坐井观天
9865464526744	尊敬老师
98654647426946	坐领乾薪
986546474494264	尊敬师长
986546783364	运斤如风
9865469426	云林县
986546968743	左邻右社|左邻右舍
98654746832	遵纪守法
9865478	孕激素
98654894866	寻流逐末
9865664	云龙
9865664546492	云龙井蛙
986568	云楼|座楼
98658	左路|韵律|驯鹿
9865824	云块
9865826	作乱
98658269689424	左宽右窄
986583	勋爵|晕厥
98658586	左路军
986586	坐落|巡逻|座落|陨落
986586243	巡逻车
986586246824364	坐困愁城
986586384	巡逻队
98658654	巡逻机
9865865426	巡逻舰
9865867426	左昆山
9865867468368	作困兽斗
986586746874264	左轮手枪
9865868464	巡逻艇
986586924	座落在
9865874	云居寺
98662	驯马
986626	云南|作难|殉难
986626224926	云南白药
9866262426234	坐南朝北
98662632983	云南大学
98662634	左懋第
9866264269826	云南高原
986626466482548826	云南红塔集团
98662674364	云南省
9866267664	云南松
986626943	殉难者
986626968626	左难右难
986626983	做满月
986634	做媒|运煤
986634624	左美奈
986634926	做媚眼
9866364	云梦|做梦|迅猛|运能
9866364329426	迅猛发展
986636434	迅猛地
98663644364	左梦庚
9866364634	左梦梅
9866364746	云梦秦
986636493	云梦泽
98663649426	云梦县
986636494267464	云梦闲情
98664	寻觅
9866426	左面
98664264	酝酿
986642674264244	尊年尚齿
98664267468726	作鸟兽散
986643	作孽
9866464	殒命|遵命
986646443744	循名核实
9866464526744	循名考实
9866464626	左宁南
986646493744	循名责实
98664724	逊尼派
98664944243	云泥之别
98664989426	云迷雾罩
986664	务农|愚弄|舞弄
9866642249464	愚弄百姓
986664736646	愚弄人民
98666478694664	愚弄群众
98666493666	舞弄文墨
986664943	舞弄着
9866664	作弄
98668	云母|作呕|愠怒|蓄谋|韵母|预谋
986686	允诺
9866894548	蓄谋已久
986694	吴摩西
986724	作派|做派|左派
986726	云散|云盘|晕染|熏染
9867265664	云绕龙
98673	愠色|逊色
986734	作陪
986736	作人|做人|寻人
98673674744	坐喷气式|寻人启事
986736986744	做人做世
98674	云气|做起|坐骑|孕期|寻思|寻死|左思|徇私|昨日|汛期|运气
9867426	云山|云杉|孕前|巡哨|巡山
98674262445664	坐山吃空
98674263426	坐山雕
98674264	左上
986742643264	左上方
98674264524	运上来
9867426453	座上客
986742645426	左上角
98674264746946	坐上琴心
9867426482648	坐山观虎
9867426482648368	坐山观虎斗
9867426546	云杉林
9867426886	云山屯
9867426934	左前卫
98674269367484	寻山问水
9867426989426	云山雾罩
98674364	寻声|循声
9867436438484	循声附会
9867436494	做生意
9867436986484	做神做鬼
98674394	左撇子
986744	云室|作势|做事|坐失|坐视|寻食|尊师|巡视|训示|运十|陨石
98674424364224	坐视成败
9867442474364	尊师爱生
9867442488	尊师爱徒
98674426	左师伯
986744284826	坐视不管
9867442854	坐视不理
98674428548	坐视不救
98674428744	作事不时
98674437	运十二
986744484326	尊师贵道
9867445264	左侍郎
9867445364	陨石坑
9867445426454	坐失良机
9867445494	坐失机宜
986744664	左企弓
98674474265664	坐食山空
98674474364334	寻事生非
98674474454	坐失事机
98674474524	寻视起来
986744946645426	尊师重教
98674498	陨石雨
9867449826	巡视员
98674524486	寻死赖活
9867454646426	运思精妙
986746	作品|尊亲
9867463264968	寻亲访友
9867464	左倾|徇情|殉情|汛情
9867464486	寻死觅活
9867464926432	徇情枉法
98674649264946	徇情枉心
98674649894	云情雨意
98674654	作品集
9867465426543	作品简介
9867468	做寿|坐收|左手|左首|遵守|驯兽
9867468438664	遵守合同
98674684823264	左手画方
986746848493	遵守规则
98674685426	做手脚
98674685458	遵守纪律
986746894264	左手掌
9867468944	左手指
98674689854	坐收渔利
986746898726	云收雨散
9867469426	作品展
9867469826	作品选
986747464	徇私情
986748	寻求|运球|运输
986748243	运输车
98674824826	运输船
986748248524	寻求出来
98674828	运输部
98674828384	运输部队
98674828926	坐树不言
986748384	运输队
98674854	运输机
9867485426	运输舰
98674854264	运输量
9867486	驯顺
9867486464	左丘明
9867486636	左顺门
98674869687486	左说右说
9867489264	运输网
98674892643	云树遥隔
98674893	运输业
9867489426	运输线
986748943654	寻求真理
986748944744	寻求知识
98674898926	坐树无言
98674926432	徇私枉法
9867496894264	左思右想
986749824	徇私舞弊
9867498624	徇私作弊
9867664	尊容|尊荣|运送
986768	熏肉
98678	作曲|匀速|迅速
9867824854	迅速出击
9867826	左权|运算
986782674	运算器
98678269426	左权县
986783	云雀
986784	作祟
98678542	作曲家
986787444826	作如是观
9867894	作曲系
986789449426	匀速直线
98678948263664	匀速转动
986789838	云趋鹜赴
986789863664	匀速运动
9868	乌木|五亩|余亩|余怒|巫女|序幕|榆木|玉女|畜牧|祖母|舞女|雨幕|鱼目
986824	云台|芸薹
986824234	左太北
986824264	畜牧场
9868247426	云台山
986826	匀摊|坐探|座谈|熏陶
9868264	坐堂|熨烫
986826484	座谈会
98682786326	巽他群岛
98683364226	雨沐风餐
986834	无目地
98683434	无目的地
9868364	佐藤
98684	云梯
9868426	云天|巡天|昨天
9868426942	坐天下
986843	陨铁
986843326224	运铁蛋白
98684869436	鱼目混珍
9868486948	鱼目混珠
98684968743	左提右挈
986858	祖母绿
98686	许诺
9868626	郁怒难
9868664	运通
986868	云头|做头
9868689482694264	晕头转向
986868986626	晕头晕脑
986874264	郁怒伤
98688	云图|作图|运土
9868826	云团
986884	左腿
9868869458	云屯蚁聚
986887468943	循涂守辙|循途守辙
986893	畜牧业
98689349426	余怒未消
9868944236	无木之本
98689465464	玉女心经
986924	坐在|运载
986924466458	运载工具
9869244865426	运载火箭
986924937468	左外野手
986926	云烟|尊严|巡演|左眼|昨晚|熏烟
9869264	云阳|殉葬|运往|郧阳|驯养
9869264324744	遵养待时
98692645426	巡洋舰
986926474474364	运旺时盛
9869264746	殉葬品
986926486926	云烟过眼
986926749464	坐言起行
98692698693	做完作业
98693	作业|勋业|巡夜|昨夜
98693236	作业本
986934	作为|作伪|做为|坐位|座位|韵味|韵尾
98693494364	作伪证
98693494698	作贼心虚|做贼心虚
98693498638	作威作福
986936	作文|寻问|讯问|询问|韵文
9869367464	左文清
98693684	作文题
98693694264	做文章
9869378	作业区
98694	云翳|作息|作揖|做戏|坐姿|坐席|坐椅|巡弋|左移|左翼|座子|座席|座椅|荀子|讯息|运移|遵义|郧西
986942	云霞|坐下
986942524	运下来
9869425426	左下角
9869426	云霄|作战|寻找|巡展|左舷|运销|遵照|郧县
986942622654	遵照办理
986942624224	尊贤爱才
9869426248524	寻找出来
986942628	作战部
98694264	作响|勋章|坐像|左掌|芸香
98694264484	左掌挥
98694264636	左掌门
986942647424364	坐享其成
98694264744664	坐享其功
98694264746854	遵章守纪
98694264942458	寻章摘句
98694264968	左向右
98694264986744	做张做势
98694264986944	做张做智|做张做致
986942653	作战科
986942654484	寻找机会
9869426744	作战室
98694267446364	尊贤使能
986942674498	寻找失物
986942678	作战区
98694269264	左贤王
986942693694	寻消问息
9869426944744	遵照指示
98694269449464	遵照执行
986942698726	云消雨散|云消雾散
986942698943	寻找无着
98694278	运下去
986943	云遮|作协|作者|尊者
9869432424	坐以待毙
9869435426543	作者简介
9869436	坐镇|巡诊
98694364	佐证|作证|左证|熏蒸
98694364326	云铮道
9869436454	熏蒸剂
98694369426	做针线
98694394646464	作者姓名
986944	寻址|殉职|熏制|韵致
986944742654	坐知千里
98694478334	运指如飞
98694478668	运智铺谋
9869448494	遵义会议
98694492	佐治亚
986944929468	佐治亚州
986944942493	寻枝摘叶
9869449426474264	运之掌上
986944968248	左支右绌
9869449688426	左支右调
986945494	遵一级字
986946	寻衅
98694624264326	坐薪尝胆
9869464	尊姓|巡幸|巡行|左营|运营|运行|遵行|陨星
9869464326464	尊姓大名
986946474264	运营商
986946474944	运行日志
986946488	运行图
9869464926	云英岩
9869464948384	寻行逐队
98694664	云中|尊重|座钟
986946643426	云中雕
9869466443	云中鹤
9869466478694664	尊重群众
98694664944744	尊重知识
9869468	云州|左子穆
98694694744	寻衅滋事
9869469826326	坐薪悬胆
98694744	遵义市
986947445426	作息时间
9869474494	运移时易
986948	作主|作秀|做主|允修|尊主|左袖
98694826	运转
986948262824264	运转不畅
986948264	坐庄
98694826744524	运转时来
9869486	允准
98694867444824	运拙时乖
98694867445426	运拙时艰
986949364829863664	左翼文化运动
98694936926	寻医问药
986949426	郧西县
9869496894	左宜右宜
98694968968	左宜右有
986962826	坐卧不安
986962854	坐卧不离
98696286464	坐卧不宁
9869664	作用|寻踪|运用
986966422424364	坐拥百城
98696643426	作用点
986966454	作用力
98696646454	寻踪觅迹
986966474824364	坐拥书城
98696648264	左宗棠
98696649478	运用自如
98696649878	运用裕如
986968	云游|巡游|左右|运走
986968224486	左右采获
98696823	左右侧
986968336	左右分
98696833649826	左右逢原|左右逢源
98696848726	左右顾盼
9869685244664	左右开弓
9869685424664	左右夹攻
9869685426	左右脚|左右间
98696854264	左右两|左右江
9869685426443	左右两个
98696854264626	左右两难
98696854264986	左右两座
986968626	左右脑
986968636	左右门
9869686464	座右铭
986968724	左右派
9869687468	左右手
986968748264	左右双
986968926224	左右摇摆
986968934626	左右为难
98696894	左右翼
9869694369426	坐卧针毡
98698	云雨|云雾|作物|允许|坐浴|孕育|寻租|循序|熏鱼|蕴蓄|训谕|逊于|韵语|鲟鱼|鳟鱼
986982434664	坐无车公
9869826	左旋|晕眩
9869826826236	寻源讨本
986983	巡阅
98698334	左足飞
986983774264	尊无二上
98698394	坐月子
986984264	左足刚
986985426546	循序渐进|循序见进
986986	云云|作训|做作|做做|坐坐|运作|遵循
98698638	作训服
9869864848	晕晕乎乎
9869866464	寻寻觅觅
9869867426968	循循善诱
9869869466474364	芸芸众生
986987426	云雾山
9869888826	坐于涂炭
9869894324664	尊俎折冲
98698968	左祖右
986989894	坐无虚席|座无虚席
9872	五卅
98724	五派|预赛
987243264	物排放
98726	五盘|余三|勿扰|怃然|污染|玉盘|误判|阻燃|雨伞
9872624364	吴三呈
987263364548	雨散风流
987264	租让
9872643	俞三哥|徐三哥
98726484	吴三桂
9872654	足三里
98726543	雨伞节
9872664264	武三娘
98726746	许三品
9872678	污染区
98726826	雨伞套
987268664	武三通
98726942	俞三侠
98726946	武三信
9872698	污染物
987269826	污染源
98729863664	五卅运动
9873	五色|余热|无色|淤塞|燠热|物色|玉色|蓄热|虚热|语塞|郁热|阻塞|预热
9873242	无色差
9873246336	五色缤纷
9873326	物色到
98734	玉佩|组配|许配
9873438	吴佩孚
987349436	吴佩珍
98736	吾人|愚人|族人|无人|武人|浴盆|渔人|育人|误认
98736289426	无人不晓
9873628944	无人不知
9873632642426	与人方便
9873634	无人敌
98736424826	乌篷船
98736426	于人豪
98736482	无人化
987364826	无人管
98736486936	无人过问
9873654	无人机|无人迹
98736543	愚人节
98736568744	予人口实
9873658948	无人居住
98736636434	无人能敌
987367365464	无人认领
9873678	无人区
987369262426	误认颜标
98736934	误认为
987369347426	与人为善
98736936546	无人问津
987369434	误人子弟
9873694364386	无人争夺
9873694434	无人之地
9873694454	渔人之利
987369445464	无人之境
9873694458	无任之禄
987369449426	无人知晓
987369854	误人误己
987369894364	与人无争
987388	五色土
9873942649826	五色相宣
98739464	阻塞性
9873982468	无色无臭
987398948	五色无主
9874	与其|乌斯|五七|五匹|五四|五日|五期|五起|余日|务期|吴起|无日|无私|旭日|武器|玉器|租期|语丝|语气|逾期|钨丝|雨丝|雾气|预期|续期
98742	误杀
9874224	五七百
98742264	乌思藏|乌斯藏
987422926	乌七八糟
987425338	乌沙科夫
987426	五千|五篇|余篇|余钱|午前|屋前|巫山|御膳|恤衫|无前|无铅|榆钱|武山|渔樵|玉山|续签|续篇|羽扇|鱼片
9874262426454264327426	巫山长江大桥
98742626	乌纱帽
9874262824364	无巧不成
9874262824364748	无巧不成书
987426324926	无千待万
98742633	于善德|无善德
9874264	无上|无尚|武强|祖上|误伤|遇上
9874264285426	无商不奸
98742643292	无伤大雅
9874264482647664	无上光荣
9874264548386	五抢六夺
987426474534	物伤其类
98742648	五千户
987426493424826	误上贼船
9874264948264	无上装
9874264968	喻上猷
987426498948	无伤无臭
98742653	无前科
98742654	五千里
9874265426	无偏见
98742654264	五千两
9874265464	乌鞘岭
9874265824	五千块
98742664	余千米
9874266426	五千年
9874267426	虚飘飘
987426748	祖千秋
987426786	余少群
987426926	五千万
9874269264	吴少阳
9874269426	巫山县
987426946	无前因|足窍阴
9874269464	无偏性
98742694674365464	足少阴肾经
987426949826	五千亿元
98742698	五千余|伍绍祖
9874269826	五千元|吴山圆
987426983	徐乾学
987426983264	无偏无党
98742698482	无牵无挂
987426986	吴少勋
9874269876	无偏无颇
98742698926	无千无万
9874269894	无偏无倚
987427464	虞洽卿
987428968	无奇不有
98743	余切|屋舍|无射|榆社|虚设|雾社|预设
9874324	乌斯带
987433649426	无私奉献
98743549464	无舌畸形
987436	乌什|无神|许慎|雨神|预审
9874363264	须慎防
9874364	五声|余剩|余生|嘘声|无声|武生|语声|雨声|须生
9874364326	五声道
98743643426482	无绳电话
9874364342648254	无绳电话机
98743643426744	鬻声钓世
987436434269464	无声电影
987436448254	无绳话机
987436454	无绳机
987436458524	与生俱来
987436474	无生气
98743647426	五圣山|无声片
9874364742637	无声片儿
9874364746874264	无声手枪
98743647474	嘘声四起
98743649442426	祖生之鞭
98743649873	无声无色
98743649894	无声无息
987436586	无神论
987436586943	无神论者
9874366474364	旭日东升
98743674	乌审旗
9874367869464	无伸缩性
9874379364	与日而增
98743874264	舆死扶伤
987439264	无奢望
98744	于是|五世|五十|余实|务使|务实|午时|叙事|喻示|巫师|御史|无视|武士|武师|浴室|物事|玉石|祖师|组诗|舞狮|蓄势|虚实|误事|误食|谕示|遇事|雨势|预示|鱼市
9874422	五十八
98744226426	五十八年
9874422784	五十八岁
9874424264	徐世昌|徐士昌
987442426424	与世长辞
98744243638	与世沉浮
98744246458	虚实并举
98744269426	五七干校
9874428	五十步
9874428336	玉石不分
987442853	无施不可|无时不刻
98744289426	无施不效
9874428942622428	五十步笑百步
987443	五七个
987443238	御史大夫
9874432432	蓄势待发
98744326	武士刀|武士道
98744336494	足食丰衣
9874434	吴师弟
9874437	五十二
98744376426	五十二年
98744378426	五十二天
9874438	徐师傅
98744382436	与世浮沉
98744386	五十多
987443866426	五十多年
98744386784	五十多岁
98744389264	与世俯仰
9874443	五十个
9874443583	与世隔绝
987444378	叙事歌曲
987444664	吴士宏
9874448	于是乎|无事故
98744484	浴室柜
987444869426	玉石混淆
9874454	五十里
9874454264	五十两
987445426454	勿失良机
98744543784	玉石皆碎
98744546	五十斤
98744548	五十九|五十六
987445486426	五十九年|五十六年
98744548784	五十六岁
987445824	五十块
987445826	五十卷
9874458284	玉石俱摧
9874458336	玉石俱焚
9874458546	与时俱进
9874458784	玉石俱碎
9874458942	恶湿居下
98744626	虞世南
987446264	无事忙
9874464	五十米
987446426	五十年
987446426324	五十年代
987446464	五十名|喻世明
9874468	五十亩
98744726	五十三
987447266426	五十三年
98744736334	物是人非
9874474	五十七|五十匹|五十四
9874474364224	虚室生白
9874474364334	无事生非
9874474364744	无事生事
98744744	叙事诗
98744746426	五十七年|五十四年
98744748	吴师叔
9874478	叙事曲
98744784	五十岁
98744824	御史台
9874482492	乌斯怀亚
987448426	五十天
98744842694664	无始天终
987448664784	玉石同碎
9874488494	与世推移|与时推移
98744926	五十万
9874492654264	五十万两
9874493	祖师爷
98744936	叙事文
9874494	五十一
98744942694	与时消息
98744943	于世者
987449439464	与时偕行
9874494524	无始以来
987449464	叙事性
98744946426	五十一年
987449466424364	御史中丞
987449466434	武氏兄弟
9874494686426	五十周年
9874494849464	余食赘行
98744948664	无师自通
98744968	许世友
9874498	五十五|五十余|无视于
98744982464	足食足兵
987449826	五十元|祖士远
987449828	于事无补
987449834	无时无地
987449853	无时无刻
987449854	五十余里
98744986426	五十五年
9874498736	勿施于人
9874498784	五十五岁|五十余岁
987449894364	与世无争
987449894664	无始无终
9874524	组起来
987454	乌斯季|吴思礼
9874546	玉麒麟
987458	武器库
9874586	乌启罗
987458624	无其伦比
9874589364	与日俱增
98746	五品|物品|续聘
987462443	无其奈何
9874626	乌斯曼
987464	乌青|五顷|余庆|吁请|无情|武平|武清|玉屏|玉瓶|舆情
98746426	五七年|俞平伯|武清伯
9874642876	无平不颇
9874643254	无情打击
9874643264466454	余平方公里
987464326464	余平方米
9874643364726	玉屏风散
98746434	无情地
987464468	武清侯
98746454294	虚情假意
987464586	徐青君|许平君
98746474266426	无情少面
98746488694	纡青拖紫
98746489664	欲擒故纵
9874649345426	余情未了
98746494	吴平西|无青子|玉磬子
9874649426	武清县
9874649464	武青婴
98746498224	无情无彩
987464985464	寓情于景
9874649858	无凭无据
9874649894	无情无义
9874649898	无情无绪
987465485826	五亲六眷
9874664	无穷
987466432	无穷大
987466433	无穷的
98746643664	无穷动
98746645378	无穷乐趣
9874664546	无穷尽
9874664742654	欲穷千里
987466474265468	欲穷千里目
98746649426	无穷小
987466498546	无穷无尽
987468	五首|余首|御手|预售|预收
9874684686426	污手垢面
987468484	徐寿辉
987468866453	与受同科
987468986726	雨收云散
987469264	许亲王
9874694	五禽戏
987469848	无亲无故
9874726	无气泡
987473	无起色
987474	五七日
987474364	旭日升
98747486	与其说
9874786668	误其所谋
98747869464	无死锁性
98748	余数|务求|叙述|巫术|序数|无数|榆树|欲求|武术|玉树|羽球|虚数|足球|需求|鼯鼠
9874824	无数次
987482426	无数遍
9874824264	足球场
9874824264364	需求变更
98748264	无双
9874826474	无霜期
987483	伍斯特
98748326	无数道
9874833694	需求分析
98748384	武术队|足球队
987484	午睡|无水|污水|租税|蓄水|雨水|雾水|需水|鱼水
987484244	蓄水池
9874843	无数个
9874844373	蓄水隔热
98748448243	与水化合
987484484984	欲谁归罪
98748454264	蓄水量|需水量
987484688664	需求沟通
9874847243264	污水排放
98748474367464	鱼水深情
987484744426	无水石膏
9874847464	鱼水情
98748474647436	鱼水情深
987484942643364	鱼水相逢
987484942644826	鱼水相欢
98748494264868	鱼水相投
9874849444826	鱼水之欢
98748498484	吾谁与归
987485426	毋丘俭
9874854264	需求量
987485463364	玉树临风
9874858	无数具
987486	叙说|虞舜
98748633648426	雨顺风调
9874863854	无说服力
987486424948	欲说还休
987486426	无数面
987486543	五朔节
98748724	足球赛
987487464	吴树平
9874874647436	需求评审
98748748264	无数双
98748783736	需求确认
987488	乌日图
987488426	无数条
9874889464	无期徒刑
98748926	余叔岩
987489363264	需求文档
987489424	徐秋斋
987489426	玉树县
98748943	需求者
98748944	无数只
9874898	余秋雨
9874926476	鱼死网破
9874926726	语四言三
9874934	吴奇伟|无气味
98749436	吴起镇
987494448264	无私之光
9874948264234	武器装备
987494826542	武器专家
9874948664	武器系统
987496824	无私有弊
987496894	无私有意
98749689426	无丝有线
98749826948	无私援助
98749858	无思无虑
98749862468	雨泣云愁
98749863664	五四运动
98749869664	雾起云涌
98749893	无日无夜
987498934	无私无畏
9874989426	欲死欲仙
9876	巫婆
987664	吴淞|武松|玉容|羽绒|虚荣|雾凇|鱼松
98766438	羽绒服
98766454264	吴淞江
987664568	吴淞口
987664626	许荣茂
987664743694434	无容身之地
987664946	虚荣心
98768	五艘|余艘|鱼肉
987682249464	鱼肉百姓
9876864	于柔靡
987689426454	鱼肉乡里
9878	乌苏|侮辱|圩区|序曲|族谱|无如|无趣|污辱|渔区|组曲|续娶|舞曲|舞谱|语素|语速|误入|误区
987826	五泉|族权|无权|物权|玉泉|钨酸|预算
9878262264	于全邦
98782626	预算案
98782633654	五权分立
987826486936	无权过问
98782658	玉泉路
987826634	预算内
98782664	玉狻猊
98782674	玉泉寺
9878267426	玉泉山
98782674367464	预算申请
987826842694364	预算调整
98782688	无圈图
987826924	预算外
98782694	于权宜
987826942632	五权宪法
98782698744	无权无势
987826989664	无拳无勇
98782832	欲速不达
98783	无缺
9878326244	欲速反迟
9878326386	愈趋繁多
987838	迂曲度
98784	五岁|余岁|虚岁|足岁
98784898	欲取姑与|欲取姑予
9878494264226	玉碎香残
987854	乌苏里|于取利
98785454264	乌苏里江
98786	五所|余所|寓所|族群|无损|污损|祖孙|虚弱|雨润|鱼群
987862443	无如奈何
9878628226	无所不包
9878628234	无所不备
9878628526	虚弱不堪
98786285464	无所不精
98786286364	无所不能
98786287486	无所不说
98786287664	无所不容
9878628826	无所不谈
98786288664	无所不通
9878628924	无所不在
9878628934	无所不为
9878628944	无所不知|无所不至
98786289664	无所不用
987862896647454	无所不用其极
9878628968	无所不有
9878628986	无所不作
98786336454	雨蓑风笠
9878634	于取媚
9878648326	无所顾惮
987864854	无所顾忌
9878653368	无所可否
9878654326	无所忌惮
9878654484	无所忌讳
9878674264	无损伤
987867442664	无所适从
98786744744	无所事事
987867447454	无所施其技
987867664946	无所容心
9878692654	雨蓑烟笠
9878692664	雾锁烟迷
9878692786	无损压缩
98786934	无所谓
98786934326	无所畏惮
9878693454	无所畏忌
9878693458	无所畏惧
98786943	虚弱者
9878694484	无所依归
98786946647464	无所重轻
987869664944	无所用之
987869664946	无所用心
98786986934	无所作为
98787252	乌普萨拉
98787488	误入歧途
98789328	欲速则不
9878932832	欲速则不达
987894	吴汝义|玉如意
98789426	吴汝孝
987894443	无如之何
9878944624	无如之奈
98789464	侮辱性
987898386	予取予夺
987898748	予取予求
987898943	予取予携
9882224	乌塌菜
98824	五台|物态|组态|舞台|语态
9882422654264	物态参量
98824326424364	物态方程
98824524	徐泰来
9882458	舞台剧
988247426	五台山
988249426	五台县
98826	叙谈|武坛|物探|羽坛|舞坛|足坛
988264	鱼塘|鱼汤
98826426586	虚谈高论
98826473698	玉堂人物
98826498265464	虚堂悬镜
9882658426	无套裤汉
98826586586	迂谈阔论
988266264	玉檀忙
988269426	玉檀笑
988274434	足踏实地
988354	徐特立
9883648364	雾腾腾
9884	物体|玉体|鱼体
988426	于田|五天|五条|余天|余条|玉田|羽田|雨天
988426226	于天宝
988426244	吴天墀
98842624826	徐天川
98842643434	乌天黑地
9884264664	徐天宏
988426542	武田家
9884265426	无条件
9884265426868	无条件投
988426568	欲跳楼
98842674	玉田寺
988426936	于阗文
98842694	於天子
9884269426	玉田县
9884269874	无天无日
98843	熨帖
988464	祖庭|舞厅
9884643264	伍廷芳
988464926	吴庭艳
9884649464	吴廷英
98846498	乌廷玉
9884744	无题诗
988486834	五体投地
988664	无痛|梧桐
98866458	无痛苦
988664748	梧桐树
98868	乌头|无头|芋头|鱼头
98868426526	无头甘蓝
988686426	无头鸟
9886898626	无头无脑
9886898934	无头无尾
9888	无土|玉兔
988826	组团|舞团
988826743	组团社
98886	虚脱
988862264	乌托邦
988869826	鱼氽元
9888744	于土石
9888924734	无土栽培
9892	乌鸦|屋瓦|无涯|芜杂|雨蛙
98924	五载|域外|屋外|物外
989242264	于在邦|于外邦
98924264	鱼亚纲
9892448	无外乎
989247369264	物在人亡
9892484	无载体
989253	鱼亚科
98926	五万|五言|余万|余姚|午宴|呜咽|寓言|屋檐|序言|愚顽|戊烷|无烟|无言|玉簪|虚掩|语言|雨燕|需要|须要|预演|预研|预言|鱼盐|鱼眼
989262426424364	五言长城
989262436462	乌焉成马
98926287464	语言不清
98926288664	语言不通
989262894264	语焉不详
9892638	余药夫
9892638432	无言对答
9892638474	无言对泣
98926386	五万多|余万吨
989264	于洋|五脏|勿忘|无恙|无望|无氧|欲望|武阳|渔网|畜养|组网|育秧|舞阳|蓄养|虚妄|鱼网
9892642	乌旺阿
98926422	宇网吧
98926424944	欲言还止
9892642838	无往不复
9892642853	无往不克
9892642854	无往不利
9892642874364	无往不胜
9892643	无言歌
98926432	武王伐
989264372874364	无往而不胜
98926438	吴王夫
98926448237326	五氧化二钒
98926453	武王克
98926454264	需氧量
98926454838	五脏六腑
989264587826	五脏俱全
989264643	武王灭
98926466493	无烟工业
98926474	武王死
989264744	乌羊石
989264744484	虚往实归
989264824	禹王台
9892648498	污言秽语
98926486926	无烟火药
9892648744	寓言故事
9892649264	乌羊王
98926494	玉阳子
98926494438	无妄之福|毋望之福
989264944486	无妄之祸|毋望之祸
989264944924	无妄之灾
989264944968	无妄之忧
98926496	勿忘我
989264989664	勿枉勿纵|无枉无纵
98926526494	无言抗议
9892653384	无言可对
98926542	预言家
9892654264	五万两|需要量
98926542654264	无颜见江
989265426736	无颜见人
9892654873	五颜六色
9892658358	五言绝句
9892658673	无颜落色
98926634	无烟煤|语言美
989266649482	舞牙弄爪
98926736	余姚人
9892674	无烟日
9892674364	吴燕生
98926744	五言诗|余姚市
989267664	吴婉容
98926786	语言所
989268464	于万亭
98926926	吴艳艳
989269264	徐偃王
989269426474	乌烟瘴气
989269432	无言以答
9892694384	无言以对|无颜以对
9892696894	勿药有喜
98926968944	欲言又止
9892698	五万余
989269826	五万元|余万元
98926982693	语言选择
98926983	语言学
98926983542	语言学家
9892698543	愈演愈烈
9892698934	语言无味
989294	无崖子
98929426	于雅先
9892944	无杂质
989294474	无涯之戚
9893	五夜|午夜|无业|浴液|渔业|物业|玉液|祖业|雨夜
9893334	物业费
989338	祖耶夫
98934	乌贼|五位|五卫|五味|余位|余味|余威|喻为|徐渭|无为|无味|无畏|无谓|武卫|武威|虚伪|誉为|鱼尾
9893424364	须为城
989342492	乌叶海亚
9893426	吴伟安
9893428944	无微不至
9893434	无畏地
989343724364	无为而成
9893437944	无为而治
9893448	乌贼骨
98934484	组委会|足委会
98934486	于卫国
9893454264	虞伟亮
989345438	无尾礼服
98934586	武卫军
98934587826	五味俱全
98934648468	毋为牛后
989347426	武卫前
989347464	五味瓶
98934922436	五味杂陈
9893493	吴伟业
98934936	鱼尾纹
9893494	五味子|虚位移
989349424364	无为自成
989349426	无为县
9893494324	虚位以待
9893494482	无为自化
98934944944	无为之治
9893494664	吴惟忠
989349484	五位一体
98934968	武卫右
989349874664	余味无穷
98935426426	无则加勉
989358	于耶鲁
98936	宇文|序文|徐闻|无闻|虚文|语文
98936236	无文本
989364	渔翁
9893643354	渔翁得利
9893647664	伍增荣
9893648	宇文护
9893648254	宇文化及
98936494454	渔翁之利
98936524	宇文恺
9893653	语文课
98936583	宇文觉
98936583968	宇文觉幼
98936586	吴文俊
98936666432	舞文弄法
98936666466	舞文弄墨
98936824	宇文泰
9893693474364	鬻文为生
9893694	语文系
989369464	吴文英
989369664	宇文邕
9893698	宇文虚
98936983	语文学
989374264	徐泽商
9893744944	虚则实之
98938426	武则天
9893968646	无业游民
9893983	虚夜月
9894	乌溪|予以|五一|兀自|卒子|吴仪|吴子|寓意|屋子|巫医|御医|愈益|戊烯|族裔|无以|无异|无息|无意|无疑|无益|无赀|无遗|无锡|武义|武夷|武戏|武艺|武邑|污渍|物议|物资|玉溪|玉玺|盱眙|纡子|羽翼|羽衣|舞姿|蓄意|虚字|语义|语意|语系|豫西|足以|足已|足矣|雨子|雨衣|须子|预习|鱼子
98942	余下|余暇|巫峡|无暇|无瑕|武侠|租下|许下|足下|鱼虾
989424353	乌兹别克|乌孜别克
98942435374826	乌兹别克斯坦
98942435398	乌孜别克族
989424364	于一城
989424854	无暇顾及
98942524	余下来
9894253	徐霞客
9894254	无下级
98942542648	无暇兼顾
989426	五县|五小|五招|余弦|吴县|无效|无线|无限|祖先|续弦|虚线|诬陷|逾限|遇险|阈限|预兆|预先|鱼线
989426234968	预先备有
98942624364	吴献成
9894262486	许显纯
98942632	无限大
989426326	俞小凡
9894263364	徐小凤
989426336448264	无限风光
989426336643	无效分蘖
98942634	无效地
9894263426	无线电
9894263426226	无线电报
989426342626	无线电波
98942634263426	无线电电
98942634263464	无线电定
989426342638	无线调度
9894263426482	无线电话
9894263426744	无线电视
9894263426824	无线电台
98942634268664946	无线电通信
98942638423	无限对策
9894264	五丈|五张|五项|五香|余项|族长|无想|武乡|物象|组长|虚像|豫章|足掌|预想
989426424	无障碍
989426426	吴肇汉
98942642654	无限感激
9894264468	武乡侯
9894264526	吴长老|徐长老
989426453986	无章可循
98942647426	徐向前
989426474364744	虚张声势
98942648264	吴肇光
98942648298	无限花序
98942649426	武乡县
989426494264	吴香香
989426498986	无相无作
9894265263664	无效劳动
98942654	吴小莉|徐啸力|无先例|无效力
9894265426	五仙教|无限连|玉箫剑
98942654264	于贤良|无限量
989426542654	无限连击
9894265426543	无线连接
989426542743	无效假设
989426543	吴小姐
9894265464	吴晓灵
98942654649464	无照经营
9894265664	于小龙
989426646	许宪民
9894266664	徐小农
989426724	予以安排
989426736	吴县人
98942674	无限期
989426743	徐小舍
98942674364	吴先生|徐先生|无招胜
9894267436494264	无限生长
98942674367464	无限深情
989426744	五小时|无小事|无战事
989426744482	无线市话
989426748	许晓书
9894267664	俞晓松
98942678	五线谱
9894268664946	无线通信
98942694	武孝义
9894269426	无限小
989426942643464	预先想定
9894269426748	无限小数
989426944	徐湛之
9894269464	余兆兴|无限性
98942694664	徐晓钟
9894269466424364	无限忠诚
989426982648	语笑喧呼
989426982693	预先选择
989426986	武仙座
989426986726	雨消云散
9894269874	欲仙欲死
989426989664	愈战愈勇
989427426	武侠片
9894274364484	足下生辉
989428	物资部
989428234	无一不备
98942824524	嘘下台来
9894282478	嘘下台去
9894285464	无一不精
9894286364	无一不能
9894288664	无一不通
989428944	无一不知
9894294267486	武侠小说
98943	余者|御者|无邪|武者|续写|舞者|足协|雨鞋
98943234	足协杯
98943245826	无息贷款
989432624	欲益反弊
9894326786	欲益反损
9894332484	无遮大会
989433264	无遮挡
989435354	无懈可击
98943568	无泄漏
989436	乌镇|余震|误诊
989436283826	余震不断
9894364	物证|虚证
9894364264	徐震纲
989436428946	无征不信
989436438	无政府
98943643894894	无政府主义
989436474364	俞正声
9894364826	于贞观|玉真观
98943649426	无证照
9894364944	于政制
9894364948264	无症状
98943694	玉真子
989437334	无翼而飞|毋翼而飞
98943742658	愚者千虑
989438542	无以复加
989439433	愚者一得
98944	五只|五指|五支|余只|余支|御制|御旨|无知|无职|武职|武陟|物质|玉质|祖制|组织|谕旨|足指|足趾|郁滞|阈值|阻值|阻止|阻滞|须知|预制|预支|预知|预置
98944224	足智彩
9894422438	物质财富
98944242643	组织变革
9894424269464	组织变形
989442454	物质刺激
989442486	徐志纯
989442494664	乌之雌雄
9894428	组织部
9894428636	组织部门
9894428643	物质不灭
989442894264	组织部长
9894432	组织法
98944386	须执盾
98944386668	足智多谋
989444664	徐治功|许智宏
98944468934	组织后卫
98944482	组织化
9894448264946	虚掷光阴
98944482694	组织关系
98944484	吴稚晖
989444854	物质鼓励
9894454	无知己|阻滞剂
9894454264	物质量|组织奖
989445426454	物质奖励
98944546	无止尽
989445464	徐致靖|无止境
98944583	无知觉
98944646494	组织名义
9894466	徐志摩
989446649464	物资供应
989447349264	组织培养
989447426	五指山
9894474364486	组织生活
9894474448264	虚掷时光
98944746	许志琴
989447484	禹治水
989447664	吴之荣
98944826424264	五一广场
9894492647486	无知妄说
989449264986	无知妄作
9894493	组织液
9894493326	物至则反
989449366464	物质文明
989449426	武陟县
98944942647468	物质享受
98944943	组织者
989449464	物质性|组织性
9894494664	俞志忠
98944948434	无置锥地
98944948664	组织系统
989449664	许志永
98944983	组织学
98944987826	无职无权
98944989264	物质欲望
989449894664	予智予雄
9894498948	无止无休
98945263664	五一劳动
989452636645426494264	五一劳动奖章
98945263664543	五一劳动节
989452658	予以考虑
98945324364	无隙可乘
989453458	物以类聚
98945426	无意间
989454264	鱼子酱
9894543	五一节
9894546	徐锡麟
9894548	五一六
989454924	无一例外
989458	物资局
98945858	余子碌碌
989458624	无以伦比
98946	五音|余音|庾信|戊寅|无垠|无心|玉音|育新|虚心|语音|误信|足印|足银
98946242548	无心插柳
9894626	豫西南
98946264	吴一氓
989462694	物资贸易
9894628736	于心不忍
98946287826	五音不全
989463364	吴新登
989464	五刑|五星|吴兴|徐行|悟性|无形|无性|武行|物性|育婴|裕兴|鱼形|鱼鹰
989464226	鱼腥草
989464226484	余腥残秽
98946424264	于应昌
98946426	无翼鸟
989464264	吴新刚
98946432	无应答
989464326944	无性繁殖
9894643426	武英殿
9894643736	于心何忍
989464466474	五星红旗
989464482	无形化
98946454	五星级|预应力
9894645426	无影剑|无影脚
989464636	武英门
989464736	吴兴人
9894647426454264	五星上将
98946474364944	无性生殖
989464744584	虚盈实亏
9894647468	无影手
98946478	无兴趣
989464786426	无形损耗
9894649254	无形压力
989464925426	无性杂交
9894649264	于荥阳
989464934546	余兴未尽
98946494	无性系
989464942426	无形资产
9894649426	无影仙
98946494494664	无形之中
989464944984	无形之罪
9894649464	无形性
98946494664	吴应熊|无形中
989464948264	无形状
9894649869664	雾兴云涌
989464989464	无形无影|无影无形
989464989664	无影无踪
9894654264746	无印良品
989465426726	余音缭绕
9894654269426	无心恋战
989465437468	虚心接受
9894654858	五音六律
9894654894	五心六意
9894664	五中|五种|余种|吴中|吾兄|呜钟|愚兄|榆中|物种|狱中|育种|语种|鱼种
9894664266426	余音袅袅
989466426726	余音袅绕
9894664288664	与众不同
98946644264	吴中行
9894664524968	物种来由
9894664586	吴中军
989466472628	雨中散步
989466474364968	无中生有
9894664744	吴忠市
98946647464	吴仲平
989466474647436	语重情深
9894664748	徐中舒
98946647826484	五中全会
9894664866453	与众同乐
989466494624264	语重心长
98946649462436	语重心沉
989466498	徐中玉
9894664983	物种学
9894668742	蓄意谋杀
9894674364	徐寅生
98946744	语音室
989468	五洲|婺州|宇宙|徐州|梧州|渔舟|渝州|禹州|许州|诅咒|豫州
98946824264926	渔舟唱晚
9894682436	宇宙尘
98946824826	宇宙船
98946833424826	宇宙飞船
98946846478	虚心听取
9894684826	宇宙观
9894684865426	宇宙火箭
98946856645426	宇宙空间
989468586	宇宙论
989468742692	虚舟飘瓦
9894687439426	宇宙射线
989468744	徐州市|梧州市
98946874424	五洲四海
9894687838	宇宙速度
9894689426	宇宙站|宇宙线
989468983	宇宙学
98946944486	无心之过
98946946	于欣欣
98946968924	余音犹在
98946983	语音学
9894698584	于心无愧
989472493	无以塞责
9894736	无锡人
98947363464	足以认定
989474	于子嗣|五子棋|无细思
98947426	乌弋山|武夷山
9894742643426	予以强调
98947426624	武夷山脉
98947426744	武夷山市
9894743624264	寓意深长
9894743664	语义启动
989474369826	寓意深远
9894744	无意识|无锡市
98947664	无喜容
9894786336	物以群分
989478843	吾膝如铁
98948	五铢|午休|捂住|族诛|无助|无袖|物主|玉竹|租住|预祝
98948224	吴秀才
9894824364	徐铸成
9894826	五专
98948264	无状|武装|絮状|组装|预装
98948264243	组装车
9894826428	武装部
9894826428384	武装部队
989482642894264	武装部长
9894826432	吴壮达
98948264324	武装带
9894826432692244	武装到牙齿
9894826436894364	武装斗争
98948264436464	武装革命
989482645454264	武装力量
989482645464242	武装警察
989482647369826	武装人员
989482647494	武装起义
98948264868626	武装头脑
989482649426	组装线
989482649426368	武装战斗
989482649826	余壮远
989482674364	五专生
989483364	玉珠峰
9894842426744	无赘表示
98948426748	无字天书
9894843	玉昔帖
989484824546	纡朱怀金
989486	污浊|玉镯
9894868746	乌珠穆沁
989487426	五铢钱
98948786	吴主孙
9894888694	纡朱拖紫
98948936	武修文
989489394	纡朱曳紫
98948944	无休止
9894898	吴茱萸|无助于
9894898944	无休无止
9894926	于艺婉
9894926948264	无以言状
9894934	误以为
9894934226	无以为报
98949343364	羽翼未丰
9894934484	物稀为贵
989493454	无以为继
989493474364	无以为生
989494	无子息|无异议
98949426	徐以显|无锡县
989494324	虚席以待
9894943364	羽翼已丰
9894943526	与子偕老
9894944	无义之
989494432	无以置答
989494438	无衣之赋
989494484	物以稀贵
989494494664	无意之中
989494548	蓄意已久
989494646426	无一幸免
989494654	无吸引力
989494664248264	予以重创
989494823	予以注册
989494934484	物以稀为贵
9894968248	吾自有处
989498	伍子胥|无一物|无异于
9894983	语义学
989498526	无依无靠|无倚无靠
989498744	足衣足食
98949894	无益无异
98963364226	雨卧风餐
989643426	与我何干
9896542649264	物我两忘
989664	吴用|御用|无庸|无用|毋庸|祖宗|租用|语用|误用|需用
989664234	足总杯
9896642436432	祖宗成法
98966426	于永波
9896644664	无用功
9896644826434	武宗皇帝
989664484926	无庸讳言|毋庸讳言
989664486	吴宗国
98966454232	祖宗家法
989664586	无用论
989664744	武宗时
9896647464	徐永清
98966494364	于永正
9896649442426	无庸置辩
989664944926	毋庸置言
98966494494	勿庸置疑|无庸置疑|毋庸置疑
98966494694	无用信息
9896649484748	无庸赘述|毋庸赘述
9896649484926	勿庸赘言
98966498654	雨踪云迹
98966498694364	雾涌云蒸
98966498944	无用武之
9896649894434	无用武之地
989664989464	无踪无影
98968	无忧|许由|鱼油
989683343464	鱼游沸鼎
9896833438	鱼游沸釜
989683464	余有丁
989683834	鱼游釜底
9896838634	鱼游釜内
989683894664	鱼游釜中
98968546334	玉走金飞
9896858624	无有伦比
98968736	于右任
98968742426	虚有其表
98968743	祖右社
98968786944	物有所值
989689264	无忧网
989689436	徐有贞
98968968	乌油油
989689858	无忧无虑
98968986	吴有训
98968989826	无尤无怨
9896984826	与我无关
9898	乌鱼|五五|余裕|余鱼|务虚|务须|呜呜|寓于|屋宇|徐徐|御侮|戊午|戊戌|无余|无序|无物|无虞|无误|无阻|无雨|无需|无须|栩栩|毋务|污物|物欲|物语|狱卒|租与|絮语|组组|虚无|许五|语序|语族|足足|遇阻|郁郁|雨雾|须臾
989822626	五五草案
989822642264	郁郁苍苍
9898234234	祖祖辈辈
9898242632	戊戌变法
989824364326	无足称道
989824586	无与比伦
989826	五元|五原|五员|五院|余元|婺源|徐铉|御苑|无缘|组员|许愿|语源|豫园|预选|鱼原
9898262426	徐援朝
98982628543	无远不届
9898263264	许远放
9898264364	武元衡
989826482	吴元华
98982654	吴元济
98982654266426	无缘见面
9898266426	吴元年
989826642664	郁郁葱葱
989826724	预选赛
98982674	武选司
989826826	玉渊潭
98982693	无原则
989826936	徐元文
9898269426	五原县|婺源县
98982694264	徐院长
9898269447484	无源之水
989826968	无怨尤
989826982468	无冤无仇
9898269833	无怨无德
9898269848	无缘无故
98982698484	无怨无悔
98982853	郁郁不乐
98982854	须臾不离
98983	五岳|五月|吴越|愉悦|武学|武穴|污血|浴血|淤血|租约|续约|足月|逾越|雨雪|预约|鱼跃
9898326326	絮絮叨叨
98983334748264	五月飞霜
989833369426	浴血奋战
989834	足足地
98983482	五月花
98983589426	浴血苦战
9898364	武学秘
98983664	玉虚洞
989837426	吴学谦
98983744	武穴市
98983746	吴月琴
9898374748	五月披裘
98983748	无约束
98983794664	郁郁而终
989838464	许雪亭
9898386386	许许多多
98983867486	无需多说
989839247436	无约在身
989839264	吴越王
989839426368	浴血战斗
9898394364	武学正
98983944	武学之
9898394664	武学中
98983948	武学修
98984	无罪
9898424948	欲语还休
98984364548	物欲横流
98984524744	无罪开释
98984583743	虚嘴掠舌
98984664	玉虚宫
9898474264548	恶醉强酒
989847443264	无罪释放
989848	无须乎
9898482	许昱华
98984824826	郁郁寡欢
989848264	吴祖光
9898484	务虚会
9898494264	乌咀乡
98984989426	欲醉欲仙
989854	足五里
98985426	无组件
9898542743	虚无假设
9898546	于玉麟
9898548	戊戌六
9898548426	五虚六耗
989858432	无虞匮乏
989858624	无与伦比|语无伦次
98986	乌云|五座|五蕴|仵作|余座|余韵|祖训|组训|鱼汛
98986248	吴蕴初
9898632744	虚云大师
98986334934	误作非为
989863664	吴作栋
98986426	戊戌年
98986464	许予明
98986542	于云嘉
9898654264484	纡尊降贵
9898654726	无坐力炮|无座力炮
989865664	徐云龙
9898658	无韵律
98986634	许作梅
989866428	乌云密布
98986736	吴作人
98986746843	乌云其木格
98986748	徐韵秋
989867664	于尊荣
98986936	虞允文
9898694324	虚左以待|虚座以待
989869464	徐训英
9898698	俞作豫
9898726	无污染|玉虚散
989874	戊戌日
989874264	吴祖强
989874266426	虚无缥渺|虚无缥缈|虚无飘渺
989874364	呜呜声|雨无声
989874364248	于无声处
9898744744	虚虚实实
9898746494664	无足轻重
989878484	栩栩如绘
98987874364	栩栩如生
989878943	于余曲折
98988426	无雨天
9898924	无须再
9898926926	呜呜咽咽
989893424	无与为比
9898934264	无欲则刚
9898934743	虚与委蛇
9898934946	戊戌维新
98989349469863664	戊戌维新运动
989894264	吴玉章
9898943642426	戊戌政变
9898944486	无须之祸
98989445426	须臾之间
98989464	虚无性
98989466494264	鱼与熊掌
989894894	虚无主义
9898983	于武学
989898486	栩栩欲活
9898985464	与物无竞
