2	__structure_only__
3	__structure_only__
4	__structure_only__
5	__structure_only__
6	__structure_only__
7	__structure_only__
8	__structure_only__
9	__structure_only__
22	__structure_only__
23	__structure_only__
24	__structure_only__
25	__structure_only__
26	__structure_only__
27	__structure_only__
28	__structure_only__
29	__structure_only__
32	__structure_only__
33	__structure_only__
34	__structure_only__
35	__structure_only__
36	__structure_only__
37	__structure_only__
38	__structure_only__
39	__structure_only__
42	__structure_only__
43	__structure_only__
44	__structure_only__
45	__structure_only__
46	__structure_only__
47	__structure_only__
48	__structure_only__
49	__structure_only__
52	__structure_only__
53	__structure_only__
54	__structure_only__
55	__structure_only__
56	__structure_only__
57	__structure_only__
58	__structure_only__
59	__structure_only__
62	__structure_only__
63	__structure_only__
64	__structure_only__
65	__structure_only__
66	__structure_only__
67	__structure_only__
68	__structure_only__
69	__structure_only__
72	__structure_only__
73	__structure_only__
74	__structure_only__
75	__structure_only__
76	__structure_only__
77	__structure_only__
78	__structure_only__
79	__structure_only__
82	__structure_only__
83	__structure_only__
84	__structure_only__
85	__structure_only__
86	__structure_only__
87	__structure_only__
88	__structure_only__
89	__structure_only__
92	__structure_only__
93	__structure_only__
94	__structure_only__
95	__structure_only__
96	__structure_only__
97	__structure_only__
98	__structure_only__
99	__structure_only__
222	__structure_only__
223	__structure_only__
224	__structure_only__
225	__structure_only__
226	__structure_only__
227	__structure_only__
228	__structure_only__
229	__structure_only__
232	__structure_only__
233	__structure_only__
234	__structure_only__
235	__structure_only__
236	__structure_only__
237	__structure_only__
238	__structure_only__
239	__structure_only__
242	__structure_only__
243	__structure_only__
244	__structure_only__
245	__structure_only__
246	__structure_only__
247	__structure_only__
248	__structure_only__
249	__structure_only__
252	__structure_only__
253	__structure_only__
254	__structure_only__
255	__structure_only__
256	__structure_only__
257	__structure_only__
258	__structure_only__
259	__structure_only__
262	__structure_only__
263	__structure_only__
264	__structure_only__
265	__structure_only__
266	__structure_only__
267	__structure_only__
268	__structure_only__
269	__structure_only__
272	__structure_only__
273	__structure_only__
274	__structure_only__
275	__structure_only__
276	__structure_only__
277	__structure_only__
278	__structure_only__
279	__structure_only__
282	__structure_only__
283	__structure_only__
284	__structure_only__
285	__structure_only__
286	__structure_only__
287	__structure_only__
288	__structure_only__
289	__structure_only__
292	__structure_only__
293	__structure_only__
294	__structure_only__
295	__structure_only__
296	__structure_only__
297	__structure_only__
298	__structure_only__
299	__structure_only__
322	__structure_only__
323	__structure_only__
324	__structure_only__
325	__structure_only__
326	__structure_only__
327	__structure_only__
328	__structure_only__
329	__structure_only__
332	__structure_only__
333	__structure_only__
334	__structure_only__
335	__structure_only__
336	__structure_only__
337	__structure_only__
338	__structure_only__
339	__structure_only__
342	__structure_only__
343	__structure_only__
344	__structure_only__
345	__structure_only__
346	__structure_only__
347	__structure_only__
348	__structure_only__
349	__structure_only__
352	__structure_only__
353	__structure_only__
354	__structure_only__
355	__structure_only__
356	__structure_only__
357	__structure_only__
358	__structure_only__
359	__structure_only__
362	__structure_only__
363	__structure_only__
364	__structure_only__
365	__structure_only__
366	__structure_only__
367	__structure_only__
368	__structure_only__
369	__structure_only__
372	__structure_only__
373	__structure_only__
374	__structure_only__
375	__structure_only__
376	__structure_only__
377	__structure_only__
378	__structure_only__
379	__structure_only__
382	__structure_only__
383	__structure_only__
384	__structure_only__
385	__structure_only__
386	__structure_only__
387	__structure_only__
388	__structure_only__
389	__structure_only__
392	__structure_only__
393	__structure_only__
394	__structure_only__
395	__structure_only__
396	__structure_only__
397	__structure_only__
398	__structure_only__
399	__structure_only__
422	__structure_only__
423	__structure_only__
424	__structure_only__
425	__structure_only__
426	__structure_only__
427	__structure_only__
428	__structure_only__
429	__structure_only__
432	__structure_only__
433	__structure_only__
434	__structure_only__
435	__structure_only__
436	__structure_only__
437	__structure_only__
438	__structure_only__
439	__structure_only__
442	__structure_only__
443	__structure_only__
444	__structure_only__
445	__structure_only__
446	__structure_only__
447	__structure_only__
448	__structure_only__
449	__structure_only__
452	__structure_only__
453	__structure_only__
454	__structure_only__
455	__structure_only__
456	__structure_only__
457	__structure_only__
458	__structure_only__
459	__structure_only__
462	__structure_only__
463	__structure_only__
464	__structure_only__
465	__structure_only__
466	__structure_only__
467	__structure_only__
468	__structure_only__
469	__structure_only__
472	__structure_only__
473	__structure_only__
474	__structure_only__
475	__structure_only__
476	__structure_only__
477	__structure_only__
478	__structure_only__
479	__structure_only__
482	__structure_only__
483	__structure_only__
484	__structure_only__
485	__structure_only__
486	__structure_only__
487	__structure_only__
488	__structure_only__
489	__structure_only__
492	__structure_only__
493	__structure_only__
494	__structure_only__
495	__structure_only__
496	__structure_only__
497	__structure_only__
498	__structure_only__
499	__structure_only__
522	__structure_only__
523	__structure_only__
524	__structure_only__
525	__structure_only__
526	__structure_only__
527	__structure_only__
528	__structure_only__
529	__structure_only__
532	__structure_only__
533	__structure_only__
534	__structure_only__
535	__structure_only__
536	__structure_only__
537	__structure_only__
538	__structure_only__
539	__structure_only__
542	__structure_only__
543	__structure_only__
544	__structure_only__
545	__structure_only__
546	__structure_only__
547	__structure_only__
548	__structure_only__
549	__structure_only__
552	__structure_only__
553	__structure_only__
554	__structure_only__
555	__structure_only__
556	__structure_only__
557	__structure_only__
558	__structure_only__
559	__structure_only__
562	__structure_only__
563	__structure_only__
564	__structure_only__
565	__structure_only__
566	__structure_only__
567	__structure_only__
568	__structure_only__
569	__structure_only__
572	__structure_only__
573	__structure_only__
574	__structure_only__
575	__structure_only__
576	__structure_only__
577	__structure_only__
578	__structure_only__
579	__structure_only__
582	__structure_only__
583	__structure_only__
584	__structure_only__
585	__structure_only__
586	__structure_only__
587	__structure_only__
588	__structure_only__
589	__structure_only__
592	__structure_only__
593	__structure_only__
594	__structure_only__
595	__structure_only__
596	__structure_only__
597	__structure_only__
598	__structure_only__
599	__structure_only__
622	__structure_only__
623	__structure_only__
624	__structure_only__
625	__structure_only__
626	__structure_only__
627	__structure_only__
628	__structure_only__
629	__structure_only__
632	__structure_only__
633	__structure_only__
634	__structure_only__
635	__structure_only__
636	__structure_only__
637	__structure_only__
638	__structure_only__
639	__structure_only__
642	__structure_only__
643	__structure_only__
644	__structure_only__
645	__structure_only__
646	__structure_only__
647	__structure_only__
648	__structure_only__
649	__structure_only__
652	__structure_only__
653	__structure_only__
654	__structure_only__
655	__structure_only__
656	__structure_only__
657	__structure_only__
658	__structure_only__
659	__structure_only__
662	__structure_only__
663	__structure_only__
664	__structure_only__
665	__structure_only__
666	__structure_only__
667	__structure_only__
668	__structure_only__
669	__structure_only__
672	__structure_only__
673	__structure_only__
674	__structure_only__
675	__structure_only__
676	__structure_only__
677	__structure_only__
678	__structure_only__
679	__structure_only__
682	__structure_only__
683	__structure_only__
684	__structure_only__
685	__structure_only__
686	__structure_only__
687	__structure_only__
688	__structure_only__
689	__structure_only__
692	__structure_only__
693	__structure_only__
694	__structure_only__
695	__structure_only__
696	__structure_only__
697	__structure_only__
698	__structure_only__
699	__structure_only__
722	__structure_only__
723	__structure_only__
724	__structure_only__
725	__structure_only__
726	__structure_only__
727	__structure_only__
728	__structure_only__
729	__structure_only__
732	__structure_only__
733	__structure_only__
734	__structure_only__
735	__structure_only__
736	__structure_only__
737	__structure_only__
738	__structure_only__
739	__structure_only__
742	__structure_only__
743	__structure_only__
744	__structure_only__
745	__structure_only__
746	__structure_only__
747	__structure_only__
748	__structure_only__
749	__structure_only__
752	__structure_only__
753	__structure_only__
754	__structure_only__
755	__structure_only__
756	__structure_only__
757	__structure_only__
758	__structure_only__
759	__structure_only__
762	__structure_only__
763	__structure_only__
764	__structure_only__
765	__structure_only__
766	__structure_only__
767	__structure_only__
768	__structure_only__
769	__structure_only__
772	__structure_only__
773	__structure_only__
774	__structure_only__
775	__structure_only__
776	__structure_only__
777	__structure_only__
778	__structure_only__
779	__structure_only__
782	__structure_only__
783	__structure_only__
784	__structure_only__
785	__structure_only__
786	__structure_only__
787	__structure_only__
788	__structure_only__
789	__structure_only__
792	__structure_only__
793	__structure_only__
794	__structure_only__
795	__structure_only__
796	__structure_only__
797	__structure_only__
798	__structure_only__
799	__structure_only__
822	__structure_only__
823	__structure_only__
824	__structure_only__
825	__structure_only__
826	__structure_only__
827	__structure_only__
828	__structure_only__
829	__structure_only__
832	__structure_only__
833	__structure_only__
834	__structure_only__
835	__structure_only__
836	__structure_only__
837	__structure_only__
838	__structure_only__
839	__structure_only__
842	__structure_only__
843	__structure_only__
844	__structure_only__
845	__structure_only__
846	__structure_only__
847	__structure_only__
848	__structure_only__
849	__structure_only__
852	__structure_only__
853	__structure_only__
854	__structure_only__
855	__structure_only__
856	__structure_only__
857	__structure_only__
858	__structure_only__
859	__structure_only__
862	__structure_only__
863	__structure_only__
864	__structure_only__
865	__structure_only__
866	__structure_only__
867	__structure_only__
868	__structure_only__
869	__structure_only__
872	__structure_only__
873	__structure_only__
874	__structure_only__
875	__structure_only__
876	__structure_only__
877	__structure_only__
878	__structure_only__
879	__structure_only__
882	__structure_only__
883	__structure_only__
884	__structure_only__
885	__structure_only__
886	__structure_only__
887	__structure_only__
888	__structure_only__
889	__structure_only__
892	__structure_only__
893	__structure_only__
894	__structure_only__
895	__structure_only__
896	__structure_only__
897	__structure_only__
898	__structure_only__
899	__structure_only__
922	__structure_only__
923	__structure_only__
924	__structure_only__
925	__structure_only__
926	__structure_only__
927	__structure_only__
928	__structure_only__
929	__structure_only__
932	__structure_only__
933	__structure_only__
934	__structure_only__
935	__structure_only__
936	__structure_only__
937	__structure_only__
938	__structure_only__
939	__structure_only__
942	__structure_only__
943	__structure_only__
944	__structure_only__
945	__structure_only__
946	__structure_only__
947	__structure_only__
948	__structure_only__
949	__structure_only__
952	__structure_only__
953	__structure_only__
954	__structure_only__
955	__structure_only__
956	__structure_only__
957	__structure_only__
958	__structure_only__
959	__structure_only__
962	__structure_only__
963	__structure_only__
964	__structure_only__
965	__structure_only__
966	__structure_only__
967	__structure_only__
968	__structure_only__
969	__structure_only__
972	__structure_only__
973	__structure_only__
974	__structure_only__
975	__structure_only__
976	__structure_only__
977	__structure_only__
978	__structure_only__
979	__structure_only__
982	__structure_only__
983	__structure_only__
984	__structure_only__
985	__structure_only__
986	__structure_only__
987	__structure_only__
988	__structure_only__
989	__structure_only__
992	__structure_only__
993	__structure_only__
994	__structure_only__
995	__structure_only__
996	__structure_only__
997	__structure_only__
998	__structure_only__
999	__structure_only__
2222	__structure_only__
2223	__structure_only__
2224	__structure_only__
2225	__structure_only__
2226	__structure_only__
2227	__structure_only__
2228	__structure_only__
2229	__structure_only__
2232	__structure_only__
2233	__structure_only__
2234	__structure_only__
2235	__structure_only__
2236	__structure_only__
2237	__structure_only__
2238	__structure_only__
2239	__structure_only__
2242	__structure_only__
2243	__structure_only__
2244	__structure_only__
2245	__structure_only__
2246	__structure_only__
2247	__structure_only__
2248	__structure_only__
2249	__structure_only__
2252	__structure_only__
2253	__structure_only__
2254	__structure_only__
2255	__structure_only__
2256	__structure_only__
2257	__structure_only__
2258	__structure_only__
2259	__structure_only__
2262	__structure_only__
2263	__structure_only__
2264	__structure_only__
2265	__structure_only__
2266	__structure_only__
2267	__structure_only__
2268	__structure_only__
2269	__structure_only__
2272	__structure_only__
2273	__structure_only__
2274	__structure_only__
2275	__structure_only__
2276	__structure_only__
2277	__structure_only__
2278	__structure_only__
2279	__structure_only__
2282	__structure_only__
2283	__structure_only__
2284	__structure_only__
2285	__structure_only__
2286	__structure_only__
2287	__structure_only__
2288	__structure_only__
2289	__structure_only__
2292	__structure_only__
2293	__structure_only__
2294	__structure_only__
2295	__structure_only__
2296	__structure_only__
2297	__structure_only__
2298	__structure_only__
2299	__structure_only__
2322	__structure_only__
2323	__structure_only__
2324	__structure_only__
2325	__structure_only__
2326	__structure_only__
2327	__structure_only__
2328	__structure_only__
2329	__structure_only__
2332	__structure_only__
2333	__structure_only__
2334	__structure_only__
2335	__structure_only__
2336	__structure_only__
2337	__structure_only__
2338	__structure_only__
2339	__structure_only__
2342	__structure_only__
2343	__structure_only__
2344	__structure_only__
2345	__structure_only__
2346	__structure_only__
2347	__structure_only__
2348	__structure_only__
2349	__structure_only__
2352	__structure_only__
2353	__structure_only__
2354	__structure_only__
2355	__structure_only__
2356	__structure_only__
2357	__structure_only__
2358	__structure_only__
2359	__structure_only__
2362	__structure_only__
2363	__structure_only__
2364	__structure_only__
2365	__structure_only__
2366	__structure_only__
2367	__structure_only__
2368	__structure_only__
2369	__structure_only__
2372	__structure_only__
2373	__structure_only__
2374	__structure_only__
2375	__structure_only__
2376	__structure_only__
2377	__structure_only__
2378	__structure_only__
2379	__structure_only__
2382	__structure_only__
2383	__structure_only__
2384	__structure_only__
2385	__structure_only__
2386	__structure_only__
2387	__structure_only__
2388	__structure_only__
2389	__structure_only__
2392	__structure_only__
2393	__structure_only__
2394	__structure_only__
2395	__structure_only__
2396	__structure_only__
2397	__structure_only__
2398	__structure_only__
2399	__structure_only__
2422	__structure_only__
2423	__structure_only__
2424	__structure_only__
2425	__structure_only__
2426	__structure_only__
2427	__structure_only__
2428	__structure_only__
2429	__structure_only__
2432	__structure_only__
2433	__structure_only__
2434	__structure_only__
2435	__structure_only__
2436	__structure_only__
2437	__structure_only__
2438	__structure_only__
2439	__structure_only__
2442	__structure_only__
2443	__structure_only__
2444	__structure_only__
2445	__structure_only__
2446	__structure_only__
2447	__structure_only__
2448	__structure_only__
2449	__structure_only__
2452	__structure_only__
2453	__structure_only__
2454	__structure_only__
2455	__structure_only__
2456	__structure_only__
2457	__structure_only__
2458	__structure_only__
2459	__structure_only__
2462	__structure_only__
2463	__structure_only__
2464	__structure_only__
2465	__structure_only__
2466	__structure_only__
2467	__structure_only__
2468	__structure_only__
2469	__structure_only__
2472	__structure_only__
2473	__structure_only__
2474	__structure_only__
2475	__structure_only__
2476	__structure_only__
2477	__structure_only__
2478	__structure_only__
2479	__structure_only__
2482	__structure_only__
2483	__structure_only__
2484	__structure_only__
2485	__structure_only__
2486	__structure_only__
2487	__structure_only__
2488	__structure_only__
2489	__structure_only__
2492	__structure_only__
2493	__structure_only__
2494	__structure_only__
2495	__structure_only__
2496	__structure_only__
2497	__structure_only__
2498	__structure_only__
2499	__structure_only__
2522	__structure_only__
2523	__structure_only__
2524	__structure_only__
2525	__structure_only__
2526	__structure_only__
2527	__structure_only__
2528	__structure_only__
2529	__structure_only__
2532	__structure_only__
2533	__structure_only__
2534	__structure_only__
2535	__structure_only__
2536	__structure_only__
2537	__structure_only__
2538	__structure_only__
2539	__structure_only__
2542	__structure_only__
2543	__structure_only__
2544	__structure_only__
2545	__structure_only__
2546	__structure_only__
2547	__structure_only__
2548	__structure_only__
2549	__structure_only__
2552	__structure_only__
2553	__structure_only__
2554	__structure_only__
2555	__structure_only__
2556	__structure_only__
2557	__structure_only__
2558	__structure_only__
2559	__structure_only__
2562	__structure_only__
2563	__structure_only__
2564	__structure_only__
2565	__structure_only__
2566	__structure_only__
2567	__structure_only__
2568	__structure_only__
2569	__structure_only__
2572	__structure_only__
2573	__structure_only__
2574	__structure_only__
2575	__structure_only__
2576	__structure_only__
2577	__structure_only__
2578	__structure_only__
2579	__structure_only__
2582	__structure_only__
2583	__structure_only__
2584	__structure_only__
2585	__structure_only__
2586	__structure_only__
2587	__structure_only__
2588	__structure_only__
2589	__structure_only__
2592	__structure_only__
2593	__structure_only__
2594	__structure_only__
2595	__structure_only__
2596	__structure_only__
2597	__structure_only__
2598	__structure_only__
2599	__structure_only__
2622	__structure_only__
2623	__structure_only__
2624	__structure_only__
2625	__structure_only__
2626	__structure_only__
2627	__structure_only__
2628	__structure_only__
2629	__structure_only__
2632	__structure_only__
2633	__structure_only__
2634	__structure_only__
2635	__structure_only__
2636	__structure_only__
2637	__structure_only__
2638	__structure_only__
2639	__structure_only__
2642	__structure_only__
2643	__structure_only__
2644	__structure_only__
2645	__structure_only__
2646	__structure_only__
2647	__structure_only__
2648	__structure_only__
2649	__structure_only__
2652	__structure_only__
2653	__structure_only__
2654	__structure_only__
2655	__structure_only__
2656	__structure_only__
2657	__structure_only__
2658	__structure_only__
2659	__structure_only__
2662	__structure_only__
2663	__structure_only__
2664	__structure_only__
2665	__structure_only__
2666	__structure_only__
2667	__structure_only__
2668	__structure_only__
2669	__structure_only__
2672	__structure_only__
2673	__structure_only__
2674	__structure_only__
2675	__structure_only__
2676	__structure_only__
2677	__structure_only__
2678	__structure_only__
2679	__structure_only__
2682	__structure_only__
2683	__structure_only__
2684	__structure_only__
2685	__structure_only__
2686	__structure_only__
2687	__structure_only__
2688	__structure_only__
2689	__structure_only__
2692	__structure_only__
2693	__structure_only__
2694	__structure_only__
2695	__structure_only__
2696	__structure_only__
2697	__structure_only__
2698	__structure_only__
2699	__structure_only__
2722	__structure_only__
2723	__structure_only__
2724	__structure_only__
2725	__structure_only__
2726	__structure_only__
2727	__structure_only__
2728	__structure_only__
2729	__structure_only__
2732	__structure_only__
2733	__structure_only__
2734	__structure_only__
2735	__structure_only__
2736	__structure_only__
2737	__structure_only__
2738	__structure_only__
2739	__structure_only__
2742	__structure_only__
2743	__structure_only__
2744	__structure_only__
2745	__structure_only__
2746	__structure_only__
2747	__structure_only__
2748	__structure_only__
2749	__structure_only__
2752	__structure_only__
2753	__structure_only__
2754	__structure_only__
2755	__structure_only__
2756	__structure_only__
2757	__structure_only__
2758	__structure_only__
2759	__structure_only__
2762	__structure_only__
2763	__structure_only__
2764	__structure_only__
2765	__structure_only__
2766	__structure_only__
2767	__structure_only__
2768	__structure_only__
2769	__structure_only__
2772	__structure_only__
2773	__structure_only__
2774	__structure_only__
2775	__structure_only__
2776	__structure_only__
2777	__structure_only__
2778	__structure_only__
2779	__structure_only__
2782	__structure_only__
2783	__structure_only__
2784	__structure_only__
2785	__structure_only__
2786	__structure_only__
2787	__structure_only__
2788	__structure_only__
2789	__structure_only__
2792	__structure_only__
2793	__structure_only__
2794	__structure_only__
2795	__structure_only__
2796	__structure_only__
2797	__structure_only__
2798	__structure_only__
2799	__structure_only__
2822	__structure_only__
2823	__structure_only__
2824	__structure_only__
2825	__structure_only__
2826	__structure_only__
2827	__structure_only__
2828	__structure_only__
2829	__structure_only__
2832	__structure_only__
2833	__structure_only__
2834	__structure_only__
2835	__structure_only__
2836	__structure_only__
2837	__structure_only__
2838	__structure_only__
2839	__structure_only__
2842	__structure_only__
2843	__structure_only__
2844	__structure_only__
2845	__structure_only__
2846	__structure_only__
2847	__structure_only__
2848	__structure_only__
2849	__structure_only__
2852	__structure_only__
2853	__structure_only__
2854	__structure_only__
2855	__structure_only__
2856	__structure_only__
2857	__structure_only__
2858	__structure_only__
2859	__structure_only__
2862	__structure_only__
2863	__structure_only__
2864	__structure_only__
2865	__structure_only__
2866	__structure_only__
2867	__structure_only__
2868	__structure_only__
2869	__structure_only__
2872	__structure_only__
2873	__structure_only__
2874	__structure_only__
2875	__structure_only__
2876	__structure_only__
2877	__structure_only__
2878	__structure_only__
2879	__structure_only__
2882	__structure_only__
2883	__structure_only__
2884	__structure_only__
2885	__structure_only__
2886	__structure_only__
2887	__structure_only__
2888	__structure_only__
2889	__structure_only__
2892	__structure_only__
2893	__structure_only__
2894	__structure_only__
2895	__structure_only__
2896	__structure_only__
2897	__structure_only__
2898	__structure_only__
2899	__structure_only__
2922	__structure_only__
2923	__structure_only__
2924	__structure_only__
2925	__structure_only__
2926	__structure_only__
2927	__structure_only__
2928	__structure_only__
2929	__structure_only__
2932	__structure_only__
2933	__structure_only__
2934	__structure_only__
2935	__structure_only__
2936	__structure_only__
2937	__structure_only__
2938	__structure_only__
2939	__structure_only__
2942	__structure_only__
2943	__structure_only__
2944	__structure_only__
2945	__structure_only__
2946	__structure_only__
2947	__structure_only__
2948	__structure_only__
2949	__structure_only__
2952	__structure_only__
2953	__structure_only__
2954	__structure_only__
2955	__structure_only__
2956	__structure_only__
2957	__structure_only__
2958	__structure_only__
2959	__structure_only__
2962	__structure_only__
2963	__structure_only__
2964	__structure_only__
2965	__structure_only__
2966	__structure_only__
2967	__structure_only__
2968	__structure_only__
2969	__structure_only__
2972	__structure_only__
2973	__structure_only__
2974	__structure_only__
2975	__structure_only__
2976	__structure_only__
2977	__structure_only__
2978	__structure_only__
2979	__structure_only__
2982	__structure_only__
2983	__structure_only__
2984	__structure_only__
2985	__structure_only__
2986	__structure_only__
2987	__structure_only__
2988	__structure_only__
2989	__structure_only__
2992	__structure_only__
2993	__structure_only__
2994	__structure_only__
2995	__structure_only__
2996	__structure_only__
2997	__structure_only__
2998	__structure_only__
2999	__structure_only__
3222	__structure_only__
3223	__structure_only__
3224	__structure_only__
3225	__structure_only__
3226	__structure_only__
3227	__structure_only__
3228	__structure_only__
3229	__structure_only__
3232	__structure_only__
3233	__structure_only__
3234	__structure_only__
3235	__structure_only__
3236	__structure_only__
3237	__structure_only__
3238	__structure_only__
3239	__structure_only__
3242	__structure_only__
3243	__structure_only__
3244	__structure_only__
3245	__structure_only__
3246	__structure_only__
3247	__structure_only__
3248	__structure_only__
3249	__structure_only__
3252	__structure_only__
3253	__structure_only__
3254	__structure_only__
3255	__structure_only__
3256	__structure_only__
3257	__structure_only__
3258	__structure_only__
3259	__structure_only__
3262	__structure_only__
3263	__structure_only__
3264	__structure_only__
3265	__structure_only__
3266	__structure_only__
3267	__structure_only__
3268	__structure_only__
3269	__structure_only__
3272	__structure_only__
3273	__structure_only__
3274	__structure_only__
3275	__structure_only__
3276	__structure_only__
3277	__structure_only__
3278	__structure_only__
3279	__structure_only__
3282	__structure_only__
3283	__structure_only__
3284	__structure_only__
3285	__structure_only__
3286	__structure_only__
3287	__structure_only__
3288	__structure_only__
3289	__structure_only__
3292	__structure_only__
3293	__structure_only__
3294	__structure_only__
3295	__structure_only__
3296	__structure_only__
3297	__structure_only__
3298	__structure_only__
3299	__structure_only__
3322	__structure_only__
3323	__structure_only__
3324	__structure_only__
3325	__structure_only__
3326	__structure_only__
3327	__structure_only__
3328	__structure_only__
3329	__structure_only__
3332	__structure_only__
3333	__structure_only__
3334	__structure_only__
3335	__structure_only__
3336	__structure_only__
3337	__structure_only__
3338	__structure_only__
3339	__structure_only__
3342	__structure_only__
3343	__structure_only__
3344	__structure_only__
3345	__structure_only__
3346	__structure_only__
3347	__structure_only__
3348	__structure_only__
3349	__structure_only__
3352	__structure_only__
3353	__structure_only__
3354	__structure_only__
3355	__structure_only__
3356	__structure_only__
3357	__structure_only__
3358	__structure_only__
3359	__structure_only__
3362	__structure_only__
3363	__structure_only__
3364	__structure_only__
3365	__structure_only__
3366	__structure_only__
3367	__structure_only__
3368	__structure_only__
3369	__structure_only__
3372	__structure_only__
3373	__structure_only__
3374	__structure_only__
3375	__structure_only__
3376	__structure_only__
3377	__structure_only__
3378	__structure_only__
3379	__structure_only__
3382	__structure_only__
3383	__structure_only__
3384	__structure_only__
3385	__structure_only__
3386	__structure_only__
3387	__structure_only__
3388	__structure_only__
3389	__structure_only__
3392	__structure_only__
3393	__structure_only__
3394	__structure_only__
3395	__structure_only__
3396	__structure_only__
3397	__structure_only__
3398	__structure_only__
3399	__structure_only__
3422	__structure_only__
3423	__structure_only__
3424	__structure_only__
3425	__structure_only__
3426	__structure_only__
3427	__structure_only__
3428	__structure_only__
3429	__structure_only__
3432	__structure_only__
3433	__structure_only__
3434	__structure_only__
3435	__structure_only__
3436	__structure_only__
3437	__structure_only__
3438	__structure_only__
3439	__structure_only__
3442	__structure_only__
3443	__structure_only__
3444	__structure_only__
3445	__structure_only__
3446	__structure_only__
3447	__structure_only__
3448	__structure_only__
3449	__structure_only__
3452	__structure_only__
3453	__structure_only__
3454	__structure_only__
3455	__structure_only__
3456	__structure_only__
3457	__structure_only__
3458	__structure_only__
3459	__structure_only__
3462	__structure_only__
3463	__structure_only__
3464	__structure_only__
3465	__structure_only__
3466	__structure_only__
3467	__structure_only__
3468	__structure_only__
3469	__structure_only__
3472	__structure_only__
3473	__structure_only__
3474	__structure_only__
3475	__structure_only__
3476	__structure_only__
3477	__structure_only__
3478	__structure_only__
3479	__structure_only__
3482	__structure_only__
3483	__structure_only__
3484	__structure_only__
3485	__structure_only__
3486	__structure_only__
3487	__structure_only__
3488	__structure_only__
3489	__structure_only__
3492	__structure_only__
3493	__structure_only__
3494	__structure_only__
3495	__structure_only__
3496	__structure_only__
3497	__structure_only__
3498	__structure_only__
3499	__structure_only__
3522	__structure_only__
3523	__structure_only__
3524	__structure_only__
3525	__structure_only__
3526	__structure_only__
3527	__structure_only__
3528	__structure_only__
3529	__structure_only__
3532	__structure_only__
3533	__structure_only__
3534	__structure_only__
3535	__structure_only__
3536	__structure_only__
3537	__structure_only__
3538	__structure_only__
3539	__structure_only__
3542	__structure_only__
3543	__structure_only__
3544	__structure_only__
3545	__structure_only__
3546	__structure_only__
3547	__structure_only__
3548	__structure_only__
3549	__structure_only__
3552	__structure_only__
3553	__structure_only__
3554	__structure_only__
3555	__structure_only__
3556	__structure_only__
3557	__structure_only__
3558	__structure_only__
3559	__structure_only__
3562	__structure_only__
3563	__structure_only__
3564	__structure_only__
3565	__structure_only__
3566	__structure_only__
3567	__structure_only__
3568	__structure_only__
3569	__structure_only__
3572	__structure_only__
3573	__structure_only__
3574	__structure_only__
3575	__structure_only__
3576	__structure_only__
3577	__structure_only__
3578	__structure_only__
3579	__structure_only__
3582	__structure_only__
3583	__structure_only__
3584	__structure_only__
3585	__structure_only__
3586	__structure_only__
3587	__structure_only__
3588	__structure_only__
3589	__structure_only__
3592	__structure_only__
3593	__structure_only__
3594	__structure_only__
3595	__structure_only__
3596	__structure_only__
3597	__structure_only__
3598	__structure_only__
3599	__structure_only__
3622	__structure_only__
3623	__structure_only__
3624	__structure_only__
3625	__structure_only__
3626	__structure_only__
3627	__structure_only__
3628	__structure_only__
3629	__structure_only__
3632	__structure_only__
3633	__structure_only__
3634	__structure_only__
3635	__structure_only__
3636	__structure_only__
3637	__structure_only__
3638	__structure_only__
3639	__structure_only__
3642	__structure_only__
3643	__structure_only__
3644	__structure_only__
3645	__structure_only__
3646	__structure_only__
3647	__structure_only__
3648	__structure_only__
3649	__structure_only__
3652	__structure_only__
3653	__structure_only__
3654	__structure_only__
3655	__structure_only__
3656	__structure_only__
3657	__structure_only__
3658	__structure_only__
3659	__structure_only__
3662	__structure_only__
3663	__structure_only__
3664	__structure_only__
3665	__structure_only__
3666	__structure_only__
3667	__structure_only__
3668	__structure_only__
3669	__structure_only__
3672	__structure_only__
3673	__structure_only__
3674	__structure_only__
3675	__structure_only__
3676	__structure_only__
3677	__structure_only__
3678	__structure_only__
3679	__structure_only__
3682	__structure_only__
3683	__structure_only__
3684	__structure_only__
3685	__structure_only__
3686	__structure_only__
3687	__structure_only__
3688	__structure_only__
3689	__structure_only__
3692	__structure_only__
3693	__structure_only__
3694	__structure_only__
3695	__structure_only__
3696	__structure_only__
3697	__structure_only__
3698	__structure_only__
3699	__structure_only__
3722	__structure_only__
3723	__structure_only__
3724	__structure_only__
3725	__structure_only__
3726	__structure_only__
3727	__structure_only__
3728	__structure_only__
3729	__structure_only__
3732	__structure_only__
3733	__structure_only__
3734	__structure_only__
3735	__structure_only__
3736	__structure_only__
3737	__structure_only__
3738	__structure_only__
3739	__structure_only__
3742	__structure_only__
3743	__structure_only__
3744	__structure_only__
3745	__structure_only__
3746	__structure_only__
3747	__structure_only__
3748	__structure_only__
3749	__structure_only__
3752	__structure_only__
3753	__structure_only__
3754	__structure_only__
3755	__structure_only__
3756	__structure_only__
3757	__structure_only__
3758	__structure_only__
3759	__structure_only__
3762	__structure_only__
3763	__structure_only__
3764	__structure_only__
3765	__structure_only__
3766	__structure_only__
3767	__structure_only__
3768	__structure_only__
3769	__structure_only__
3772	__structure_only__
3773	__structure_only__
3774	__structure_only__
3775	__structure_only__
3776	__structure_only__
3777	__structure_only__
3778	__structure_only__
3779	__structure_only__
3782	__structure_only__
3783	__structure_only__
3784	__structure_only__
3785	__structure_only__
3786	__structure_only__
3787	__structure_only__
3788	__structure_only__
3789	__structure_only__
3792	__structure_only__
3793	__structure_only__
3794	__structure_only__
3795	__structure_only__
3796	__structure_only__
3797	__structure_only__
3798	__structure_only__
3799	__structure_only__
3822	__structure_only__
3823	__structure_only__
3824	__structure_only__
3825	__structure_only__
3826	__structure_only__
3827	__structure_only__
3828	__structure_only__
3829	__structure_only__
3832	__structure_only__
3833	__structure_only__
3834	__structure_only__
3835	__structure_only__
3836	__structure_only__
3837	__structure_only__
3838	__structure_only__
3839	__structure_only__
3842	__structure_only__
3843	__structure_only__
3844	__structure_only__
3845	__structure_only__
3846	__structure_only__
3847	__structure_only__
3848	__structure_only__
3849	__structure_only__
3852	__structure_only__
3853	__structure_only__
3854	__structure_only__
3855	__structure_only__
3856	__structure_only__
3857	__structure_only__
3858	__structure_only__
3859	__structure_only__
3862	__structure_only__
3863	__structure_only__
3864	__structure_only__
3865	__structure_only__
3866	__structure_only__
3867	__structure_only__
3868	__structure_only__
3869	__structure_only__
3872	__structure_only__
3873	__structure_only__
3874	__structure_only__
3875	__structure_only__
3876	__structure_only__
3877	__structure_only__
3878	__structure_only__
3879	__structure_only__
3882	__structure_only__
3883	__structure_only__
3884	__structure_only__
3885	__structure_only__
3886	__structure_only__
3887	__structure_only__
3888	__structure_only__
3889	__structure_only__
3892	__structure_only__
3893	__structure_only__
3894	__structure_only__
3895	__structure_only__
3896	__structure_only__
3897	__structure_only__
3898	__structure_only__
3899	__structure_only__
3922	__structure_only__
3923	__structure_only__
3924	__structure_only__
3925	__structure_only__
3926	__structure_only__
3927	__structure_only__
3928	__structure_only__
3929	__structure_only__
3932	__structure_only__
3933	__structure_only__
3934	__structure_only__
3935	__structure_only__
3936	__structure_only__
3937	__structure_only__
3938	__structure_only__
3939	__structure_only__
3942	__structure_only__
3943	__structure_only__
3944	__structure_only__
3945	__structure_only__
3946	__structure_only__
3947	__structure_only__
3948	__structure_only__
3949	__structure_only__
3952	__structure_only__
3953	__structure_only__
3954	__structure_only__
3955	__structure_only__
3956	__structure_only__
3957	__structure_only__
3958	__structure_only__
3959	__structure_only__
3962	__structure_only__
3963	__structure_only__
3964	__structure_only__
3965	__structure_only__
3966	__structure_only__
3967	__structure_only__
3968	__structure_only__
3969	__structure_only__
3972	__structure_only__
3973	__structure_only__
3974	__structure_only__
3975	__structure_only__
3976	__structure_only__
3977	__structure_only__
3978	__structure_only__
3979	__structure_only__
3982	__structure_only__
3983	__structure_only__
3984	__structure_only__
3985	__structure_only__
3986	__structure_only__
3987	__structure_only__
3988	__structure_only__
3989	__structure_only__
3992	__structure_only__
3993	__structure_only__
3994	__structure_only__
3995	__structure_only__
3996	__structure_only__
3997	__structure_only__
3998	__structure_only__
3999	__structure_only__
4222	__structure_only__
4223	__structure_only__
4224	__structure_only__
4225	__structure_only__
4226	__structure_only__
4227	__structure_only__
4228	__structure_only__
4229	__structure_only__
4232	__structure_only__
4233	__structure_only__
4234	__structure_only__
4235	__structure_only__
4236	__structure_only__
4237	__structure_only__
4238	__structure_only__
4239	__structure_only__
4242	__structure_only__
4243	__structure_only__
4244	__structure_only__
4245	__structure_only__
4246	__structure_only__
4247	__structure_only__
4248	__structure_only__
4249	__structure_only__
4252	__structure_only__
4253	__structure_only__
4254	__structure_only__
4255	__structure_only__
4256	__structure_only__
4257	__structure_only__
4258	__structure_only__
4259	__structure_only__
4262	__structure_only__
4263	__structure_only__
4264	__structure_only__
4265	__structure_only__
4266	__structure_only__
4267	__structure_only__
4268	__structure_only__
4269	__structure_only__
4272	__structure_only__
4273	__structure_only__
4274	__structure_only__
4275	__structure_only__
4276	__structure_only__
4277	__structure_only__
4278	__structure_only__
4279	__structure_only__
4282	__structure_only__
4283	__structure_only__
4284	__structure_only__
4285	__structure_only__
4286	__structure_only__
4287	__structure_only__
4288	__structure_only__
4289	__structure_only__
4292	__structure_only__
4293	__structure_only__
4294	__structure_only__
4295	__structure_only__
4296	__structure_only__
4297	__structure_only__
4298	__structure_only__
4299	__structure_only__
4322	__structure_only__
4323	__structure_only__
4324	__structure_only__
4325	__structure_only__
4326	__structure_only__
4327	__structure_only__
4328	__structure_only__
4329	__structure_only__
4332	__structure_only__
4333	__structure_only__
4334	__structure_only__
4335	__structure_only__
4336	__structure_only__
4337	__structure_only__
4338	__structure_only__
4339	__structure_only__
4342	__structure_only__
4343	__structure_only__
4344	__structure_only__
4345	__structure_only__
4346	__structure_only__
4347	__structure_only__
4348	__structure_only__
4349	__structure_only__
4352	__structure_only__
4353	__structure_only__
4354	__structure_only__
4355	__structure_only__
4356	__structure_only__
4357	__structure_only__
4358	__structure_only__
4359	__structure_only__
4362	__structure_only__
4363	__structure_only__
4364	__structure_only__
4365	__structure_only__
4366	__structure_only__
4367	__structure_only__
4368	__structure_only__
4369	__structure_only__
4372	__structure_only__
4373	__structure_only__
4374	__structure_only__
4375	__structure_only__
4376	__structure_only__
4377	__structure_only__
4378	__structure_only__
4379	__structure_only__
4382	__structure_only__
4383	__structure_only__
4384	__structure_only__
4385	__structure_only__
4386	__structure_only__
4387	__structure_only__
4388	__structure_only__
4389	__structure_only__
4392	__structure_only__
4393	__structure_only__
4394	__structure_only__
4395	__structure_only__
4396	__structure_only__
4397	__structure_only__
4398	__structure_only__
4399	__structure_only__
4422	__structure_only__
4423	__structure_only__
4424	__structure_only__
4425	__structure_only__
4426	__structure_only__
4427	__structure_only__
4428	__structure_only__
4429	__structure_only__
4432	__structure_only__
4433	__structure_only__
4434	__structure_only__
4435	__structure_only__
4436	__structure_only__
4437	__structure_only__
4438	__structure_only__
4439	__structure_only__
4442	__structure_only__
4443	__structure_only__
4444	__structure_only__
4445	__structure_only__
4446	__structure_only__
4447	__structure_only__
4448	__structure_only__
4449	__structure_only__
4452	__structure_only__
4453	__structure_only__
4454	__structure_only__
4455	__structure_only__
4456	__structure_only__
4457	__structure_only__
4458	__structure_only__
4459	__structure_only__
4462	__structure_only__
4463	__structure_only__
4464	__structure_only__
4465	__structure_only__
4466	__structure_only__
4467	__structure_only__
4468	__structure_only__
4469	__structure_only__
4472	__structure_only__
4473	__structure_only__
4474	__structure_only__
4475	__structure_only__
4476	__structure_only__
4477	__structure_only__
4478	__structure_only__
4479	__structure_only__
4482	__structure_only__
4483	__structure_only__
4484	__structure_only__
4485	__structure_only__
4486	__structure_only__
4487	__structure_only__
4488	__structure_only__
4489	__structure_only__
4492	__structure_only__
4493	__structure_only__
4494	__structure_only__
4495	__structure_only__
4496	__structure_only__
4497	__structure_only__
4498	__structure_only__
4499	__structure_only__
4522	__structure_only__
4523	__structure_only__
4524	__structure_only__
4525	__structure_only__
4526	__structure_only__
4527	__structure_only__
4528	__structure_only__
4529	__structure_only__
4532	__structure_only__
4533	__structure_only__
4534	__structure_only__
4535	__structure_only__
4536	__structure_only__
4537	__structure_only__
4538	__structure_only__
4539	__structure_only__
4542	__structure_only__
4543	__structure_only__
4544	__structure_only__
4545	__structure_only__
4546	__structure_only__
4547	__structure_only__
4548	__structure_only__
4549	__structure_only__
4552	__structure_only__
4553	__structure_only__
4554	__structure_only__
4555	__structure_only__
4556	__structure_only__
4557	__structure_only__
4558	__structure_only__
4559	__structure_only__
4562	__structure_only__
4563	__structure_only__
4564	__structure_only__
4565	__structure_only__
4566	__structure_only__
4567	__structure_only__
4568	__structure_only__
4569	__structure_only__
4572	__structure_only__
4573	__structure_only__
4574	__structure_only__
4575	__structure_only__
4576	__structure_only__
4577	__structure_only__
4578	__structure_only__
4579	__structure_only__
4582	__structure_only__
4583	__structure_only__
4584	__structure_only__
4585	__structure_only__
4586	__structure_only__
4587	__structure_only__
4588	__structure_only__
4589	__structure_only__
4592	__structure_only__
4593	__structure_only__
4594	__structure_only__
4595	__structure_only__
4596	__structure_only__
4597	__structure_only__
4598	__structure_only__
4599	__structure_only__
4622	__structure_only__
4623	__structure_only__
4624	__structure_only__
4625	__structure_only__
4626	__structure_only__
4627	__structure_only__
4628	__structure_only__
4629	__structure_only__
4632	__structure_only__
4633	__structure_only__
4634	__structure_only__
4635	__structure_only__
4636	__structure_only__
4637	__structure_only__
4638	__structure_only__
4639	__structure_only__
4642	__structure_only__
4643	__structure_only__
4644	__structure_only__
4645	__structure_only__
4646	__structure_only__
4647	__structure_only__
4648	__structure_only__
4649	__structure_only__
4652	__structure_only__
4653	__structure_only__
4654	__structure_only__
4655	__structure_only__
4656	__structure_only__
4657	__structure_only__
4658	__structure_only__
4659	__structure_only__
4662	__structure_only__
4663	__structure_only__
4664	__structure_only__
4665	__structure_only__
4666	__structure_only__
4667	__structure_only__
4668	__structure_only__
4669	__structure_only__
4672	__structure_only__
4673	__structure_only__
4674	__structure_only__
4675	__structure_only__
4676	__structure_only__
4677	__structure_only__
4678	__structure_only__
4679	__structure_only__
4682	__structure_only__
4683	__structure_only__
4684	__structure_only__
4685	__structure_only__
4686	__structure_only__
4687	__structure_only__
4688	__structure_only__
4689	__structure_only__
4692	__structure_only__
4693	__structure_only__
4694	__structure_only__
4695	__structure_only__
4696	__structure_only__
4697	__structure_only__
4698	__structure_only__
4699	__structure_only__
4722	__structure_only__
4723	__structure_only__
4724	__structure_only__
4725	__structure_only__
4726	__structure_only__
4727	__structure_only__
4728	__structure_only__
4729	__structure_only__
4732	__structure_only__
4733	__structure_only__
4734	__structure_only__
4735	__structure_only__
4736	__structure_only__
4737	__structure_only__
4738	__structure_only__
4739	__structure_only__
4742	__structure_only__
4743	__structure_only__
4744	__structure_only__
4745	__structure_only__
4746	__structure_only__
4747	__structure_only__
4748	__structure_only__
4749	__structure_only__
4752	__structure_only__
4753	__structure_only__
4754	__structure_only__
4755	__structure_only__
4756	__structure_only__
4757	__structure_only__
4758	__structure_only__
4759	__structure_only__
4762	__structure_only__
4763	__structure_only__
4764	__structure_only__
4765	__structure_only__
4766	__structure_only__
4767	__structure_only__
4768	__structure_only__
4769	__structure_only__
4772	__structure_only__
4773	__structure_only__
4774	__structure_only__
4775	__structure_only__
4776	__structure_only__
4777	__structure_only__
4778	__structure_only__
4779	__structure_only__
4782	__structure_only__
4783	__structure_only__
4784	__structure_only__
4785	__structure_only__
4786	__structure_only__
4787	__structure_only__
4788	__structure_only__
4789	__structure_only__
4792	__structure_only__
4793	__structure_only__
4794	__structure_only__
4795	__structure_only__
4796	__structure_only__
4797	__structure_only__
4798	__structure_only__
4799	__structure_only__
4822	__structure_only__
4823	__structure_only__
4824	__structure_only__
4825	__structure_only__
4826	__structure_only__
4827	__structure_only__
4828	__structure_only__
4829	__structure_only__
4832	__structure_only__
4833	__structure_only__
4834	__structure_only__
4835	__structure_only__
4836	__structure_only__
4837	__structure_only__
4838	__structure_only__
4839	__structure_only__
4842	__structure_only__
4843	__structure_only__
4844	__structure_only__
4845	__structure_only__
4846	__structure_only__
4847	__structure_only__
4848	__structure_only__
4849	__structure_only__
4852	__structure_only__
4853	__structure_only__
4854	__structure_only__
4855	__structure_only__
4856	__structure_only__
4857	__structure_only__
4858	__structure_only__
4859	__structure_only__
4862	__structure_only__
4863	__structure_only__
4864	__structure_only__
4865	__structure_only__
4866	__structure_only__
4867	__structure_only__
4868	__structure_only__
4869	__structure_only__
4872	__structure_only__
4873	__structure_only__
4874	__structure_only__
4875	__structure_only__
4876	__structure_only__
4877	__structure_only__
4878	__structure_only__
4879	__structure_only__
4882	__structure_only__
4883	__structure_only__
4884	__structure_only__
4885	__structure_only__
4886	__structure_only__
4887	__structure_only__
4888	__structure_only__
4889	__structure_only__
4892	__structure_only__
4893	__structure_only__
4894	__structure_only__
4895	__structure_only__
4896	__structure_only__
4897	__structure_only__
4898	__structure_only__
4899	__structure_only__
4922	__structure_only__
4923	__structure_only__
4924	__structure_only__
4925	__structure_only__
4926	__structure_only__
4927	__structure_only__
4928	__structure_only__
4929	__structure_only__
4932	__structure_only__
4933	__structure_only__
4934	__structure_only__
4935	__structure_only__
4936	__structure_only__
4937	__structure_only__
4938	__structure_only__
4939	__structure_only__
4942	__structure_only__
4943	__structure_only__
4944	__structure_only__
4945	__structure_only__
4946	__structure_only__
4947	__structure_only__
4948	__structure_only__
4949	__structure_only__
4952	__structure_only__
4953	__structure_only__
4954	__structure_only__
4955	__structure_only__
4956	__structure_only__
4957	__structure_only__
4958	__structure_only__
4959	__structure_only__
4962	__structure_only__
4963	__structure_only__
4964	__structure_only__
4965	__structure_only__
4966	__structure_only__
4967	__structure_only__
4968	__structure_only__
4969	__structure_only__
4972	__structure_only__
4973	__structure_only__
4974	__structure_only__
4975	__structure_only__
4976	__structure_only__
4977	__structure_only__
4978	__structure_only__
4979	__structure_only__
4982	__structure_only__
4983	__structure_only__
4984	__structure_only__
4985	__structure_only__
4986	__structure_only__
4987	__structure_only__
4988	__structure_only__
4989	__structure_only__
4992	__structure_only__
4993	__structure_only__
4994	__structure_only__
4995	__structure_only__
4996	__structure_only__
4997	__structure_only__
4998	__structure_only__
4999	__structure_only__
5222	__structure_only__
5223	__structure_only__
5224	__structure_only__
5225	__structure_only__
5226	__structure_only__
5227	__structure_only__
5228	__structure_only__
5229	__structure_only__
5232	__structure_only__
5233	__structure_only__
5234	__structure_only__
5235	__structure_only__
5236	__structure_only__
5237	__structure_only__
5238	__structure_only__
5239	__structure_only__
5242	__structure_only__
5243	__structure_only__
5244	__structure_only__
5245	__structure_only__
5246	__structure_only__
5247	__structure_only__
5248	__structure_only__
5249	__structure_only__
5252	__structure_only__
5253	__structure_only__
5254	__structure_only__
5255	__structure_only__
5256	__structure_only__
5257	__structure_only__
5258	__structure_only__
5259	__structure_only__
5262	__structure_only__
5263	__structure_only__
5264	__structure_only__
5265	__structure_only__
5266	__structure_only__
5267	__structure_only__
5268	__structure_only__
5269	__structure_only__
5272	__structure_only__
5273	__structure_only__
5274	__structure_only__
5275	__structure_only__
5276	__structure_only__
5277	__structure_only__
5278	__structure_only__
5279	__structure_only__
5282	__structure_only__
5283	__structure_only__
5284	__structure_only__
5285	__structure_only__
5286	__structure_only__
5287	__structure_only__
5288	__structure_only__
5289	__structure_only__
5292	__structure_only__
5293	__structure_only__
5294	__structure_only__
5295	__structure_only__
5296	__structure_only__
5297	__structure_only__
5298	__structure_only__
5299	__structure_only__
5322	__structure_only__
5323	__structure_only__
5324	__structure_only__
5325	__structure_only__
5326	__structure_only__
5327	__structure_only__
5328	__structure_only__
5329	__structure_only__
5332	__structure_only__
5333	__structure_only__
5334	__structure_only__
5335	__structure_only__
5336	__structure_only__
5337	__structure_only__
5338	__structure_only__
5339	__structure_only__
5342	__structure_only__
5343	__structure_only__
5344	__structure_only__
5345	__structure_only__
5346	__structure_only__
5347	__structure_only__
5348	__structure_only__
5349	__structure_only__
5352	__structure_only__
5353	__structure_only__
5354	__structure_only__
5355	__structure_only__
5356	__structure_only__
5357	__structure_only__
5358	__structure_only__
5359	__structure_only__
5362	__structure_only__
5363	__structure_only__
5364	__structure_only__
5365	__structure_only__
5366	__structure_only__
5367	__structure_only__
5368	__structure_only__
5369	__structure_only__
5372	__structure_only__
5373	__structure_only__
5374	__structure_only__
5375	__structure_only__
5376	__structure_only__
5377	__structure_only__
5378	__structure_only__
5379	__structure_only__
5382	__structure_only__
5383	__structure_only__
5384	__structure_only__
5385	__structure_only__
5386	__structure_only__
5387	__structure_only__
5388	__structure_only__
5389	__structure_only__
5392	__structure_only__
5393	__structure_only__
5394	__structure_only__
5395	__structure_only__
5396	__structure_only__
5397	__structure_only__
5398	__structure_only__
5399	__structure_only__
5422	__structure_only__
5423	__structure_only__
5424	__structure_only__
5425	__structure_only__
5426	__structure_only__
5427	__structure_only__
5428	__structure_only__
5429	__structure_only__
5432	__structure_only__
5433	__structure_only__
5434	__structure_only__
5435	__structure_only__
5436	__structure_only__
5437	__structure_only__
5438	__structure_only__
5439	__structure_only__
5442	__structure_only__
5443	__structure_only__
5444	__structure_only__
5445	__structure_only__
5446	__structure_only__
5447	__structure_only__
5448	__structure_only__
5449	__structure_only__
5452	__structure_only__
5453	__structure_only__
5454	__structure_only__
5455	__structure_only__
5456	__structure_only__
5457	__structure_only__
5458	__structure_only__
5459	__structure_only__
5462	__structure_only__
5463	__structure_only__
5464	__structure_only__
5465	__structure_only__
5466	__structure_only__
5467	__structure_only__
5468	__structure_only__
5469	__structure_only__
5472	__structure_only__
5473	__structure_only__
5474	__structure_only__
5475	__structure_only__
5476	__structure_only__
5477	__structure_only__
5478	__structure_only__
5479	__structure_only__
5482	__structure_only__
5483	__structure_only__
5484	__structure_only__
5485	__structure_only__
5486	__structure_only__
5487	__structure_only__
5488	__structure_only__
5489	__structure_only__
5492	__structure_only__
5493	__structure_only__
5494	__structure_only__
5495	__structure_only__
5496	__structure_only__
5497	__structure_only__
5498	__structure_only__
5499	__structure_only__
5522	__structure_only__
5523	__structure_only__
5524	__structure_only__
5525	__structure_only__
5526	__structure_only__
5527	__structure_only__
5528	__structure_only__
5529	__structure_only__
5532	__structure_only__
5533	__structure_only__
5534	__structure_only__
5535	__structure_only__
5536	__structure_only__
5537	__structure_only__
5538	__structure_only__
5539	__structure_only__
5542	__structure_only__
5543	__structure_only__
5544	__structure_only__
5545	__structure_only__
5546	__structure_only__
5547	__structure_only__
5548	__structure_only__
5549	__structure_only__
5552	__structure_only__
5553	__structure_only__
5554	__structure_only__
5555	__structure_only__
5556	__structure_only__
5557	__structure_only__
5558	__structure_only__
5559	__structure_only__
5562	__structure_only__
5563	__structure_only__
5564	__structure_only__
5565	__structure_only__
5566	__structure_only__
5567	__structure_only__
5568	__structure_only__
5569	__structure_only__
5572	__structure_only__
5573	__structure_only__
5574	__structure_only__
5575	__structure_only__
5576	__structure_only__
5577	__structure_only__
5578	__structure_only__
5579	__structure_only__
5582	__structure_only__
5583	__structure_only__
5584	__structure_only__
5585	__structure_only__
5586	__structure_only__
5587	__structure_only__
5588	__structure_only__
5589	__structure_only__
5592	__structure_only__
5593	__structure_only__
5594	__structure_only__
5595	__structure_only__
5596	__structure_only__
5597	__structure_only__
5598	__structure_only__
5599	__structure_only__
5622	__structure_only__
5623	__structure_only__
5624	__structure_only__
5625	__structure_only__
5626	__structure_only__
5627	__structure_only__
5628	__structure_only__
5629	__structure_only__
5632	__structure_only__
5633	__structure_only__
5634	__structure_only__
5635	__structure_only__
5636	__structure_only__
5637	__structure_only__
5638	__structure_only__
5639	__structure_only__
5642	__structure_only__
5643	__structure_only__
5644	__structure_only__
5645	__structure_only__
5646	__structure_only__
5647	__structure_only__
5648	__structure_only__
5649	__structure_only__
5652	__structure_only__
5653	__structure_only__
5654	__structure_only__
5655	__structure_only__
5656	__structure_only__
5657	__structure_only__
5658	__structure_only__
5659	__structure_only__
5662	__structure_only__
5663	__structure_only__
5664	__structure_only__
5665	__structure_only__
5666	__structure_only__
5667	__structure_only__
5668	__structure_only__
5669	__structure_only__
5672	__structure_only__
5673	__structure_only__
5674	__structure_only__
5675	__structure_only__
5676	__structure_only__
5677	__structure_only__
5678	__structure_only__
5679	__structure_only__
5682	__structure_only__
5683	__structure_only__
5684	__structure_only__
5685	__structure_only__
5686	__structure_only__
5687	__structure_only__
5688	__structure_only__
5689	__structure_only__
5692	__structure_only__
5693	__structure_only__
5694	__structure_only__
5695	__structure_only__
5696	__structure_only__
5697	__structure_only__
5698	__structure_only__
5699	__structure_only__
5722	__structure_only__
5723	__structure_only__
5724	__structure_only__
5725	__structure_only__
5726	__structure_only__
5727	__structure_only__
5728	__structure_only__
5729	__structure_only__
5732	__structure_only__
5733	__structure_only__
5734	__structure_only__
5735	__structure_only__
5736	__structure_only__
5737	__structure_only__
5738	__structure_only__
5739	__structure_only__
5742	__structure_only__
5743	__structure_only__
5744	__structure_only__
5745	__structure_only__
5746	__structure_only__
5747	__structure_only__
5748	__structure_only__
5749	__structure_only__
5752	__structure_only__
5753	__structure_only__
5754	__structure_only__
5755	__structure_only__
5756	__structure_only__
5757	__structure_only__
5758	__structure_only__
5759	__structure_only__
5762	__structure_only__
5763	__structure_only__
5764	__structure_only__
5765	__structure_only__
5766	__structure_only__
5767	__structure_only__
5768	__structure_only__
5769	__structure_only__
5772	__structure_only__
5773	__structure_only__
5774	__structure_only__
5775	__structure_only__
5776	__structure_only__
5777	__structure_only__
5778	__structure_only__
5779	__structure_only__
5782	__structure_only__
5783	__structure_only__
5784	__structure_only__
5785	__structure_only__
5786	__structure_only__
5787	__structure_only__
5788	__structure_only__
5789	__structure_only__
5792	__structure_only__
5793	__structure_only__
5794	__structure_only__
5795	__structure_only__
5796	__structure_only__
5797	__structure_only__
5798	__structure_only__
5799	__structure_only__
5822	__structure_only__
5823	__structure_only__
5824	__structure_only__
5825	__structure_only__
5826	__structure_only__
5827	__structure_only__
5828	__structure_only__
5829	__structure_only__
5832	__structure_only__
5833	__structure_only__
5834	__structure_only__
5835	__structure_only__
5836	__structure_only__
5837	__structure_only__
5838	__structure_only__
5839	__structure_only__
5842	__structure_only__
5843	__structure_only__
5844	__structure_only__
5845	__structure_only__
5846	__structure_only__
5847	__structure_only__
5848	__structure_only__
5849	__structure_only__
5852	__structure_only__
5853	__structure_only__
5854	__structure_only__
5855	__structure_only__
5856	__structure_only__
5857	__structure_only__
5858	__structure_only__
5859	__structure_only__
5862	__structure_only__
5863	__structure_only__
5864	__structure_only__
5865	__structure_only__
5866	__structure_only__
5867	__structure_only__
5868	__structure_only__
5869	__structure_only__
5872	__structure_only__
5873	__structure_only__
5874	__structure_only__
5875	__structure_only__
5876	__structure_only__
5877	__structure_only__
5878	__structure_only__
5879	__structure_only__
5882	__structure_only__
5883	__structure_only__
5884	__structure_only__
5885	__structure_only__
5886	__structure_only__
5887	__structure_only__
5888	__structure_only__
5889	__structure_only__
5892	__structure_only__
5893	__structure_only__
5894	__structure_only__
5895	__structure_only__
5896	__structure_only__
5897	__structure_only__
5898	__structure_only__
5899	__structure_only__
5922	__structure_only__
5923	__structure_only__
5924	__structure_only__
5925	__structure_only__
5926	__structure_only__
5927	__structure_only__
5928	__structure_only__
5929	__structure_only__
5932	__structure_only__
5933	__structure_only__
5934	__structure_only__
5935	__structure_only__
5936	__structure_only__
5937	__structure_only__
5938	__structure_only__
5939	__structure_only__
5942	__structure_only__
5943	__structure_only__
5944	__structure_only__
5945	__structure_only__
5946	__structure_only__
5947	__structure_only__
5948	__structure_only__
5949	__structure_only__
5952	__structure_only__
5953	__structure_only__
5954	__structure_only__
5955	__structure_only__
5956	__structure_only__
5957	__structure_only__
5958	__structure_only__
5959	__structure_only__
5962	__structure_only__
5963	__structure_only__
5964	__structure_only__
5965	__structure_only__
5966	__structure_only__
5967	__structure_only__
5968	__structure_only__
5969	__structure_only__
5972	__structure_only__
5973	__structure_only__
5974	__structure_only__
5975	__structure_only__
5976	__structure_only__
5977	__structure_only__
5978	__structure_only__
5979	__structure_only__
5982	__structure_only__
5983	__structure_only__
5984	__structure_only__
5985	__structure_only__
5986	__structure_only__
5987	__structure_only__
5988	__structure_only__
5989	__structure_only__
5992	__structure_only__
5993	__structure_only__
5994	__structure_only__
5995	__structure_only__
5996	__structure_only__
5997	__structure_only__
5998	__structure_only__
5999	__structure_only__
6222	__structure_only__
6223	__structure_only__
6224	__structure_only__
6225	__structure_only__
6226	__structure_only__
6227	__structure_only__
6228	__structure_only__
6229	__structure_only__
6232	__structure_only__
6233	__structure_only__
6234	__structure_only__
6235	__structure_only__
6236	__structure_only__
6237	__structure_only__
6238	__structure_only__
6239	__structure_only__
6242	__structure_only__
6243	__structure_only__
6244	__structure_only__
6245	__structure_only__
6246	__structure_only__
6247	__structure_only__
6248	__structure_only__
6249	__structure_only__
6252	__structure_only__
6253	__structure_only__
6254	__structure_only__
6255	__structure_only__
6256	__structure_only__
6257	__structure_only__
6258	__structure_only__
6259	__structure_only__
6262	__structure_only__
6263	__structure_only__
6264	__structure_only__
6265	__structure_only__
6266	__structure_only__
6267	__structure_only__
6268	__structure_only__
6269	__structure_only__
6272	__structure_only__
6273	__structure_only__
6274	__structure_only__
6275	__structure_only__
6276	__structure_only__
6277	__structure_only__
6278	__structure_only__
6279	__structure_only__
6282	__structure_only__
6283	__structure_only__
6284	__structure_only__
6285	__structure_only__
6286	__structure_only__
6287	__structure_only__
6288	__structure_only__
6289	__structure_only__
6292	__structure_only__
6293	__structure_only__
6294	__structure_only__
6295	__structure_only__
6296	__structure_only__
6297	__structure_only__
6298	__structure_only__
6299	__structure_only__
6322	__structure_only__
6323	__structure_only__
6324	__structure_only__
6325	__structure_only__
6326	__structure_only__
6327	__structure_only__
6328	__structure_only__
6329	__structure_only__
6332	__structure_only__
6333	__structure_only__
6334	__structure_only__
6335	__structure_only__
6336	__structure_only__
6337	__structure_only__
6338	__structure_only__
6339	__structure_only__
6342	__structure_only__
6343	__structure_only__
6344	__structure_only__
6345	__structure_only__
6346	__structure_only__
6347	__structure_only__
6348	__structure_only__
6349	__structure_only__
6352	__structure_only__
6353	__structure_only__
6354	__structure_only__
6355	__structure_only__
6356	__structure_only__
6357	__structure_only__
6358	__structure_only__
6359	__structure_only__
6362	__structure_only__
6363	__structure_only__
6364	__structure_only__
6365	__structure_only__
6366	__structure_only__
6367	__structure_only__
6368	__structure_only__
6369	__structure_only__
6372	__structure_only__
6373	__structure_only__
6374	__structure_only__
6375	__structure_only__
6376	__structure_only__
6377	__structure_only__
6378	__structure_only__
6379	__structure_only__
6382	__structure_only__
6383	__structure_only__
6384	__structure_only__
6385	__structure_only__
6386	__structure_only__
6387	__structure_only__
6388	__structure_only__
6389	__structure_only__
6392	__structure_only__
6393	__structure_only__
6394	__structure_only__
6395	__structure_only__
6396	__structure_only__
6397	__structure_only__
6398	__structure_only__
6399	__structure_only__
6422	__structure_only__
6423	__structure_only__
6424	__structure_only__
6425	__structure_only__
6426	__structure_only__
6427	__structure_only__
6428	__structure_only__
6429	__structure_only__
6432	__structure_only__
6433	__structure_only__
6434	__structure_only__
6435	__structure_only__
6436	__structure_only__
6437	__structure_only__
6438	__structure_only__
6439	__structure_only__
6442	__structure_only__
6443	__structure_only__
6444	__structure_only__
6445	__structure_only__
6446	__structure_only__
6447	__structure_only__
6448	__structure_only__
6449	__structure_only__
6452	__structure_only__
6453	__structure_only__
6454	__structure_only__
6455	__structure_only__
6456	__structure_only__
6457	__structure_only__
6458	__structure_only__
6459	__structure_only__
6462	__structure_only__
6463	__structure_only__
6464	__structure_only__
6465	__structure_only__
6466	__structure_only__
6467	__structure_only__
6468	__structure_only__
6469	__structure_only__
6472	__structure_only__
6473	__structure_only__
6474	__structure_only__
6475	__structure_only__
6476	__structure_only__
6477	__structure_only__
6478	__structure_only__
6479	__structure_only__
6482	__structure_only__
6483	__structure_only__
6484	__structure_only__
6485	__structure_only__
6486	__structure_only__
6487	__structure_only__
6488	__structure_only__
6489	__structure_only__
6492	__structure_only__
6493	__structure_only__
6494	__structure_only__
6495	__structure_only__
6496	__structure_only__
6497	__structure_only__
6498	__structure_only__
6499	__structure_only__
6522	__structure_only__
6523	__structure_only__
6524	__structure_only__
6525	__structure_only__
6526	__structure_only__
6527	__structure_only__
6528	__structure_only__
6529	__structure_only__
6532	__structure_only__
6533	__structure_only__
6534	__structure_only__
6535	__structure_only__
6536	__structure_only__
6537	__structure_only__
6538	__structure_only__
6539	__structure_only__
6542	__structure_only__
6543	__structure_only__
6544	__structure_only__
6545	__structure_only__
6546	__structure_only__
6547	__structure_only__
6548	__structure_only__
6549	__structure_only__
6552	__structure_only__
6553	__structure_only__
6554	__structure_only__
6555	__structure_only__
6556	__structure_only__
6557	__structure_only__
6558	__structure_only__
6559	__structure_only__
6562	__structure_only__
6563	__structure_only__
6564	__structure_only__
6565	__structure_only__
6566	__structure_only__
6567	__structure_only__
6568	__structure_only__
6569	__structure_only__
6572	__structure_only__
6573	__structure_only__
6574	__structure_only__
6575	__structure_only__
6576	__structure_only__
6577	__structure_only__
6578	__structure_only__
6579	__structure_only__
6582	__structure_only__
6583	__structure_only__
6584	__structure_only__
6585	__structure_only__
6586	__structure_only__
6587	__structure_only__
6588	__structure_only__
6589	__structure_only__
6592	__structure_only__
6593	__structure_only__
6594	__structure_only__
6595	__structure_only__
6596	__structure_only__
6597	__structure_only__
6598	__structure_only__
6599	__structure_only__
6622	__structure_only__
6623	__structure_only__
6624	__structure_only__
6625	__structure_only__
6626	__structure_only__
6627	__structure_only__
6628	__structure_only__
6629	__structure_only__
6632	__structure_only__
6633	__structure_only__
6634	__structure_only__
6635	__structure_only__
6636	__structure_only__
6637	__structure_only__
6638	__structure_only__
6639	__structure_only__
6642	__structure_only__
6643	__structure_only__
6644	__structure_only__
6645	__structure_only__
6646	__structure_only__
6647	__structure_only__
6648	__structure_only__
6649	__structure_only__
6652	__structure_only__
6653	__structure_only__
6654	__structure_only__
6655	__structure_only__
6656	__structure_only__
6657	__structure_only__
6658	__structure_only__
6659	__structure_only__
6662	__structure_only__
6663	__structure_only__
6664	__structure_only__
6665	__structure_only__
6666	__structure_only__
6667	__structure_only__
6668	__structure_only__
6669	__structure_only__
6672	__structure_only__
6673	__structure_only__
6674	__structure_only__
6675	__structure_only__
6676	__structure_only__
6677	__structure_only__
6678	__structure_only__
6679	__structure_only__
6682	__structure_only__
6683	__structure_only__
6684	__structure_only__
6685	__structure_only__
6686	__structure_only__
6687	__structure_only__
6688	__structure_only__
6689	__structure_only__
6692	__structure_only__
6693	__structure_only__
6694	__structure_only__
6695	__structure_only__
6696	__structure_only__
6697	__structure_only__
6698	__structure_only__
6699	__structure_only__
6722	__structure_only__
6723	__structure_only__
6724	__structure_only__
6725	__structure_only__
6726	__structure_only__
6727	__structure_only__
6728	__structure_only__
6729	__structure_only__
6732	__structure_only__
6733	__structure_only__
6734	__structure_only__
6735	__structure_only__
6736	__structure_only__
6737	__structure_only__
6738	__structure_only__
6739	__structure_only__
6742	__structure_only__
6743	__structure_only__
6744	__structure_only__
6745	__structure_only__
6746	__structure_only__
6747	__structure_only__
6748	__structure_only__
6749	__structure_only__
6752	__structure_only__
6753	__structure_only__
6754	__structure_only__
6755	__structure_only__
6756	__structure_only__
6757	__structure_only__
6758	__structure_only__
6759	__structure_only__
6762	__structure_only__
6763	__structure_only__
6764	__structure_only__
6765	__structure_only__
6766	__structure_only__
6767	__structure_only__
6768	__structure_only__
6769	__structure_only__
6772	__structure_only__
6773	__structure_only__
6774	__structure_only__
6775	__structure_only__
6776	__structure_only__
6777	__structure_only__
6778	__structure_only__
6779	__structure_only__
6782	__structure_only__
6783	__structure_only__
6784	__structure_only__
6785	__structure_only__
6786	__structure_only__
6787	__structure_only__
6788	__structure_only__
6789	__structure_only__
6792	__structure_only__
6793	__structure_only__
6794	__structure_only__
6795	__structure_only__
6796	__structure_only__
6797	__structure_only__
6798	__structure_only__
6799	__structure_only__
6822	__structure_only__
6823	__structure_only__
6824	__structure_only__
6825	__structure_only__
6826	__structure_only__
6827	__structure_only__
6828	__structure_only__
6829	__structure_only__
6832	__structure_only__
6833	__structure_only__
6834	__structure_only__
6835	__structure_only__
6836	__structure_only__
6837	__structure_only__
6838	__structure_only__
6839	__structure_only__
6842	__structure_only__
6843	__structure_only__
6844	__structure_only__
6845	__structure_only__
6846	__structure_only__
6847	__structure_only__
6848	__structure_only__
6849	__structure_only__
6852	__structure_only__
6853	__structure_only__
6854	__structure_only__
6855	__structure_only__
6856	__structure_only__
6857	__structure_only__
6858	__structure_only__
6859	__structure_only__
6862	__structure_only__
6863	__structure_only__
6864	__structure_only__
6865	__structure_only__
6866	__structure_only__
6867	__structure_only__
6868	__structure_only__
6869	__structure_only__
6872	__structure_only__
6873	__structure_only__
6874	__structure_only__
6875	__structure_only__
6876	__structure_only__
6877	__structure_only__
6878	__structure_only__
6879	__structure_only__
6882	__structure_only__
6883	__structure_only__
6884	__structure_only__
6885	__structure_only__
6886	__structure_only__
6887	__structure_only__
6888	__structure_only__
6889	__structure_only__
6892	__structure_only__
6893	__structure_only__
6894	__structure_only__
6895	__structure_only__
6896	__structure_only__
6897	__structure_only__
6898	__structure_only__
6899	__structure_only__
6922	__structure_only__
6923	__structure_only__
6924	__structure_only__
6925	__structure_only__
6926	__structure_only__
6927	__structure_only__
6928	__structure_only__
6929	__structure_only__
6932	__structure_only__
6933	__structure_only__
6934	__structure_only__
6935	__structure_only__
6936	__structure_only__
6937	__structure_only__
6938	__structure_only__
6939	__structure_only__
6942	__structure_only__
6943	__structure_only__
6944	__structure_only__
6945	__structure_only__
6946	__structure_only__
6947	__structure_only__
6948	__structure_only__
6949	__structure_only__
6952	__structure_only__
6953	__structure_only__
6954	__structure_only__
6955	__structure_only__
6956	__structure_only__
6957	__structure_only__
6958	__structure_only__
6959	__structure_only__
6962	__structure_only__
6963	__structure_only__
6964	__structure_only__
6965	__structure_only__
6966	__structure_only__
6967	__structure_only__
6968	__structure_only__
6969	__structure_only__
6972	__structure_only__
6973	__structure_only__
6974	__structure_only__
6975	__structure_only__
6976	__structure_only__
6977	__structure_only__
6978	__structure_only__
6979	__structure_only__
6982	__structure_only__
6983	__structure_only__
6984	__structure_only__
6985	__structure_only__
6986	__structure_only__
6987	__structure_only__
6988	__structure_only__
6989	__structure_only__
6992	__structure_only__
6993	__structure_only__
6994	__structure_only__
6995	__structure_only__
6996	__structure_only__
6997	__structure_only__
6998	__structure_only__
6999	__structure_only__
7222	__structure_only__
7223	__structure_only__
7224	__structure_only__
7225	__structure_only__
7226	__structure_only__
7227	__structure_only__
7228	__structure_only__
7229	__structure_only__
7232	__structure_only__
7233	__structure_only__
7234	__structure_only__
7235	__structure_only__
7236	__structure_only__
7237	__structure_only__
7238	__structure_only__
7239	__structure_only__
7242	__structure_only__
7243	__structure_only__
7244	__structure_only__
7245	__structure_only__
7246	__structure_only__
7247	__structure_only__
7248	__structure_only__
7249	__structure_only__
7252	__structure_only__
7253	__structure_only__
7254	__structure_only__
7255	__structure_only__
7256	__structure_only__
7257	__structure_only__
7258	__structure_only__
7259	__structure_only__
7262	__structure_only__
7263	__structure_only__
7264	__structure_only__
7265	__structure_only__
7266	__structure_only__
7267	__structure_only__
7268	__structure_only__
7269	__structure_only__
7272	__structure_only__
7273	__structure_only__
7274	__structure_only__
7275	__structure_only__
7276	__structure_only__
7277	__structure_only__
7278	__structure_only__
7279	__structure_only__
7282	__structure_only__
7283	__structure_only__
7284	__structure_only__
7285	__structure_only__
7286	__structure_only__
7287	__structure_only__
7288	__structure_only__
7289	__structure_only__
7292	__structure_only__
7293	__structure_only__
7294	__structure_only__
7295	__structure_only__
7296	__structure_only__
7297	__structure_only__
7298	__structure_only__
7299	__structure_only__
7322	__structure_only__
7323	__structure_only__
7324	__structure_only__
7325	__structure_only__
7326	__structure_only__
7327	__structure_only__
7328	__structure_only__
7329	__structure_only__
7332	__structure_only__
7333	__structure_only__
7334	__structure_only__
7335	__structure_only__
7336	__structure_only__
7337	__structure_only__
7338	__structure_only__
7339	__structure_only__
7342	__structure_only__
7343	__structure_only__
7344	__structure_only__
7345	__structure_only__
7346	__structure_only__
7347	__structure_only__
7348	__structure_only__
7349	__structure_only__
7352	__structure_only__
7353	__structure_only__
7354	__structure_only__
7355	__structure_only__
7356	__structure_only__
7357	__structure_only__
7358	__structure_only__
7359	__structure_only__
7362	__structure_only__
7363	__structure_only__
7364	__structure_only__
7365	__structure_only__
7366	__structure_only__
7367	__structure_only__
7368	__structure_only__
7369	__structure_only__
7372	__structure_only__
7373	__structure_only__
7374	__structure_only__
7375	__structure_only__
7376	__structure_only__
7377	__structure_only__
7378	__structure_only__
7379	__structure_only__
7382	__structure_only__
7383	__structure_only__
7384	__structure_only__
7385	__structure_only__
7386	__structure_only__
7387	__structure_only__
7388	__structure_only__
7389	__structure_only__
7392	__structure_only__
7393	__structure_only__
7394	__structure_only__
7395	__structure_only__
7396	__structure_only__
7397	__structure_only__
7398	__structure_only__
7399	__structure_only__
7422	__structure_only__
7423	__structure_only__
7424	__structure_only__
7425	__structure_only__
7426	__structure_only__
7427	__structure_only__
7428	__structure_only__
7429	__structure_only__
7432	__structure_only__
7433	__structure_only__
7434	__structure_only__
7435	__structure_only__
7436	__structure_only__
7437	__structure_only__
7438	__structure_only__
7439	__structure_only__
7442	__structure_only__
7443	__structure_only__
7444	__structure_only__
7445	__structure_only__
7446	__structure_only__
7447	__structure_only__
7448	__structure_only__
7449	__structure_only__
7452	__structure_only__
7453	__structure_only__
7454	__structure_only__
7455	__structure_only__
7456	__structure_only__
7457	__structure_only__
7458	__structure_only__
7459	__structure_only__
7462	__structure_only__
7463	__structure_only__
7464	__structure_only__
7465	__structure_only__
7466	__structure_only__
7467	__structure_only__
7468	__structure_only__
7469	__structure_only__
7472	__structure_only__
7473	__structure_only__
7474	__structure_only__
7475	__structure_only__
7476	__structure_only__
7477	__structure_only__
7478	__structure_only__
7479	__structure_only__
7482	__structure_only__
7483	__structure_only__
7484	__structure_only__
7485	__structure_only__
7486	__structure_only__
7487	__structure_only__
7488	__structure_only__
7489	__structure_only__
7492	__structure_only__
7493	__structure_only__
7494	__structure_only__
7495	__structure_only__
7496	__structure_only__
7497	__structure_only__
7498	__structure_only__
7499	__structure_only__
7522	__structure_only__
7523	__structure_only__
7524	__structure_only__
7525	__structure_only__
7526	__structure_only__
7527	__structure_only__
7528	__structure_only__
7529	__structure_only__
7532	__structure_only__
7533	__structure_only__
7534	__structure_only__
7535	__structure_only__
7536	__structure_only__
7537	__structure_only__
7538	__structure_only__
7539	__structure_only__
7542	__structure_only__
7543	__structure_only__
7544	__structure_only__
7545	__structure_only__
7546	__structure_only__
7547	__structure_only__
7548	__structure_only__
7549	__structure_only__
7552	__structure_only__
7553	__structure_only__
7554	__structure_only__
7555	__structure_only__
7556	__structure_only__
7557	__structure_only__
7558	__structure_only__
7559	__structure_only__
7562	__structure_only__
7563	__structure_only__
7564	__structure_only__
7565	__structure_only__
7566	__structure_only__
7567	__structure_only__
7568	__structure_only__
7569	__structure_only__
7572	__structure_only__
7573	__structure_only__
7574	__structure_only__
7575	__structure_only__
7576	__structure_only__
7577	__structure_only__
7578	__structure_only__
7579	__structure_only__
7582	__structure_only__
7583	__structure_only__
7584	__structure_only__
7585	__structure_only__
7586	__structure_only__
7587	__structure_only__
7588	__structure_only__
7589	__structure_only__
7592	__structure_only__
7593	__structure_only__
7594	__structure_only__
7595	__structure_only__
7596	__structure_only__
7597	__structure_only__
7598	__structure_only__
7599	__structure_only__
7622	__structure_only__
7623	__structure_only__
7624	__structure_only__
7625	__structure_only__
7626	__structure_only__
7627	__structure_only__
7628	__structure_only__
7629	__structure_only__
7632	__structure_only__
7633	__structure_only__
7634	__structure_only__
7635	__structure_only__
7636	__structure_only__
7637	__structure_only__
7638	__structure_only__
7639	__structure_only__
7642	__structure_only__
7643	__structure_only__
7644	__structure_only__
7645	__structure_only__
7646	__structure_only__
7647	__structure_only__
7648	__structure_only__
7649	__structure_only__
7652	__structure_only__
7653	__structure_only__
7654	__structure_only__
7655	__structure_only__
7656	__structure_only__
7657	__structure_only__
7658	__structure_only__
7659	__structure_only__
7662	__structure_only__
7663	__structure_only__
7664	__structure_only__
7665	__structure_only__
7666	__structure_only__
7667	__structure_only__
7668	__structure_only__
7669	__structure_only__
7672	__structure_only__
7673	__structure_only__
7674	__structure_only__
7675	__structure_only__
7676	__structure_only__
7677	__structure_only__
7678	__structure_only__
7679	__structure_only__
7682	__structure_only__
7683	__structure_only__
7684	__structure_only__
7685	__structure_only__
7686	__structure_only__
7687	__structure_only__
7688	__structure_only__
7689	__structure_only__
7692	__structure_only__
7693	__structure_only__
7694	__structure_only__
7695	__structure_only__
7696	__structure_only__
7697	__structure_only__
7698	__structure_only__
7699	__structure_only__
7722	__structure_only__
7723	__structure_only__
7724	__structure_only__
7725	__structure_only__
7726	__structure_only__
7727	__structure_only__
7728	__structure_only__
7729	__structure_only__
7732	__structure_only__
7733	__structure_only__
7734	__structure_only__
7735	__structure_only__
7736	__structure_only__
7737	__structure_only__
7738	__structure_only__
7739	__structure_only__
7742	__structure_only__
7743	__structure_only__
7744	__structure_only__
7745	__structure_only__
7746	__structure_only__
7747	__structure_only__
7748	__structure_only__
7749	__structure_only__
7752	__structure_only__
7753	__structure_only__
7754	__structure_only__
7755	__structure_only__
7756	__structure_only__
7757	__structure_only__
7758	__structure_only__
7759	__structure_only__
7762	__structure_only__
7763	__structure_only__
7764	__structure_only__
7765	__structure_only__
7766	__structure_only__
7767	__structure_only__
7768	__structure_only__
7769	__structure_only__
7772	__structure_only__
7773	__structure_only__
7774	__structure_only__
7775	__structure_only__
7776	__structure_only__
7777	__structure_only__
7778	__structure_only__
7779	__structure_only__
7782	__structure_only__
7783	__structure_only__
7784	__structure_only__
7785	__structure_only__
7786	__structure_only__
7787	__structure_only__
7788	__structure_only__
7789	__structure_only__
7792	__structure_only__
7793	__structure_only__
7794	__structure_only__
7795	__structure_only__
7796	__structure_only__
7797	__structure_only__
7798	__structure_only__
7799	__structure_only__
7822	__structure_only__
7823	__structure_only__
7824	__structure_only__
7825	__structure_only__
7826	__structure_only__
7827	__structure_only__
7828	__structure_only__
7829	__structure_only__
7832	__structure_only__
7833	__structure_only__
7834	__structure_only__
7835	__structure_only__
7836	__structure_only__
7837	__structure_only__
7838	__structure_only__
7839	__structure_only__
7842	__structure_only__
7843	__structure_only__
7844	__structure_only__
7845	__structure_only__
7846	__structure_only__
7847	__structure_only__
7848	__structure_only__
7849	__structure_only__
7852	__structure_only__
7853	__structure_only__
7854	__structure_only__
7855	__structure_only__
7856	__structure_only__
7857	__structure_only__
7858	__structure_only__
7859	__structure_only__
7862	__structure_only__
7863	__structure_only__
7864	__structure_only__
7865	__structure_only__
7866	__structure_only__
7867	__structure_only__
7868	__structure_only__
7869	__structure_only__
7872	__structure_only__
7873	__structure_only__
7874	__structure_only__
7875	__structure_only__
7876	__structure_only__
7877	__structure_only__
7878	__structure_only__
7879	__structure_only__
7882	__structure_only__
7883	__structure_only__
7884	__structure_only__
7885	__structure_only__
7886	__structure_only__
7887	__structure_only__
7888	__structure_only__
7889	__structure_only__
7892	__structure_only__
7893	__structure_only__
7894	__structure_only__
7895	__structure_only__
7896	__structure_only__
7897	__structure_only__
7898	__structure_only__
7899	__structure_only__
7922	__structure_only__
7923	__structure_only__
7924	__structure_only__
7925	__structure_only__
7926	__structure_only__
7927	__structure_only__
7928	__structure_only__
7929	__structure_only__
7932	__structure_only__
7933	__structure_only__
7934	__structure_only__
7935	__structure_only__
7936	__structure_only__
7937	__structure_only__
7938	__structure_only__
7939	__structure_only__
7942	__structure_only__
7943	__structure_only__
7944	__structure_only__
7945	__structure_only__
7946	__structure_only__
7947	__structure_only__
7948	__structure_only__
7949	__structure_only__
7952	__structure_only__
7953	__structure_only__
7954	__structure_only__
7955	__structure_only__
7956	__structure_only__
7957	__structure_only__
7958	__structure_only__
7959	__structure_only__
7962	__structure_only__
7963	__structure_only__
7964	__structure_only__
7965	__structure_only__
7966	__structure_only__
7967	__structure_only__
7968	__structure_only__
7969	__structure_only__
7972	__structure_only__
7973	__structure_only__
7974	__structure_only__
7975	__structure_only__
7976	__structure_only__
7977	__structure_only__
7978	__structure_only__
7979	__structure_only__
7982	__structure_only__
7983	__structure_only__
7984	__structure_only__
7985	__structure_only__
7986	__structure_only__
7987	__structure_only__
7988	__structure_only__
7989	__structure_only__
7992	__structure_only__
7993	__structure_only__
7994	__structure_only__
7995	__structure_only__
7996	__structure_only__
7997	__structure_only__
7998	__structure_only__
7999	__structure_only__
8222	__structure_only__
8223	__structure_only__
8224	__structure_only__
8225	__structure_only__
8226	__structure_only__
8227	__structure_only__
8228	__structure_only__
8229	__structure_only__
8232	__structure_only__
8233	__structure_only__
8234	__structure_only__
8235	__structure_only__
8236	__structure_only__
8237	__structure_only__
8238	__structure_only__
8239	__structure_only__
8242	__structure_only__
8243	__structure_only__
8244	__structure_only__
8245	__structure_only__
8246	__structure_only__
8247	__structure_only__
8248	__structure_only__
8249	__structure_only__
8252	__structure_only__
8253	__structure_only__
8254	__structure_only__
8255	__structure_only__
8256	__structure_only__
8257	__structure_only__
8258	__structure_only__
8259	__structure_only__
8262	__structure_only__
8263	__structure_only__
8264	__structure_only__
8265	__structure_only__
8266	__structure_only__
8267	__structure_only__
8268	__structure_only__
8269	__structure_only__
8272	__structure_only__
8273	__structure_only__
8274	__structure_only__
8275	__structure_only__
8276	__structure_only__
8277	__structure_only__
8278	__structure_only__
8279	__structure_only__
8282	__structure_only__
8283	__structure_only__
8284	__structure_only__
8285	__structure_only__
8286	__structure_only__
8287	__structure_only__
8288	__structure_only__
8289	__structure_only__
8292	__structure_only__
8293	__structure_only__
8294	__structure_only__
8295	__structure_only__
8296	__structure_only__
8297	__structure_only__
8298	__structure_only__
8299	__structure_only__
8322	__structure_only__
8323	__structure_only__
8324	__structure_only__
8325	__structure_only__
8326	__structure_only__
8327	__structure_only__
8328	__structure_only__
8329	__structure_only__
8332	__structure_only__
8333	__structure_only__
8334	__structure_only__
8335	__structure_only__
8336	__structure_only__
8337	__structure_only__
8338	__structure_only__
8339	__structure_only__
8342	__structure_only__
8343	__structure_only__
8344	__structure_only__
8345	__structure_only__
8346	__structure_only__
8347	__structure_only__
8348	__structure_only__
8349	__structure_only__
8352	__structure_only__
8353	__structure_only__
8354	__structure_only__
8355	__structure_only__
8356	__structure_only__
8357	__structure_only__
8358	__structure_only__
8359	__structure_only__
8362	__structure_only__
8363	__structure_only__
8364	__structure_only__
8365	__structure_only__
8366	__structure_only__
8367	__structure_only__
8368	__structure_only__
8369	__structure_only__
8372	__structure_only__
8373	__structure_only__
8374	__structure_only__
8375	__structure_only__
8376	__structure_only__
8377	__structure_only__
8378	__structure_only__
8379	__structure_only__
8382	__structure_only__
8383	__structure_only__
8384	__structure_only__
8385	__structure_only__
8386	__structure_only__
8387	__structure_only__
8388	__structure_only__
8389	__structure_only__
8392	__structure_only__
8393	__structure_only__
8394	__structure_only__
8395	__structure_only__
8396	__structure_only__
8397	__structure_only__
8398	__structure_only__
8399	__structure_only__
8422	__structure_only__
8423	__structure_only__
8424	__structure_only__
8425	__structure_only__
8426	__structure_only__
8427	__structure_only__
8428	__structure_only__
8429	__structure_only__
8432	__structure_only__
8433	__structure_only__
8434	__structure_only__
8435	__structure_only__
8436	__structure_only__
8437	__structure_only__
8438	__structure_only__
8439	__structure_only__
8442	__structure_only__
8443	__structure_only__
8444	__structure_only__
8445	__structure_only__
8446	__structure_only__
8447	__structure_only__
8448	__structure_only__
8449	__structure_only__
8452	__structure_only__
8453	__structure_only__
8454	__structure_only__
8455	__structure_only__
8456	__structure_only__
8457	__structure_only__
8458	__structure_only__
8459	__structure_only__
8462	__structure_only__
8463	__structure_only__
8464	__structure_only__
8465	__structure_only__
8466	__structure_only__
8467	__structure_only__
8468	__structure_only__
8469	__structure_only__
8472	__structure_only__
8473	__structure_only__
8474	__structure_only__
8475	__structure_only__
8476	__structure_only__
8477	__structure_only__
8478	__structure_only__
8479	__structure_only__
8482	__structure_only__
8483	__structure_only__
8484	__structure_only__
8485	__structure_only__
8486	__structure_only__
8487	__structure_only__
8488	__structure_only__
8489	__structure_only__
8492	__structure_only__
8493	__structure_only__
8494	__structure_only__
8495	__structure_only__
8496	__structure_only__
8497	__structure_only__
8498	__structure_only__
8499	__structure_only__
8522	__structure_only__
8523	__structure_only__
8524	__structure_only__
8525	__structure_only__
8526	__structure_only__
8527	__structure_only__
8528	__structure_only__
8529	__structure_only__
8532	__structure_only__
8533	__structure_only__
8534	__structure_only__
8535	__structure_only__
8536	__structure_only__
8537	__structure_only__
8538	__structure_only__
8539	__structure_only__
8542	__structure_only__
8543	__structure_only__
8544	__structure_only__
8545	__structure_only__
8546	__structure_only__
8547	__structure_only__
8548	__structure_only__
8549	__structure_only__
8552	__structure_only__
8553	__structure_only__
8554	__structure_only__
8555	__structure_only__
8556	__structure_only__
8557	__structure_only__
8558	__structure_only__
8559	__structure_only__
8562	__structure_only__
8563	__structure_only__
8564	__structure_only__
8565	__structure_only__
8566	__structure_only__
8567	__structure_only__
8568	__structure_only__
8569	__structure_only__
8572	__structure_only__
8573	__structure_only__
8574	__structure_only__
8575	__structure_only__
8576	__structure_only__
8577	__structure_only__
8578	__structure_only__
8579	__structure_only__
8582	__structure_only__
8583	__structure_only__
8584	__structure_only__
8585	__structure_only__
8586	__structure_only__
8587	__structure_only__
8588	__structure_only__
8589	__structure_only__
8592	__structure_only__
8593	__structure_only__
8594	__structure_only__
8595	__structure_only__
8596	__structure_only__
8597	__structure_only__
8598	__structure_only__
8599	__structure_only__
8622	__structure_only__
8623	__structure_only__
8624	__structure_only__
8625	__structure_only__
8626	__structure_only__
8627	__structure_only__
8628	__structure_only__
8629	__structure_only__
8632	__structure_only__
8633	__structure_only__
8634	__structure_only__
8635	__structure_only__
8636	__structure_only__
8637	__structure_only__
8638	__structure_only__
8639	__structure_only__
8642	__structure_only__
8643	__structure_only__
8644	__structure_only__
8645	__structure_only__
8646	__structure_only__
8647	__structure_only__
8648	__structure_only__
8649	__structure_only__
8652	__structure_only__
8653	__structure_only__
8654	__structure_only__
8655	__structure_only__
8656	__structure_only__
8657	__structure_only__
8658	__structure_only__
8659	__structure_only__
8662	__structure_only__
8663	__structure_only__
8664	__structure_only__
8665	__structure_only__
8666	__structure_only__
8667	__structure_only__
8668	__structure_only__
8669	__structure_only__
8672	__structure_only__
8673	__structure_only__
8674	__structure_only__
8675	__structure_only__
8676	__structure_only__
8677	__structure_only__
8678	__structure_only__
8679	__structure_only__
8682	__structure_only__
8683	__structure_only__
8684	__structure_only__
8685	__structure_only__
8686	__structure_only__
8687	__structure_only__
8688	__structure_only__
8689	__structure_only__
8692	__structure_only__
8693	__structure_only__
8694	__structure_only__
8695	__structure_only__
8696	__structure_only__
8697	__structure_only__
8698	__structure_only__
8699	__structure_only__
8722	__structure_only__
8723	__structure_only__
8724	__structure_only__
8725	__structure_only__
8726	__structure_only__
8727	__structure_only__
8728	__structure_only__
8729	__structure_only__
8732	__structure_only__
8733	__structure_only__
8734	__structure_only__
8735	__structure_only__
8736	__structure_only__
8737	__structure_only__
8738	__structure_only__
8739	__structure_only__
8742	__structure_only__
8743	__structure_only__
8744	__structure_only__
8745	__structure_only__
8746	__structure_only__
8747	__structure_only__
8748	__structure_only__
8749	__structure_only__
8752	__structure_only__
8753	__structure_only__
8754	__structure_only__
8755	__structure_only__
8756	__structure_only__
8757	__structure_only__
8758	__structure_only__
8759	__structure_only__
8762	__structure_only__
8763	__structure_only__
8764	__structure_only__
8765	__structure_only__
8766	__structure_only__
8767	__structure_only__
8768	__structure_only__
8769	__structure_only__
8772	__structure_only__
8773	__structure_only__
8774	__structure_only__
8775	__structure_only__
8776	__structure_only__
8777	__structure_only__
8778	__structure_only__
8779	__structure_only__
8782	__structure_only__
8783	__structure_only__
8784	__structure_only__
8785	__structure_only__
8786	__structure_only__
8787	__structure_only__
8788	__structure_only__
8789	__structure_only__
8792	__structure_only__
8793	__structure_only__
8794	__structure_only__
8795	__structure_only__
8796	__structure_only__
8797	__structure_only__
8798	__structure_only__
8799	__structure_only__
8822	__structure_only__
8823	__structure_only__
8824	__structure_only__
8825	__structure_only__
8826	__structure_only__
8827	__structure_only__
8828	__structure_only__
8829	__structure_only__
8832	__structure_only__
8833	__structure_only__
8834	__structure_only__
8835	__structure_only__
8836	__structure_only__
8837	__structure_only__
8838	__structure_only__
8839	__structure_only__
8842	__structure_only__
8843	__structure_only__
8844	__structure_only__
8845	__structure_only__
8846	__structure_only__
8847	__structure_only__
8848	__structure_only__
8849	__structure_only__
8852	__structure_only__
8853	__structure_only__
8854	__structure_only__
8855	__structure_only__
8856	__structure_only__
8857	__structure_only__
8858	__structure_only__
8859	__structure_only__
8862	__structure_only__
8863	__structure_only__
8864	__structure_only__
8865	__structure_only__
8866	__structure_only__
8867	__structure_only__
8868	__structure_only__
8869	__structure_only__
8872	__structure_only__
8873	__structure_only__
8874	__structure_only__
8875	__structure_only__
8876	__structure_only__
8877	__structure_only__
8878	__structure_only__
8879	__structure_only__
8882	__structure_only__
8883	__structure_only__
8884	__structure_only__
8885	__structure_only__
8886	__structure_only__
8887	__structure_only__
8888	__structure_only__
8889	__structure_only__
8892	__structure_only__
8893	__structure_only__
8894	__structure_only__
8895	__structure_only__
8896	__structure_only__
8897	__structure_only__
8898	__structure_only__
8899	__structure_only__
8922	__structure_only__
8923	__structure_only__
8924	__structure_only__
8925	__structure_only__
8926	__structure_only__
8927	__structure_only__
8928	__structure_only__
8929	__structure_only__
8932	__structure_only__
8933	__structure_only__
8934	__structure_only__
8935	__structure_only__
8936	__structure_only__
8937	__structure_only__
8938	__structure_only__
8939	__structure_only__
8942	__structure_only__
8943	__structure_only__
8944	__structure_only__
8945	__structure_only__
8946	__structure_only__
8947	__structure_only__
8948	__structure_only__
8949	__structure_only__
8952	__structure_only__
8953	__structure_only__
8954	__structure_only__
8955	__structure_only__
8956	__structure_only__
8957	__structure_only__
8958	__structure_only__
8959	__structure_only__
8962	__structure_only__
8963	__structure_only__
8964	__structure_only__
8965	__structure_only__
8966	__structure_only__
8967	__structure_only__
8968	__structure_only__
8969	__structure_only__
8972	__structure_only__
8973	__structure_only__
8974	__structure_only__
8975	__structure_only__
8976	__structure_only__
8977	__structure_only__
8978	__structure_only__
8979	__structure_only__
8982	__structure_only__
8983	__structure_only__
8984	__structure_only__
8985	__structure_only__
8986	__structure_only__
8987	__structure_only__
8988	__structure_only__
8989	__structure_only__
8992	__structure_only__
8993	__structure_only__
8994	__structure_only__
8995	__structure_only__
8996	__structure_only__
8997	__structure_only__
8998	__structure_only__
8999	__structure_only__
9222	__structure_only__
9223	__structure_only__
9224	__structure_only__
9225	__structure_only__
9226	__structure_only__
9227	__structure_only__
9228	__structure_only__
9229	__structure_only__
9232	__structure_only__
9233	__structure_only__
9234	__structure_only__
9235	__structure_only__
9236	__structure_only__
9237	__structure_only__
9238	__structure_only__
9239	__structure_only__
9242	__structure_only__
9243	__structure_only__
9244	__structure_only__
9245	__structure_only__
9246	__structure_only__
9247	__structure_only__
9248	__structure_only__
9249	__structure_only__
9252	__structure_only__
9253	__structure_only__
9254	__structure_only__
9255	__structure_only__
9256	__structure_only__
9257	__structure_only__
9258	__structure_only__
9259	__structure_only__
9262	__structure_only__
9263	__structure_only__
9264	__structure_only__
9265	__structure_only__
9266	__structure_only__
9267	__structure_only__
9268	__structure_only__
9269	__structure_only__
9272	__structure_only__
9273	__structure_only__
9274	__structure_only__
9275	__structure_only__
9276	__structure_only__
9277	__structure_only__
9278	__structure_only__
9279	__structure_only__
9282	__structure_only__
9283	__structure_only__
9284	__structure_only__
9285	__structure_only__
9286	__structure_only__
9287	__structure_only__
9288	__structure_only__
9289	__structure_only__
9292	__structure_only__
9293	__structure_only__
9294	__structure_only__
9295	__structure_only__
9296	__structure_only__
9297	__structure_only__
9298	__structure_only__
9299	__structure_only__
9322	__structure_only__
9323	__structure_only__
9324	__structure_only__
9325	__structure_only__
9326	__structure_only__
9327	__structure_only__
9328	__structure_only__
9329	__structure_only__
9332	__structure_only__
9333	__structure_only__
9334	__structure_only__
9335	__structure_only__
9336	__structure_only__
9337	__structure_only__
9338	__structure_only__
9339	__structure_only__
9342	__structure_only__
9343	__structure_only__
9344	__structure_only__
9345	__structure_only__
9346	__structure_only__
9347	__structure_only__
9348	__structure_only__
9349	__structure_only__
9352	__structure_only__
9353	__structure_only__
9354	__structure_only__
9355	__structure_only__
9356	__structure_only__
9357	__structure_only__
9358	__structure_only__
9359	__structure_only__
9362	__structure_only__
9363	__structure_only__
9364	__structure_only__
9365	__structure_only__
9366	__structure_only__
9367	__structure_only__
9368	__structure_only__
9369	__structure_only__
9372	__structure_only__
9373	__structure_only__
9374	__structure_only__
9375	__structure_only__
9376	__structure_only__
9377	__structure_only__
9378	__structure_only__
9379	__structure_only__
9382	__structure_only__
9383	__structure_only__
9384	__structure_only__
9385	__structure_only__
9386	__structure_only__
9387	__structure_only__
9388	__structure_only__
9389	__structure_only__
9392	__structure_only__
9393	__structure_only__
9394	__structure_only__
9395	__structure_only__
9396	__structure_only__
9397	__structure_only__
9398	__structure_only__
9399	__structure_only__
9422	__structure_only__
9423	__structure_only__
9424	__structure_only__
9425	__structure_only__
9426	__structure_only__
9427	__structure_only__
9428	__structure_only__
9429	__structure_only__
9432	__structure_only__
9433	__structure_only__
9434	__structure_only__
9435	__structure_only__
9436	__structure_only__
9437	__structure_only__
9438	__structure_only__
9439	__structure_only__
9442	__structure_only__
9443	__structure_only__
9444	__structure_only__
9445	__structure_only__
9446	__structure_only__
9447	__structure_only__
9448	__structure_only__
9449	__structure_only__
9452	__structure_only__
9453	__structure_only__
9454	__structure_only__
9455	__structure_only__
9456	__structure_only__
9457	__structure_only__
9458	__structure_only__
9459	__structure_only__
9462	__structure_only__
9463	__structure_only__
9464	__structure_only__
9465	__structure_only__
9466	__structure_only__
9467	__structure_only__
9468	__structure_only__
9469	__structure_only__
9472	__structure_only__
9473	__structure_only__
9474	__structure_only__
9475	__structure_only__
9476	__structure_only__
9477	__structure_only__
9478	__structure_only__
9479	__structure_only__
9482	__structure_only__
9483	__structure_only__
9484	__structure_only__
9485	__structure_only__
9486	__structure_only__
9487	__structure_only__
9488	__structure_only__
9489	__structure_only__
9492	__structure_only__
9493	__structure_only__
9494	__structure_only__
9495	__structure_only__
9496	__structure_only__
9497	__structure_only__
9498	__structure_only__
9499	__structure_only__
9522	__structure_only__
9523	__structure_only__
9524	__structure_only__
9525	__structure_only__
9526	__structure_only__
9527	__structure_only__
9528	__structure_only__
9529	__structure_only__
9532	__structure_only__
9533	__structure_only__
9534	__structure_only__
9535	__structure_only__
9536	__structure_only__
9537	__structure_only__
9538	__structure_only__
9539	__structure_only__
9542	__structure_only__
9543	__structure_only__
9544	__structure_only__
9545	__structure_only__
9546	__structure_only__
9547	__structure_only__
9548	__structure_only__
9549	__structure_only__
9552	__structure_only__
9553	__structure_only__
9554	__structure_only__
9555	__structure_only__
9556	__structure_only__
9557	__structure_only__
9558	__structure_only__
9559	__structure_only__
9562	__structure_only__
9563	__structure_only__
9564	__structure_only__
9565	__structure_only__
9566	__structure_only__
9567	__structure_only__
9568	__structure_only__
9569	__structure_only__
9572	__structure_only__
9573	__structure_only__
9574	__structure_only__
9575	__structure_only__
9576	__structure_only__
9577	__structure_only__
9578	__structure_only__
9579	__structure_only__
9582	__structure_only__
9583	__structure_only__
9584	__structure_only__
9585	__structure_only__
9586	__structure_only__
9587	__structure_only__
9588	__structure_only__
9589	__structure_only__
9592	__structure_only__
9593	__structure_only__
9594	__structure_only__
9595	__structure_only__
9596	__structure_only__
9597	__structure_only__
9598	__structure_only__
9599	__structure_only__
9622	__structure_only__
9623	__structure_only__
9624	__structure_only__
9625	__structure_only__
9626	__structure_only__
9627	__structure_only__
9628	__structure_only__
9629	__structure_only__
9632	__structure_only__
9633	__structure_only__
9634	__structure_only__
9635	__structure_only__
9636	__structure_only__
9637	__structure_only__
9638	__structure_only__
9639	__structure_only__
9642	__structure_only__
9643	__structure_only__
9644	__structure_only__
9645	__structure_only__
9646	__structure_only__
9647	__structure_only__
9648	__structure_only__
9649	__structure_only__
9652	__structure_only__
9653	__structure_only__
9654	__structure_only__
9655	__structure_only__
9656	__structure_only__
9657	__structure_only__
9658	__structure_only__
9659	__structure_only__
9662	__structure_only__
9663	__structure_only__
9664	__structure_only__
9665	__structure_only__
9666	__structure_only__
9667	__structure_only__
9668	__structure_only__
9669	__structure_only__
9672	__structure_only__
9673	__structure_only__
9674	__structure_only__
9675	__structure_only__
9676	__structure_only__
9677	__structure_only__
9678	__structure_only__
9679	__structure_only__
9682	__structure_only__
9683	__structure_only__
9684	__structure_only__
9685	__structure_only__
9686	__structure_only__
9687	__structure_only__
9688	__structure_only__
9689	__structure_only__
9692	__structure_only__
9693	__structure_only__
9694	__structure_only__
9695	__structure_only__
9696	__structure_only__
9697	__structure_only__
9698	__structure_only__
9699	__structure_only__
9722	__structure_only__
9723	__structure_only__
9724	__structure_only__
9725	__structure_only__
9726	__structure_only__
9727	__structure_only__
9728	__structure_only__
9729	__structure_only__
9732	__structure_only__
9733	__structure_only__
9734	__structure_only__
9735	__structure_only__
9736	__structure_only__
9737	__structure_only__
9738	__structure_only__
9739	__structure_only__
9742	__structure_only__
9743	__structure_only__
9744	__structure_only__
9745	__structure_only__
9746	__structure_only__
9747	__structure_only__
9748	__structure_only__
9749	__structure_only__
9752	__structure_only__
9753	__structure_only__
9754	__structure_only__
9755	__structure_only__
9756	__structure_only__
9757	__structure_only__
9758	__structure_only__
9759	__structure_only__
9762	__structure_only__
9763	__structure_only__
9764	__structure_only__
9765	__structure_only__
9766	__structure_only__
9767	__structure_only__
9768	__structure_only__
9769	__structure_only__
9772	__structure_only__
9773	__structure_only__
9774	__structure_only__
9775	__structure_only__
9776	__structure_only__
9777	__structure_only__
9778	__structure_only__
9779	__structure_only__
9782	__structure_only__
9783	__structure_only__
9784	__structure_only__
9785	__structure_only__
9786	__structure_only__
9787	__structure_only__
9788	__structure_only__
9789	__structure_only__
9792	__structure_only__
9793	__structure_only__
9794	__structure_only__
9795	__structure_only__
9796	__structure_only__
9797	__structure_only__
9798	__structure_only__
9799	__structure_only__
9822	__structure_only__
9823	__structure_only__
9824	__structure_only__
9825	__structure_only__
9826	__structure_only__
9827	__structure_only__
9828	__structure_only__
9829	__structure_only__
9832	__structure_only__
9833	__structure_only__
9834	__structure_only__
9835	__structure_only__
9836	__structure_only__
9837	__structure_only__
9838	__structure_only__
9839	__structure_only__
9842	__structure_only__
9843	__structure_only__
9844	__structure_only__
9845	__structure_only__
9846	__structure_only__
9847	__structure_only__
9848	__structure_only__
9849	__structure_only__
9852	__structure_only__
9853	__structure_only__
9854	__structure_only__
9855	__structure_only__
9856	__structure_only__
9857	__structure_only__
9858	__structure_only__
9859	__structure_only__
9862	__structure_only__
9863	__structure_only__
9864	__structure_only__
9865	__structure_only__
9866	__structure_only__
9867	__structure_only__
9868	__structure_only__
9869	__structure_only__
9872	__structure_only__
9873	__structure_only__
9874	__structure_only__
9875	__structure_only__
9876	__structure_only__
9877	__structure_only__
9878	__structure_only__
9879	__structure_only__
9882	__structure_only__
9883	__structure_only__
9884	__structure_only__
9885	__structure_only__
9886	__structure_only__
9887	__structure_only__
9888	__structure_only__
9889	__structure_only__
9892	__structure_only__
9893	__structure_only__
9894	__structure_only__
9895	__structure_only__
9896	__structure_only__
9897	__structure_only__
9898	__structure_only__
9899	__structure_only__
9922	__structure_only__
9923	__structure_only__
9924	__structure_only__
9925	__structure_only__
9926	__structure_only__
9927	__structure_only__
9928	__structure_only__
9929	__structure_only__
9932	__structure_only__
9933	__structure_only__
9934	__structure_only__
9935	__structure_only__
9936	__structure_only__
9937	__structure_only__
9938	__structure_only__
9939	__structure_only__
9942	__structure_only__
9943	__structure_only__
9944	__structure_only__
9945	__structure_only__
9946	__structure_only__
9947	__structure_only__
9948	__structure_only__
9949	__structure_only__
9952	__structure_only__
9953	__structure_only__
9954	__structure_only__
9955	__structure_only__
9956	__structure_only__
9957	__structure_only__
9958	__structure_only__
9959	__structure_only__
9962	__structure_only__
9963	__structure_only__
9964	__structure_only__
9965	__structure_only__
9966	__structure_only__
9967	__structure_only__
9968	__structure_only__
9969	__structure_only__
9972	__structure_only__
9973	__structure_only__
9974	__structure_only__
9975	__structure_only__
9976	__structure_only__
9977	__structure_only__
9978	__structure_only__
9979	__structure_only__
9982	__structure_only__
9983	__structure_only__
9984	__structure_only__
9985	__structure_only__
9986	__structure_only__
9987	__structure_only__
9988	__structure_only__
9989	__structure_only__
9992	__structure_only__
9993	__structure_only__
9994	__structure_only__
9995	__structure_only__
9996	__structure_only__
9997	__structure_only__
9998	__structure_only__
9999	__structure_only__
